station,date,water_temp,discharge
08NM002,2024-10-19,10.1085714285714,9.67723404255319
08NM002,2024-10-20,12.19,9.70045454545455
08NM002,2024-10-21,12.14,9.74636363636364
08NM002,2024-10-22,12.375,9.70678571428572
08NM002,2024-10-23,12.275,9.68428571428571
08NM002,2024-10-24,12.12,9.63909090909091
08NM002,2024-10-25,11.595,9.60642857142857
08NM002,2024-10-26,11.6,9.55772727272727
08NM002,2024-10-27,11.84,9.60727272727273
08NM002,2024-10-28,11.39,9.55045454545455
08NM002,2024-10-29,11.28,9.54363636363636
08NM002,2024-10-30,10.775,9.49964285714286
08NM002,2024-10-31,10.75,9.44785714285714
08NM002,2024-11-01,10.63,9.43
08NM002,2024-11-02,10.716,9.43771428571429
08NM002,2024-11-03,10.42,9.426875
08NM002,2024-11-04,10.0166666666667,9.30671052631579
08NM002,2024-11-05,9.8,7.14454545454545
08NM002,2024-11-06,9.53,7.00392857142857
08NM002,2024-11-07,9.19,6.79178571428571
08NM002,2024-11-08,9.27,6.77
08NM002,2024-11-09,9.15,6.765
08NM002,2024-11-10,9.2,6.758125
08NM002,2024-11-11,9.02,6.768125
08NM002,2024-11-12,9.05333333333333,6.74524390243903
08NM002,2024-11-13,8.752,6.74081967213115
08NM002,2024-11-14,8.915,6.75
08NM002,2024-11-15,8.71,6.74170454545455
08NM002,2024-11-16,8,6.665625
08NM002,2024-11-17,7.9,6.69772727272727
08NM002,2024-11-18,7.98,6.690625
08NM002,2024-11-19,7.64,6.665
08NM002,2024-11-20,7.635,6.66730769230769
08NM002,2024-11-21,7.7,6.70538461538462
08NM002,2024-11-22,7.66,6.7225
08NM002,2024-11-23,7.79,6.72521739130435
08NM002,2024-11-24,7.77,6.71869565217391
08NM002,2024-11-25,7.61,6.73059027777778
08NM002,2024-11-26,7.36708333333333,6.74774305555556
08NM002,2024-11-27,7.05875,6.73409722222222
08NM002,2024-11-28,6.99416666666667,6.71829861111111
08NM002,2024-11-29,6.71416666666667,6.71420138888889
08NM002,2024-11-30,6.63,6.68652173913044
08NM002,2024-12-01,6.73,6.69086956521739
08NM002,2024-12-02,6.31,6.67269230769231
08NM002,2024-12-03,6.405,6.67192307692308
08NM002,2024-12-04,6.005,6.65655172413793
08NM002,2024-12-05,5.88,6.63538461538462
08NM002,2024-12-06,5.695,6.01541666666667
08NM002,2024-12-07,5.61,6.01869565217391
08NM002,2024-12-08,5.825,6.03846153846154
08NM002,2024-12-09,5.7,6.02260869565217
08NM002,2024-12-10,5.53,6.0248275862069
08NM002,2024-12-11,5.14,6.03206896551724
08NM002,2024-12-12,5.29,6.03896551724138
08NM002,2024-12-13,5.12,6.04709677419355
08NM002,2024-12-14,5.44,6.05129032258064
08NM002,2024-12-15,5.395,6.07285714285714
08NM002,2024-12-16,5.215,6.0824
08NM002,2024-12-17,5.215,6.08714285714286
08NM002,2024-12-18,5.115,6.15
08NM002,2024-12-19,5.15,6.13821428571429
08NM002,2024-12-20,5.235,6.148
08NM002,2024-12-21,5.065,6.15892857142857
08NM002,2024-12-22,5.105,6.1532
08NM002,2024-12-23,5.15,6.17786885245902
08NM002,2024-12-24,5.405,6.19714285714286
08NM002,2024-12-25,5.13,6.17642857142857
08NM002,2024-12-26,5.24,6.20285714285714
08NM002,2024-12-27,5.12,6.22
08NM002,2024-12-28,5.105,6.2436
08NM002,2024-12-29,5.145,6.28
08NM002,2024-12-30,5.05,6.27307692307692
08NM002,2024-12-31,4.765,6.25538461538462
08NM002,2025-01-01,4.795,6.28034482758621
08NM002,2025-01-02,4.695,6.28724137931034
08NM002,2025-01-03,4.675,6.30615384615385
08NM002,2025-01-04,4.67,6.31461538461538
08NM002,2025-01-05,4.76,6.35391304347826
08NM002,2025-01-06,4.81,6.37882352941176
08NM002,2025-01-07,4.565,6.3409375
08NM002,2025-01-08,4.425,6.3596875
08NM002,2025-01-09,4.305,6.3340625
08NM002,2025-01-10,4.3,6.28838709677419
08NM002,2025-01-11,4.32,6.30387096774194
08NM002,2025-01-12,4.335,6.32129032258065
08NM002,2025-01-13,3.965,6.31967741935484
08NM002,2025-01-14,3.98,6.39088235294118
08NM002,2025-01-15,3.885,6.38529411764706
08NM002,2025-01-16,3.825,6.40676470588235
08NM002,2025-01-17,3.7,6.41676470588235
08NM002,2025-01-18,3.675,6.39882352941176
08NM002,2025-01-19,3.316,6.41820895522388
08NM002,2025-01-20,3.315,6.35235294117647
08NM002,2025-01-21,3.4,6.35264705882353
08NM002,2025-01-22,3.29,6.35178571428571
08NM002,2025-01-23,3.21,6.35852941176471
08NM002,2025-01-24,3.195,6.38911764705882
08NM002,2025-01-25,3.02,6.37235294117647
08NM002,2025-01-26,2.77,6.34592592592593
08NM002,2025-01-27,2.175,6.34
08NM002,2025-01-28,2.18541666666667,6.33833333333333
08NM002,2025-01-29,2.48625,6.3105574912892
08NM002,2025-01-30,2.645,6.28545138888889
08NM002,2025-01-31,2.72625,6.29274305555556
08NM002,2025-02-01,2.64708333333333,6.3071875
08NM002,2025-02-02,2.71708333333333,6.30833333333333
08NM002,2025-02-03,2.155,6.31173611111111
08NM002,2025-02-04,0.841666666666667,6.28854166666667
08NM002,2025-02-05,0.374166666666667,6.48059027777778
08NM002,2025-02-06,0.364583333333333,8.86041666666667
08NM002,2025-02-07,0.336666666666667,8.84211805555556
08NM002,2025-02-08,0.445,8.80277777777778
08NM002,2025-02-09,0.710416666666667,8.79940972222222
08NM002,2025-02-10,0.887083333333333,8.77972222222222
08NM002,2025-02-11,1.08458333333333,8.76201388888889
08NM002,2025-02-12,1.34833333333333,8.7596875
08NM002,2025-02-13,1.37347826086957,8.845
08NM002,2025-02-14,1.51791666666667,8.88045138888889
08NM002,2025-02-15,1.46541666666667,8.84298611111111
08NM002,2025-02-16,1.46333333333333,8.8528125
08NM002,2025-02-17,1.47125,8.90517361111111
08NM002,2025-02-18,1.44375,8.90711805555556
08NM002,2025-02-19,1.32083333333333,8.90600694444444
08NM002,2025-02-20,1.37,8.9009375
08NM002,2025-02-21,1.44708333333333,8.88565972222222
08NM002,2025-02-22,1.55583333333333,8.89604166666667
08NM002,2025-02-23,1.67791666666667,8.91333333333333
08NM002,2025-02-24,1.79041666666667,8.92677083333333
08NM002,2025-02-25,1.95,8.943125
08NM002,2025-02-26,2.18583333333333,8.93767361111111
08NM002,2025-02-27,2.53833333333333,8.93399305555556
08NM002,2025-02-28,2.81125,8.9440625
08NM002,2025-03-01,3.08375,8.93565972222222
08NM002,2025-03-02,3.26208333333333,8.93694444444444
08NM002,2025-03-03,3.37583333333333,8.9503125
08NM002,2025-03-04,3.53875,8.92767361111111
08NM002,2025-03-05,3.435,8.92864583333333
08NM002,2025-03-06,3.465,8.94496527777778
08NM002,2025-03-07,3.62333333333333,8.92791666666667
08NM002,2025-03-08,3.87791666666667,8.92583333333333
08NM002,2025-03-09,3.73166666666667,8.93149305555556
08NM002,2025-03-10,3.68125,8.93256944444444
08NM002,2025-03-11,3.66541666666667,8.91243055555556
08NM002,2025-03-12,3.66541666666667,8.9165625
08NM002,2025-03-13,3.71166666666667,8.97489583333333
08NM002,2025-03-14,3.71875,9.01274305555556
08NM002,2025-03-15,4.03958333333333,9.0178125
08NM002,2025-03-16,3.80583333333333,9.03909722222222
08NM002,2025-03-17,3.99958333333333,9.04274305555555
08NM002,2025-03-18,4.38916666666667,9.04277777777778
08NM002,2025-03-19,4.5695833333333304,8.99770833333333
08NM002,2025-03-20,4.37833333333333,8.98086805555556
08NM002,2025-03-21,4.37458333333333,8.96048611111111
08NM002,2025-03-22,4.60416666666667,8.97784722222222
08NM002,2025-03-23,4.9075,8.94263888888889
08NM002,2025-03-24,4.65208333333333,8.92545138888889
08NM002,2025-03-25,4.78541666666667,8.93256944444444
08NM002,2025-03-26,5.4445833333333304,8.92263888888889
08NM002,2025-03-27,5.51,8.92052083333333
08NM002,2025-03-28,5.70083333333333,8.95711805555556
08NM002,2025-03-29,5.50166666666667,8.99513888888889
08NM002,2025-03-30,6.40458333333333,9.00947916666667
08NM002,2025-03-31,6.80791666666667,9.02791666666667
08NM002,2025-04-01,6.33333333333333,9.07621527777778
08NM002,2025-04-02,6.39125,9.0846875
08NM002,2025-04-03,6.685,9.07337979094077
08NM002,2025-04-04,6.97458333333333,9.02145833333333
08NM002,2025-04-05,7.13708333333333,8.97496527777778
08NM002,2025-04-06,6.43416666666667,8.93638888888889
08NM002,2025-04-07,6.09833333333333,8.91993055555556
08NM002,2025-04-08,6.00625,8.91204861111111
08NM002,2025-04-09,5.97916666666667,8.90743055555556
08NM002,2025-04-10,6.20291666666667,8.90260416666667
08NM002,2025-04-11,6.39541666666667,8.91541666666667
08NM002,2025-04-12,6.88541666666667,8.90225694444444
08NM002,2025-04-13,6.93791666666667,8.87541666666667
08NM002,2025-04-14,7.66708333333333,8.87045138888889
08NM002,2025-04-15,7.37375,8.8575
08NM002,2025-04-16,8.64541666666667,8.86090277777778
08NM002,2025-04-17,8.62041666666667,8.82465277777778
08NM002,2025-04-18,8.74291666666667,8.80802083333333
08NM002,2025-04-19,8.24208333333333,8.83163194444444
08NM002,2025-04-20,8.95625,8.84913194444444
08NM002,2025-04-21,8.93125,8.87920138888889
08NM002,2025-04-22,8.99291666666667,8.88190972222222
08NM002,2025-04-23,9.35333333333333,9.53659722222222
08NM002,2025-04-24,9.86333333333333,10.8388888888889
08NM002,2025-04-25,10.5004166666667,10.7930555555556
08NM002,2025-04-26,10.4729166666667,10.7701388888889
08NM002,2025-04-27,11.4891666666667,10.7475694444444
08NM002,2025-04-28,11.76875,10.7395833333333
08NM002,2025-04-29,11.883333333333301,10.7572916666667
08NM002,2025-04-30,12.4070833333333,10.8201388888889
08NM002,2025-05-01,12.9908333333333,11.9902777777778
08NM002,2025-05-02,11.345,11.9611111111111
08NM002,2025-05-03,8.97333333333333,11.9732638888889
08NM002,2025-05-04,10.8133333333333,12.0104166666667
08NM002,2025-05-05,11.7441666666667,12.0329861111111
08NM002,2025-05-06,12.575,12.0236111111111
08NM002,2025-05-07,8.98083333333333,11.9725694444444
08NM002,2025-05-08,8.91458333333333,13.5131944444444
08NM002,2025-05-09,12.5870833333333,17.4774305555556
08NM002,2025-05-10,12.5625,17.3725694444444
08NM002,2025-05-11,12.8020833333333,17.2996527777778
08NM002,2025-05-12,12.8079166666667,17.3177083333333
08NM002,2025-05-13,13.3629166666667,17.4201388888889
08NM002,2025-05-14,13.8979166666667,17.4847222222222
08NM002,2025-05-15,14.18875,17.5121527777778
08NM002,2025-05-16,15.0779166666667,17.51875
08NM002,2025-05-17,14.10375,17.5326388888889
08NM002,2025-05-18,12.7904166666667,17.5836805555556
08NM002,2025-05-19,13.2395833333333,17.6173611111111
08NM002,2025-05-20,9.88958333333333,18.9993055555556
08NM002,2025-05-21,13.1908333333333,25.8621527777778
08NM002,2025-05-22,14.1945833333333,25.8055555555556
08NM002,2025-05-23,15.18375,25.8243055555556
08NM002,2025-05-24,14.7820833333333,25.7625
08NM002,2025-05-25,12.39,25.6548611111111
08NM002,2025-05-26,13.1825,25.6934027777778
08NM002,2025-05-27,14.6604166666667,28.4805555555556
08NM002,2025-05-28,16.3854166666667,34.4784722222222
08NM002,2025-05-29,15.6358333333333,37.6572916666667
08NM002,2025-05-30,15.9420833333333,44.640625
08NM002,2025-05-31,14.6766666666667,44.525
08NM002,2025-06-01,14.8395833333333,44.4298611111111
08NM002,2025-06-02,15.43875,44.3899305555556
08NM002,2025-06-03,16.2775,44.4607638888889
08NM002,2025-06-04,17.1575,44.5215277777778
08NM002,2025-06-05,17.7704166666667,44.4972222222222
08NM002,2025-06-06,18.9179166666667,44.5510416666667
08NM002,2025-06-07,19.5679166666667,44.5322916666667
08NM002,2025-06-08,19.6579166666667,44.4270833333333
08NM002,2025-06-09,19.9904166666667,42.5090277777778
08NM002,2025-06-10,21.1304166666667,33.3173611111111
08NM002,2025-06-11,21.44875,33.3895833333333
08NM002,2025-06-12,21.1179166666667,33.39375
08NM002,2025-06-13,20.7654166666667,33.3506944444444
08NM002,2025-06-14,20.8116666666667,33.3479166666667
08NM002,2025-06-15,20.905,33.2739583333333
08NM002,2025-06-16,20.85,30.4677083333333
08NM002,2025-06-17,20.5920833333333,23.8951388888889
08NM002,2025-06-18,20.6216666666667,23.9190972222222
08NM002,2025-06-19,20.31375,21.653125
08NM002,2025-06-20,20.4570833333333,15.7628472222222
08NM002,2025-06-21,19.7208333333333,15.79375
08NM002,2025-06-22,19.49,15.8878472222222
08NM002,2025-06-23,19.3725,16.9180555555556
08NM002,2025-06-24,19.7158333333333,18.7854166666667
08NM002,2025-06-25,19.78125,18.8614583333333
08NM002,2025-06-26,19.9708333333333,18.79375
08NM002,2025-06-27,20.0883333333333,18.6930555555556
08NM002,2025-06-28,20.1591666666667,18.5826388888889
08NM002,2025-06-29,20.6129166666667,18.4246527777778
08NM002,2025-06-30,21.155,18.2434027777778
08NM002,2025-07-01,22.0183333333333,18.103125
08NM002,2025-07-02,22.4345833333333,18.0614583333333
08NM002,2025-07-03,22.25625,17.8743055555556
08NM002,2025-07-04,22.2116666666667,17.6951388888889
08NM002,2025-07-05,22.2104166666667,17.4621527777778
08NM002,2025-07-06,21.4791666666667,17.4027777777778
08NM002,2025-07-07,21.8029166666667,17.2256944444444
08NM002,2025-07-08,21.85875,17.0677083333333
08NM002,2025-07-09,21.2104166666667,16.8361111111111
08NM002,2025-07-10,21.17375,16.5579861111111
08NM002,2025-07-11,21.1620833333333,16.7177083333333
08NM002,2025-07-12,22.12375,16.7559027777778
08NM002,2025-07-13,23.3116666666667,16.7857638888889
08NM002,2025-07-14,23.8666666666667,16.7840277777778
08NM002,2025-07-15,22.8033333333333,16.8201388888889
08NM002,2025-07-16,22.8845833333333,16.5934027777778
08NM002,2025-07-17,21.9416666666667,15.820833333333301
08NM002,2025-07-18,22.06625,14.4836805555556
08NM002,2025-07-19,22.0066666666667,14.5461805555556
08NM002,2025-07-20,22.0129166666667,14.59375
08NM002,2025-07-21,22.05875,14.5940972222222
08NM002,2025-07-22,22.22625,14.6586805555556
08NM002,2025-07-23,22.9004166666667,14.7288194444444
08NM002,2025-07-24,22.4279166666667,14.8024305555556
08NM002,2025-07-25,22.56625,14.8486111111111
08NM002,2025-07-26,22.7716666666667,14.8392361111111
08NM002,2025-07-27,22.7029166666667,14.852083333333301
08NM002,2025-07-28,22.3804166666667,14.9013888888889
08NM002,2025-07-29,22.6670833333333,14.9555555555556
08NM002,2025-07-30,23.3875,14.986013986014
08NM002,2025-07-31,23.855,15.0357638888889
08NM002,2025-08-01,24.1991666666667,15.0625
08NM002,2025-08-02,23.9791666666667,15.134375
08NM002,2025-08-03,24.6095833333333,15.1815972222222
08NM002,2025-08-04,24.1975,15.1930555555556
08NM002,2025-08-05,23.9645833333333,15.2
08NM002,2025-08-06,23.38375,15.2
08NM002,2025-08-07,22.9354166666667,15.2475694444444
08NM002,2025-08-08,23.0420833333333,15.2451388888889
08NM002,2025-08-09,23.69125,15.240625
08NM002,2025-08-10,23.7041666666667,15.2458333333333
08NM002,2025-08-11,24.3808333333333,15.2743055555556
08NM002,2025-08-12,24.07875,15.2402777777778
08NM002,2025-08-13,24.6116666666667,15.2493055555556
08NM002,2025-08-14,24.24125,15.2479166666667
08NM002,2025-08-15,23.90375,15.2024305555556
08NM002,2025-08-16,22.9479166666667,15.2079861111111
08NM002,2025-08-17,22.4125,15.2006944444444
08NM002,2025-08-18,22.1283333333333,15.2003472222222
08NM002,2025-08-19,22.05125,15.2
08NM002,2025-08-20,21.91625,15.2
08NM002,2025-08-21,21.97125,15.0607638888889
08NM002,2025-08-22,21.6825,14.4541666666667
08NM002,2025-08-23,21.945,14.3767361111111
08NM002,2025-08-24,22.2370833333333,14.3784722222222
08NM002,2025-08-25,22.52375,14.3791666666667
08NM002,2025-08-26,22.6533333333333,14.3927083333333
08NM002,2025-08-27,22.6395833333333,14.3256944444444
08NM002,2025-08-28,22.0904166666667,13.4635416666667
08NM002,2025-08-29,21.9629166666667,14.1034722222222
08NM002,2025-08-30,22.3179166666667,14.0895833333333
08NM002,2025-08-31,21.9408333333333,14.078125
08NM002,2025-09-01,22.0658333333333,14.0201388888889
08NM002,2025-09-02,22.2483333333333,13.9670138888889
08NM002,2025-09-03,22.75375,13.9416666666667
08NM002,2025-09-04,22.92625,13.2569444444444
08NM002,2025-09-05,22.5233333333333,11.6465277777778
08NM002,2025-09-06,22.3333333333333,11.5836805555556
08NM002,2025-09-07,22.3404166666667,11.528125
08NM002,2025-09-08,22.19375,11.5034722222222
08NM002,2025-09-09,22.08625,11.5006944444444
08NM002,2025-09-10,21.74,12.0513888888889
08NM002,2025-09-11,21.8016666666667,21.4104166666667
08NM002,2025-09-12,22,21.6
08NM002,2025-09-13,21.8808333333333,10.5038194444444
08NM002,2025-09-14,21.3291666666667,10.5385416666667
08NM002,2025-09-15,20.9558333333333,10.5329861111111
08NM002,2025-09-16,21.32,10.5243055555556
08NM002,2025-09-17,21.0770833333333,10.511149825784
08NM002,2025-09-18,20.69875,10.5875
08NM002,2025-09-19,20.5708333333333,10.6100694444444
08NM002,2025-09-20,20.64,10.5805555555556
08NM002,2025-09-21,20.4425,10.5951388888889
08NM002,2025-09-22,20.0629166666667,10.5965277777778
08NM002,2025-09-23,19.7483333333333,10.5996527777778
08NM002,2025-09-24,19.505,10.6118055555556
08NM002,2025-09-25,19.4341666666667,10.6465277777778
08NM002,2025-09-26,19.1308333333333,10.6885416666667
08NM002,2025-09-27,18.9945833333333,10.6809027777778
08NM002,2025-09-28,18.7091666666667,10.7260416666667
08NM002,2025-09-29,18.8008333333333,10.7416666666667
08NM002,2025-09-30,18.4183333333333,10.7600694444444
08NM002,2025-10-01,17.7745833333333,10.7142361111111
08NM002,2025-10-02,17.1283333333333,10.7534722222222
08NM002,2025-10-03,16.7945833333333,10.7899305555556
08NM002,2025-10-04,17.0791666666667,10.8135416666667
08NM002,2025-10-05,16.6758333333333,10.8475694444444
08NM002,2025-10-06,16.4458333333333,10.8541666666667
08NM002,2025-10-07,16.5875,10.8416666666667
08NM002,2025-10-08,16.2970833333333,10.8652777777778
08NM002,2025-10-09,16.1233333333333,10.75625
08NM002,2025-10-10,15.6358333333333,10.3114583333333
08NM002,2025-10-11,15.6708333333333,10.3152777777778
08NM002,2025-10-12,15.1670833333333,10.3211805555556
08NM002,2025-10-13,14.3304166666667,10.3315972222222
08NM002,2025-10-14,13.7695833333333,10.3329861111111
08NM002,2025-10-15,13.58125,10.3427083333333
08NM002,2025-10-16,13.5304166666667,10.3194444444444
08NM002,2025-10-17,13.3979166666667,10.3375
08NM002,2025-10-18,13.0179166666667,10.3472222222222
08NM002,2025-10-19,12.5779166666667,10.3697916666667
08NM002,2025-10-20,12.1766666666667,10.4052083333333
08NM002,2025-10-21,12.24625,10.4315972222222
08NM002,2025-10-22,12.0716666666667,10.4322916666667
08NM002,2025-10-23,11.94,10.4402777777778
08NM002,2025-10-24,11.7883333333333,10.4329861111111
08NM002,2025-10-25,11.2183333333333,10.5097222222222
08NM002,2025-10-26,11.0820833333333,10.5086805555556
08NM002,2025-10-27,10.9641666666667,10.5163194444444
08NM002,2025-10-28,10.5470833333333,10.5513888888889
08NM002,2025-10-29,10.1770833333333,10.5618055555556
08NM002,2025-10-30,9.96291666666667,9.16263888888889
08NM002,2025-10-31,9.9475,6.18038194444444
08NM002,2025-11-01,9.81583333333333,6.15927083333333
08NM002,2025-11-02,9.39416666666667,6.16482638888889
08NM002,2025-11-03,9.04875,6.16524305555556
08NM002,2025-11-04,9.05208333333333,6.16930555555556
08NM002,2025-11-05,9.28541666666667,6.16774305555556
08NM002,2025-11-06,9.34791666666667,6.17052083333333
08NM002,2025-11-07,9.46458333333333,6.18451388888889
08NM002,2025-11-08,9.17791666666667,6.17079861111111
08NM002,2025-11-09,9.07416666666667,6.15670138888889
08NM002,2025-11-10,8.97625,6.14510416666667
08NM002,2025-11-11,8.90916666666667,6.13159722222222
08NM002,2025-11-12,8.83958333333333,6.13131944444444
08NM002,2025-11-13,8.81041666666667,6.13920138888889
08NM002,2025-11-14,8.8675,6.17090277777778
08NM002,2025-11-15,8.8225,6.18888888888889
08NM002,2025-11-16,8.84083333333333,6.19315972222222
08NM002,2025-11-17,8.83333333333333,6.19201388888889
08NM002,2025-11-18,8.88041666666667,6.28927083333333
08NM002,2025-11-19,8.68791666666667,6.3265625
08NM002,2025-11-20,8.61041666666667,6.33760416666667
08NM002,2025-11-21,8.51375,6.30642361111111
08NM002,2025-11-22,8.2775,6.25697916666667
08NM002,2025-11-23,8.27208333333333,6.21600694444444
08NM002,2025-11-24,8.34375,6.21545138888889
08NM002,2025-11-25,8.13333333333333,6.16399305555556
08NM002,2025-11-26,7.86458333333333,6.13267361111111
08NM002,2025-11-27,7.74833333333333,6.12329861111111
08NM002,2025-11-28,7.56416666666667,6.15701388888889
08NM002,2025-11-29,7.16041666666667,6.10451388888889
08NM002,2025-11-30,6.90083333333333,6.07315972222222
08NM002,2025-12-01,6.83125,6.03256944444444
08NM002,2025-12-02,6.85541666666667,6.02048611111111
08NM002,2025-12-03,6.91166666666667,6.00777777777778
08NM002,2025-12-04,6.69041666666667,5.97881944444444
08NM002,2025-12-05,6.63166666666667,5.95975694444444
08NM002,2025-12-06,6.50083333333333,5.95677083333333
08NM002,2025-12-07,6.505,5.93305555555556
08NM002,2025-12-08,6.63666666666667,5.92284722222222
08NM002,2025-12-09,6.68666666666667,5.90354166666667
08NM002,2025-12-10,6.70416666666667,5.88642361111111
08NM002,2025-12-11,6.84291666666667,5.91229166666667
08NM002,2025-12-12,6.87541666666667,5.91121527777778
08NM002,2025-12-13,6.84708333333333,5.89777777777778
08NM002,2025-12-14,6.81041666666667,5.87871527777778
08NM002,2025-12-15,6.93625,5.86493055555556
08NM002,2025-12-16,6.94416666666667,5.86538194444444
08NM002,2025-12-17,6.83458333333333,5.86364583333333
08NM002,2025-12-18,6.59166666666667,5.82513888888889
08NM002,2025-12-19,6.16666666666667,5.8134375
08NM002,2025-12-20,5.81375,5.79715277777778
08NM002,2025-12-21,5.89375,5.7796875
08NM002,2025-12-22,5.9225,5.76131944444445
08NM002,2025-12-23,5.89583333333333,5.74409722222222
08NM002,2025-12-24,5.85041666666667,5.73680555555556
08NM002,2025-12-25,5.83375,5.74930555555556
08NM002,2025-12-26,5.83083333333333,5.74232638888889
08NM002,2025-12-27,4.93,5.73659722222222
08NM002,2025-12-28,4.12833333333333,5.68986111111111
08NM002,2025-12-29,4.22458333333333,5.66680555555556
08NM002,2025-12-30,4.05666666666667,5.65375
08NM002,2025-12-31,4.33083333333333,5.64486111111111
08NM002,2026-01-01,4.28208333333333,5.63611111111111
08NM002,2026-01-02,4.39583333333333,5.62013888888889
08NM002,2026-01-03,4.73458333333333,5.62236111111111
08NM002,2026-01-04,4.69583333333333,5.61972222222222
08NM002,2026-01-05,4.755,5.61361111111111
08NM002,2026-01-06,4.59833333333333,5.58934027777778
08NM002,2026-01-07,4.5241666666666696,5.57114583333333
08NM002,2026-01-08,4.4325,5.55503472222222
08NM002,2026-01-09,4.45458333333333,5.53583333333333
08NM002,2026-01-10,4.51583333333333,5.53145833333333
08NM002,2026-01-11,4.36666666666667,5.53510416666667
08NM002,2026-01-12,4.53791666666667,5.54461805555556
08NM002,2026-01-13,4.79541666666667,5.54871527777778
08NM002,2026-01-14,4.61583333333333,5.54451388888889
08NM002,2026-01-15,4.60166666666667,5.55767361111111
08NM002,2026-01-16,4.49125,5.56854166666667
08NM002,2026-01-17,4.22291666666667,5.53784722222222
08NM002,2026-01-18,4.12583333333333,5.54559027777778
08NM002,2026-01-19,3.80416666666667,5.52638888888889
08NM002,2026-01-20,3.79291666666667,5.52392361111111
08NM002,2026-01-21,3.5175,5.50923611111111
08NM002,2026-01-22,3.645,5.56173611111111
08NM002,2026-01-23,3.50708333333333,5.56965277777778
08NM002,2026-01-24,2.81375,5.54142361111111
08NM002,2026-01-25,2.57833333333333,5.5040625
08NM002,2026-01-26,2.89041666666667,5.49069444444444
08NM002,2026-01-27,3.15333333333333,5.49087108013937
08NM002,2026-01-28,3.29666666666667,5.49027777777778
08NM002,2026-01-29,3.31708333333333,5.48829861111111
08NM002,2026-01-30,3.44875,5.49722222222222
08NM002,2026-01-31,3.62333333333333,5.5025
08NM002,2026-02-01,3.66833333333333,5.49871527777778
08NM002,2026-02-02,3.74916666666667,5.5046875
08NM002,2026-02-03,3.865,5.5046875
08NM002,2026-02-04,3.95291666666667,5.49833333333333
08NM002,2026-02-05,3.9725,5.50159722222222
08NM002,2026-02-06,4.18583333333333,5.50520833333333
08NM002,2026-02-07,4.11083333333333,5.48684027777778
08NM002,2026-02-08,4.04041666666667,5.48923611111111
08NM002,2026-02-09,3.99,5.47892361111111
08NM002,2026-02-10,4.03208333333333,5.4725
08NM002,2026-02-11,4.03375,5.46899305555556
08NM002,2026-02-12,4.11208333333333,5.46048611111111
08NM002,2026-02-13,4.15166666666667,5.44711805555556
08NM002,2026-02-14,4.18958333333333,5.44194444444445
08NM002,2026-02-15,4.09375,5.41461805555556
08NM002,2026-02-16,4.09416666666667,5.40940972222222
08NM002,2026-02-17,3.96541666666667,5.41621527777778
08NM002,2026-02-18,3.7275,5.41458333333333
08NM002,2026-02-19,2.82833333333333,5.37041666666667
08NM002,2026-02-20,2.32791666666667,5.31041666666667
08NM002,2026-02-21,2.70458333333333,5.30354166666667
08NM002,2026-02-22,2.61958333333333,5.30361111111111
08NM002,2026-02-23,3.03083333333333,5.3117708333333304
08NM002,2026-02-24,3.51083333333333,5.30444444444444
08NM002,2026-02-25,3.61375,5.23524305555556
08NM002,2026-02-26,3.7675,5.0554166666666696
08NM002,2026-02-27,3.86083333333333,5.06038194444444
08NM002,2026-02-28,4.02875,5.07347222222222
08NM002,2026-03-01,4.2,5.05503472222222
08NM002,2026-03-02,4.32333333333333,5.0554166666666696
08NM002,2026-03-03,4.17458333333333,5.05913194444444
08NM002,2026-03-04,4.2258333333333304,5.08388888888889
08NM002,2026-03-05,4.31625,5.07666666666667
08NM002,2026-03-06,4.60875,5.08277777777778
08NM002,2026-03-07,4.72708333333333,5.1015625
08NM002,2026-03-08,4.78875,5.13572916666667
08NM002,2026-03-09,5.03958333333333,5.11958333333333
08NM002,2026-03-10,4.67583333333333,5.1128125
08NM002,2026-03-11,4.64416666666667,5.12166666666667
08NM002,2026-03-12,4.66666666666667,5.14322916666667
08NM002,2026-03-13,4.64541666666667,5.145
08NM002,2026-03-14,4.76041666666667,5.16315972222222
08NM002,2026-03-15,4.60958333333333,5.1425
08NM002,2026-03-16,4.44875,5.14013888888889
08NM002,2026-03-17,4.70541666666667,5.16291666666667
08NM002,2026-03-18,5.45416666666667,5.22413194444444
08NM002,2026-03-19,6.05791666666667,5.23590277777778
08NM002,2026-03-20,6.19208333333333,5.26652777777778
08NM002,2026-03-21,6.53791666666667,5.30798611111111
08NM002,2026-03-22,6.40083333333333,5.32763888888889
08NM002,2026-03-23,6.33,5.36784722222222
08NM002,2026-03-24,6.13708333333333,5.39888888888889
08NM002,2026-03-25,5.695,5.45798611111111
08NM002,2026-03-26,5.80375,6.76645833333333
08NM002,2026-03-27,5.67875,6.75743055555556
08NM002,2026-03-28,5.76083333333333,6.75871527777778
08NM002,2026-03-29,6.14541666666667,6.77239583333333
08NM002,2026-03-30,6.0075,6.77246527777778
08NM002,2026-03-31,6.25791666666667,6.76083333333333
08NM002,2026-04-01,6.33458333333333,6.77118055555556
08NM002,2026-04-02,6.275,6.79951388888889
08NM002,2026-04-03,6.23875,6.80996527777778
08NM002,2026-04-04,6.53708333333333,6.81788194444444
08NM002,2026-04-05,6.4,6.82663194444444
08NM002,2026-04-06,7.13916666666667,6.86506944444444
08NM002,2026-04-07,7.1775,6.92795138888889
08NM002,2026-04-08,7.22,6.86965277777778
08NM002,2026-04-09,7.73333333333333,6.90246527777778
08NM002,2026-04-10,8.44416666666667,6.94885416666667
08NM002,2026-04-11,8.83333333333333,7.01475694444444
08NM002,2026-04-12,8.31416666666667,7.06090277777778
08NM002,2026-04-13,9.06666666666667,7.36975694444444
08NM002,2026-04-14,9.26375,7.87111111111111
08NM002,2026-04-15,7.745,7.65895833333333
08NM002,2026-04-16,7.0475,7.74836805555555
08NM002,2026-04-17,7.63166666666667,7.71572916666667
08NM002,2026-04-18,8.5825,7.70017361111111
08NM002,2026-04-19,8.23625,7.70673611111111
08NM002,2026-04-20,8.21708333333333,7.47131944444444
08NM002,2026-04-21,8.91208333333333,6.8471875
08NM002,2026-04-22,10.20375,6.92017361111111
08NM002,2026-04-23,10.0245833333333,6.64798611111111
08NM002,2026-04-24,9.35916666666667,6.14465277777778
08NM002,2026-04-25,9.74333333333333,6.13736111111111
08NM002,2026-04-26,10.0591666666667,6.13545138888889
08NM002,2026-04-27,10.29375,6.12013888888889
08NM002,2026-04-28,10.09375,6.12506944444444
08NM002,2026-04-29,10.9195833333333,6.14107638888889
08NM002,2026-04-30,11.8925,6.13993055555556
08NM002,2026-05-01,11.5045833333333,6.12434027777778
08NM002,2026-05-02,9.46625,6.11777777777778
08NM002,2026-05-03,11.8225,6.14239583333333
08NM002,2026-05-04,13.4958333333333,6.19003472222222
08NM002,2026-05-05,14.3533333333333,6.22059027777778
08NM002,2026-05-06,15.1104166666667,6.27836805555556
08NM002,2026-05-07,15.5683333333333,6.36590277777778
08NM002,2026-05-08,15.8779166666667,6.46090277777778
08NM002,2026-05-09,15.88875,6.565625
08NM002,2026-05-10,13.5533333333333,6.63340277777778
08NM002,2026-05-11,12.59625,6.68322916666667
08NM002,2026-05-12,15.0941666666667,6.82923611111111
08NM002,2026-05-13,15.44625,7.00944444444444
08NM002,2026-05-14,15.2329166666667,7.14104166666667
08NM002,2026-05-15,15.35,7.2278125
08NM002,2026-05-16,14.7645833333333,7.29128472222222
08NM002,2026-05-17,14.8591666666667,7.35451388888889
08NM002,2026-05-18,15.1325,7.31666666666667
08NM002,2026-05-19,15.2883333333333,7.34069444444444
08NM002,2026-05-20,15.7175,7.63892361111111
08NM002,2026-05-21,16.0166666666667,7.75861111111111
08NM002,2026-05-22,16.2958333333333,8.25513888888889
08NM002,2026-05-23,17.0608333333333,8.19427083333333
08NM002,2026-05-24,17.95375,8.10885416666667
08NM002,2026-05-25,16.39625,7.9640625
08NM002,2026-05-26,13.9733333333333,7.82430555555556
08NM002,2026-05-27,15.22625,7.68
08NM002,2026-05-28,16.9183333333333,7.65010416666667
08NM002,2026-05-29,18.4220833333333,7.66302083333333
08NM002,2026-05-30,17.5229166666667,7.69920138888889
08NM002,2026-05-31,17.9366666666667,7.72934027777778
08NM002,2026-06-01,17.8783333333333,7.70086805555556
08NM002,2026-06-02,17.5275,7.65534722222222
08NM002,2026-06-03,17.2079166666667,7.62313588850174
08NM002,2026-06-04,15.66125,7.60368055555556
08NM002,2026-06-05,17.42625,7.57402777777778
08NM002,2026-06-06,17.1716666666667,7.50951388888889
08NM002,2026-06-07,16.9970833333333,7.45739583333333
08NM002,2026-06-08,16.80125,7.41614583333333
08NM002,2026-06-09,13.3258333333333,7.35253472222222
08NM002,2026-06-10,15.76125,7.35329861111111
08NM002,2026-06-11,16.45125,7.30642361111111
08NM002,2026-06-12,16.2258333333333,7.27909722222222
08NM002,2026-06-13,17.33625,7.22875
08NM002,2026-06-14,18.3208333333333,7.20319444444444
08NM002,2026-06-15,19.365,7.29572916666667
08NM002,2026-06-16,20.0004166666667,7.57663194444444
08NM002,2026-06-17,20.16875,7.54315972222222
08NM002,2026-06-18,20.3575,7.86635416666667
08NM002,2026-06-19,20.6575,8.35951388888889
08NM002,2026-06-20,19.9854166666667,8.59121527777778
08NM002,2026-06-21,20.1279166666667,8.58659722222222
08NM002,2026-06-22,20.2529166666667,8.57815972222222
08NM002,2026-06-23,20.8991666666667,8.57430555555556
08NM002,2026-06-24,21.42125,8.58493055555556
08NM002,2026-06-25,21.8533333333333,8.58420138888889
08NM002,2026-06-26,19.1091666666667,8.52961805555556
08NM002,2026-06-27,18.91,8.541875
08NM002,2026-06-28,19.4783333333333,8.55118055555556
08NM002,2026-06-29,19.4575,8.52677083333333
08NM002,2026-06-30,19.9233333333333,8.50520833333333
08NM002,2026-07-01,20.2829166666667,8.45708333333333
08NM002,2026-07-02,20.4033333333333,8.425625
08NM002,2026-07-03,20.3804166666667,8.41472222222222
08NM002,2026-07-04,20.9341666666667,8.42347222222222
08NM002,2026-07-05,21.2683333333333,8.39767361111111
08NM002,2026-07-06,21.5245833333333,8.40163194444444
08NM002,2026-07-07,22.2358333333333,8.7253125
08NM002,2026-07-08,21.2654166666667,8.74947916666667
08NM002,2026-07-09,21.80125,8.72340277777778
08NM002,2026-07-10,22.3479166666667,8.72371527777778
08NM002,2026-07-11,22.4916666666667,8.72086805555556
08NM002,2026-07-12,22.2229166666667,8.68472222222222
08NM002,2026-07-13,22.2691666666667,8.66996527777778
08NM002,2026-07-14,22.445,8.71902777777778
08NM002,2026-07-15,21.68625,8.96100694444444
08NM002,2026-07-16,21.34875,8.98135416666667
08NM002,2026-07-17,22.5604166666667,8.96493055555556
08NM002,2026-07-18,21.0529166666667,8.95673611111111
08NM002,2026-07-19,21.1683333333333,8.93864583333333
08NM002,2026-07-20,21.7408333333333,9.10972222222222
08NM002,2026-07-21,22.3066666666667,9.50291666666667
08NM002,2026-07-22,23.27625,9.47638888888889
08NM002,2026-07-23,23.915,9.67295138888889
08NM002,2026-07-24,24.0320833333333,10.0361111111111
08NM002,2026-07-25,23.0675,9.82152777777778
08NM002,2026-07-26,22.1079166666667,9.80684027777778
08NM002,2026-07-27,22.04625,9.80361111111111
08NM002,2026-07-28,22.0533333333333,9.77826388888889
08NM002,2026-07-29,21.925,9.81413194444444
08NM002,2026-07-30,22.45,9.80465277777778
08NM002,2026-07-31,22.2370833333333,9.83170138888889
08NM002,2026-08-01,22.2216666666667,9.85326388888889
08NM002,2026-08-02,22.2316666666667,9.86496527777778
08NM002,2026-08-03,21.7954166666667,9.86055555555556
08NM002,2026-08-04,21.9291666666667,9.883125
08NM002,2026-08-05,22.5825,9.89197916666667
08NM002,2026-08-06,22.32875,9.929375
08NM002,2026-08-07,22.42875,9.96034722222222
08NM002,2026-08-08,22.1270833333333,9.99472222222222
08NM002,2026-08-09,22.2341666666667,10.0313194444444
08NM002,2026-08-10,22.3816666666667,10.0514583333333
08NM002,2026-08-11,22.5833333333333,9.67795138888889
08NM002,2026-08-12,22.25,9.63677083333333
08NM002,2026-08-13,22.28375,9.46854166666667
08NM002,2026-08-14,22.5145833333333,9.47618055555556
08NM002,2026-08-15,22.7683333333333,9.46729166666667
08NM002,2026-08-16,22.8179166666667,9.4715625
08NM002,2026-08-17,22.9808333333333,9.39496527777778
08NM002,2026-08-18,23.2133333333333,9.21423611111111
08NM002,2026-08-19,23.3504166666667,9.18854166666667
08NM002,2026-08-20,23.7954166666667,9.14923611111111
08NM002,2026-08-21,23.8325,9.11961805555556
08NM002,2026-08-22,23.8779166666667,9.08128472222222
08NM002,2026-08-23,23.3675,9.05840277777778
08NM002,2026-08-24,22.7741666666667,8.95118055555556
08NM002,2026-08-25,23.11375,8.87836805555556
08NM002,2026-08-26,23.305,8.62559027777778
08NM002,2026-08-27,23.0304545454545,8.608515625
08NM037,2024-10-19,6.21,0.048688
08NM037,2024-10-20,8.875,0.0634716981132075
08NM037,2024-10-21,8,0.0600566037735849
08NM037,2024-10-22,6.025,0.0568301886792453
08NM037,2024-10-23,4.175,0.0540943396226415
08NM037,2024-10-24,4.6,0.052
08NM037,2024-10-25,3.85,0.0506037735849057
08NM037,2024-10-26,6.1,0.0502075471698113
08NM037,2024-10-27,7.225,0.0725283018867924
08NM037,2024-10-28,5.425,0.0810188679245283
08NM037,2024-10-29,5.2,0.0649433962264151
08NM037,2024-10-30,4.375,0.0577735849056604
08NM037,2024-10-31,5.5,0.0556792452830189
08NM037,2024-11-01,4.9,0.0622352941176471
08NM037,2024-11-02,5,0.0579325842696629
08NM037,2024-11-03,4.9,0.055
08NM037,2024-11-04,4.35714285714286,0.0547752808988764
08NM037,2024-11-05,3.275,0.0550188679245283
08NM037,2024-11-06,3.6,0.0398867924528302
08NM037,2024-11-07,3.125,0.0542830188679245
08NM037,2024-11-08,3.875,0.056622641509434
08NM037,2024-11-09,4.625,0.0592641509433962
08NM037,2024-11-10,4.5,0.0736111111111111
08NM037,2024-11-11,5.3,0.0712941176470588
08NM037,2024-11-12,4.02857142857143,0.0665955056179775
08NM037,2024-11-13,4.55714285714286,0.0657640449438202
08NM037,2024-11-14,5.575,0.064622641509434
08NM037,2024-11-15,4.08571428571429,0.0619775280898876
08NM037,2024-11-16,2.3,0.0443529411764706
08NM037,2024-11-17,2.8,0.0670555555555556
08NM037,2024-11-18,2.6,0.0558823529411765
08NM037,2024-11-19,2,0.0351698113207547
08NM037,2024-11-20,2.25,0.0546851851851852
08NM037,2024-11-21,2.775,0.0586851851851852
08NM037,2024-11-22,2.025,0.0626481481481481
08NM037,2024-11-23,2.825,0.059537037037037
08NM037,2024-11-24,2.3,0.051
08NM037,2024-11-25,2.00833333333333,0.0610520833333333
08NM037,2024-11-26,1.8125,0.05940625
08NM037,2024-11-27,1.5875,0.05465625
08NM037,2024-11-28,1.1375,0.0551840277777778
08NM037,2024-11-29,0.958333333333333,0.0550173611111111
08NM037,2024-11-30,1.625,0.0529259259259259
08NM037,2024-12-01,1.475,0.0522075471698113
08NM037,2024-12-02,1.25,0.0608301886792453
08NM037,2024-12-03,1.1,0.0575283018867925
08NM037,2024-12-04,1.575,0.0519056603773585
08NM037,2024-12-05,1.475,0.051462962962963
08NM037,2024-12-06,1.075,0.0532962962962963
08NM037,2024-12-07,1.575,0.0518703703703704
08NM037,2024-12-08,1,0.0584444444444444
08NM037,2024-12-09,1.175,0.0250555555555556
08NM037,2024-12-10,1.025,0.0550377358490566
08NM037,2024-12-11,0.975,0.0634259259259259
08NM037,2024-12-12,1.1,0.0547777777777778
08NM037,2024-12-13,1.025,0.0557307692307692
08NM037,2024-12-14,2.175,0.0539245283018868
08NM037,2024-12-15,1.35,0.0520384615384615
08NM037,2024-12-16,0.85,0.061037037037037
08NM037,2024-12-17,1.6,0.0513018867924528
08NM037,2024-12-18,1.65,0.0557169811320755
08NM037,2024-12-19,1.725,0.0537777777777778
08NM037,2024-12-20,2.175,0.054377358490566
08NM037,2024-12-21,2.075,0.0547924528301887
08NM037,2024-12-22,2.375,0.0552941176470588
08NM037,2024-12-23,2.18571428571429,0.0549444444444444
08NM037,2024-12-24,2.575,0.0564339622641509
08NM037,2024-12-25,1.6,0.0543333333333333
08NM037,2024-12-26,2.375,0.0538846153846154
08NM037,2024-12-27,1.575,0.0524905660377359
08NM037,2024-12-28,2.125,0.0524423076923077
08NM037,2024-12-29,1.625,0.0554230769230769
08NM037,2024-12-30,1.55,0.0520980392156863
08NM037,2024-12-31,1.05,0.0395555555555556
08NM037,2025-01-01,1.175,0.0523888888888889
08NM037,2025-01-02,1.15,0.050462962962963
08NM037,2025-01-03,1.425,0.0512962962962963
08NM037,2025-01-04,1.3,0.0511296296296296
08NM037,2025-01-05,1.925,0.0512264150943396
08NM037,2025-01-06,1,0.0551111111111111
08NM037,2025-01-07,0.875,0.0631320754716981
08NM037,2025-01-08,1.65,0.0504074074074074
08NM037,2025-01-09,0.875,0.0736666666666667
08NM037,2025-01-10,1.525,0.0505192307692308
08NM037,2025-01-11,1.825,0.0501538461538462
08NM037,2025-01-12,2.1,0.0501960784313726
08NM037,2025-01-13,1.3,0.0527692307692308
08NM037,2025-01-14,0.9,0.0635384615384615
08NM037,2025-01-15,0.925,0.0594814814814815
08NM037,2025-01-16,1.1,0.0595094339622642
08NM037,2025-01-17,1.3,0.049462962962963
08NM037,2025-01-18,0.975,0.0272452830188679
08NM037,2025-01-19,0.657142857142857,0.04575
08NM037,2025-01-20,0.425,0.033078431372549
08NM037,2025-01-21,0.675,0.051622641509434
08NM037,2025-01-22,0.6,0.0375555555555556
08NM037,2025-01-23,0.95,0.0487962962962963
08NM037,2025-01-24,1.1,0.0475094339622642
08NM037,2025-01-25,0.575,0.0433396226415094
08NM037,2025-01-26,0.485714285714286,0.0408295454545455
08NM037,2025-01-27,0.9,0.0415192307692308
08NM037,2025-01-28,0.5375,0.0438854166666667
08NM037,2025-01-29,0.145833333333333,0.0417777777777778
08NM037,2025-01-30,0.516666666666667,0.0414236111111111
08NM037,2025-01-31,0.941666666666667,0.0439965277777778
08NM037,2025-02-01,0.891666666666667,0.0460069444444444
08NM037,2025-02-02,0.466666666666667,0.0454097222222222
08NM037,2025-02-03,0.283333333333333,0.044125
08NM037,2025-02-04,0.0166666666666667,0.0421597222222222
08NM037,2025-02-05,-0.0416666666666667,0.0363541666666667
08NM037,2025-02-06,0.1625,0.0312777777777778
08NM037,2025-02-07,0.0791666666666667,0.0308680555555556
08NM037,2025-02-08,0.266666666666667,0.031
08NM037,2025-02-09,0.125,0.0287083333333333
08NM037,2025-02-10,0.0833333333333333,0.0254548611111111
08NM037,2025-02-11,-0.0458333333333333,0.0207222222222222
08NM037,2025-02-12,0.0291666666666667,0.0182986111111111
08NM037,2025-02-13,0.0952380952380952,0.0208645833333333
08NM037,2025-02-14,0.670833333333333,0.0253090277777778
08NM037,2025-02-15,0.75,0.0283229166666667
08NM037,2025-02-16,0.875,0.0321215277777778
08NM037,2025-02-17,0.966666666666667,0.0353923611111111
08NM037,2025-02-18,1.01666666666667,0.0386701388888889
08NM037,2025-02-19,1.04166666666667,0.0406597222222222
08NM037,2025-02-20,1.10833333333333,0.0427083333333333
08NM037,2025-02-21,1.35,0.0422430555555556
08NM037,2025-02-22,1.68333333333333,0.0415069444444444
08NM037,2025-02-23,1.675,0.0407152777777778
08NM037,2025-02-24,1.66666666666667,0.0425590277777778
08NM037,2025-02-25,2.0625,0.043125
08NM037,2025-02-26,2.0375,0.0437152777777778
08NM037,2025-02-27,2.1,0.0429375
08NM037,2025-02-28,2.20833333333333,0.0430486111111111
08NM037,2025-03-01,2.05,0.0437361111111111
08NM037,2025-03-02,2.04166666666667,0.0444930555555556
08NM037,2025-03-03,2.17083333333333,0.0444027777777778
08NM037,2025-03-04,1.9125,0.0446493055555556
08NM037,2025-03-05,2.22916666666667,0.0452465277777778
08NM037,2025-03-06,2.3125,0.04525
08NM037,2025-03-07,2.075,0.04334375
08NM037,2025-03-08,2.55416666666667,0.0435069444444444
08NM037,2025-03-09,2.5875,0.0455798611111111
08NM037,2025-03-10,2.42916666666667,0.0472881944444444
08NM037,2025-03-11,2.35416666666667,0.0437326388888889
08NM037,2025-03-12,2.59583333333333,0.0426875
08NM037,2025-03-13,2.68421052631579,0.045125
08NM037,2025-03-14,1.9,0.0430208333333333
08NM037,2025-03-15,1.9375,0.04325
08NM037,2025-03-16,2.21666666666667,0.0416006944444444
08NM037,2025-03-17,2.08333333333333,0.0397326388888889
08NM037,2025-03-18,2.17083333333333,0.0393680555555556
08NM037,2025-03-19,2.1625,0.0383784722222222
08NM037,2025-03-20,2.75,0.0388888888888889
08NM037,2025-03-21,3.18333333333333,0.0402430555555556
08NM037,2025-03-22,2.9375,0.0412986111111111
08NM037,2025-03-23,3.2375,0.04084375
08NM037,2025-03-24,3.65416666666667,0.0429027777777778
08NM037,2025-03-25,3.925,0.0626284722222222
08NM037,2025-03-26,4.01818181818182,0.0843298611111111
08NM037,2025-03-27,4.03333333333333,0.10534375
08NM037,2025-03-28,3.77083333333333,0.142947916666667
08NM037,2025-03-29,3.00833333333333,0.144701388888889
08NM037,2025-03-30,3.09166666666667,0.111267361111111
08NM037,2025-03-31,4.10416666666667,0.106364583333333
08NM037,2025-04-01,3.45416666666667,0.108298611111111
08NM037,2025-04-02,4.02916666666667,0.0969548611111111
08NM037,2025-04-03,3.8875,0.0910034722222222
08NM037,2025-04-04,3.59583333333333,0.0852916666666667
08NM037,2025-04-05,4.2125,0.0836215277777778
08NM037,2025-04-06,5.27083333333333,0.0894201388888889
08NM037,2025-04-07,6.12916666666667,0.118934027777778
08NM037,2025-04-08,4.88333333333333,0.173263888888889
08NM037,2025-04-09,4.34166666666667,0.162357638888889
08NM037,2025-04-10,4.7125,0.152565972222222
08NM037,2025-04-11,5.05833333333333,0.163545138888889
08NM037,2025-04-12,4.62916666666667,0.175708333333333
08NM037,2025-04-13,3.55416666666667,0.162399305555556
08NM037,2025-04-14,4.34583333333333,0.155482638888889
08NM037,2025-04-15,5.4875,0.171625
08NM037,2025-04-16,5.64166666666667,0.2373125
08NM037,2025-04-17,3.84583333333333,0.2349375
08NM037,2025-04-18,4.63333333333333,0.247118055555556
08NM037,2025-04-19,6.14583333333333,0.352947916666667
08NM037,2025-04-20,4.8,0.477888888888889
08NM037,2025-04-21,4.15,0.383111111111111
08NM037,2025-04-22,3.6875,0.312364583333333
08NM037,2025-04-23,3.82916666666667,0.287472222222222
08NM037,2025-04-24,4.99166666666667,0.268142361111111
08NM037,2025-04-25,5.82916666666667,0.313604166666667
08NM037,2025-04-26,6.0875,0.470111111111111
08NM037,2025-04-27,5.75833333333333,0.679274305555556
08NM037,2025-04-28,5.0625,0.678309027777778
08NM037,2025-04-29,5.22916666666667,0.655822916666667
08NM037,2025-04-30,5.31666666666667,0.713482638888889
08NM037,2025-05-01,5.56666666666667,0.698211805555556
08NM037,2025-05-02,5.94166666666667,0.901614583333333
08NM037,2025-05-03,5.8,1.25936805555556
08NM037,2025-05-04,4.12083333333333,1.09287152777778
08NM037,2025-05-05,4.15416666666667,0.754659722222222
08NM037,2025-05-06,5.3875,0.703670138888889
08NM037,2025-05-07,6.12916666666667,0.871673611111111
08NM037,2025-05-08,5.74166666666667,0.9823125
08NM037,2025-05-09,5.12916666666667,0.834895833333333
08NM037,2025-05-10,5.73333333333333,0.837850694444444
08NM037,2025-05-11,5.21666666666667,0.870795138888889
08NM037,2025-05-12,5.37083333333333,1.00213194444444
08NM037,2025-05-13,5.34583333333333,1.34613541666667
08NM037,2025-05-14,5.38333333333333,1.41850694444444
08NM037,2025-05-15,5.20833333333333,1.19704166666667
08NM037,2025-05-16,5.5375,1.05069791666667
08NM037,2025-05-17,5.57083333333333,1.00817361111111
08NM037,2025-05-18,4.94583333333333,1.48993402777778
08NM037,2025-05-19,4.3875,1.09147222222222
08NM037,2025-05-20,4.675,0.948947916666667
08NM037,2025-05-21,4.88333333333333,0.893829861111111
08NM037,2025-05-22,5.375,0.822961805555556
08NM037,2025-05-23,6.29166666666667,0.819055555555556
08NM037,2025-05-24,6.73333333333333,0.911423611111111
08NM037,2025-05-25,7.31666666666667,1.18343055555556
08NM037,2025-05-26,7.56666666666667,1.59913194444444
08NM037,2025-05-27,6.6625,1.48864583333333
08NM037,2025-05-28,7.475,1.50774305555556
08NM037,2025-05-29,8.02916666666667,1.79805555555556
08NM037,2025-05-30,7.08333333333333,1.76305555555556
08NM037,2025-05-31,8.37916666666667,1.6128125
08NM037,2025-06-01,7.35833333333333,1.52197916666667
08NM037,2025-06-02,6.40833333333333,1.20034722222222
08NM037,2025-06-03,6.875,1.00525347222222
08NM037,2025-06-04,7.8,0.915322916666667
08NM037,2025-06-05,8.29583333333333,0.847489583333333
08NM037,2025-06-06,9.3875,0.803350694444445
08NM037,2025-06-07,10.0958333333333,0.769336805555556
08NM037,2025-06-08,10.1875,0.704638888888889
08NM037,2025-06-09,11.4375,0.646357638888889
08NM037,2025-06-10,11.9916666666667,0.577649305555555
08NM037,2025-06-11,11.6708333333333,0.519006944444445
08NM037,2025-06-12,11.875,0.471743055555556
08NM037,2025-06-13,10.6833333333333,0.445211805555556
08NM037,2025-06-14,10.2416666666667,0.4625625
08NM037,2025-06-15,10.3583333333333,0.419895833333333
08NM037,2025-06-16,10.6583333333333,0.374479166666667
08NM037,2025-06-17,10.6708333333333,0.338159722222222
08NM037,2025-06-18,11.0875,0.314934027777778
08NM037,2025-06-19,10.070833333333301,0.304458333333333
08NM037,2025-06-20,10.3458333333333,0.286190972222222
08NM037,2025-06-21,8.70833333333333,0.316604166666667
08NM037,2025-06-22,8.32083333333333,0.430520833333333
08NM037,2025-06-23,9.42916666666667,0.381552083333333
08NM037,2025-06-24,10.1458333333333,0.335899305555556
08NM037,2025-06-25,11.1125,0.3285
08NM037,2025-06-26,10.7625,0.296322916666667
08NM037,2025-06-27,10.6208333333333,0.288090277777778
08NM037,2025-06-28,10.8708333333333,0.286878472222222
08NM037,2025-06-29,11.1833333333333,0.253479166666667
08NM037,2025-06-30,12.2666666666667,0.222961805555556
08NM037,2025-07-01,13.65,0.209784722222222
08NM037,2025-07-02,14.2458333333333,0.192152777777778
08NM037,2025-07-03,13.5625,0.17765625
08NM037,2025-07-04,12.1375,0.1728125
08NM037,2025-07-05,13.258333333333301,0.162510416666667
08NM037,2025-07-06,12.825,0.154704861111111
08NM037,2025-07-07,13.0666666666667,0.149454861111111
08NM037,2025-07-08,14.2666666666667,0.140506944444444
08NM037,2025-07-09,14.5791666666667,0.133222222222222
08NM037,2025-07-10,13.3166666666667,0.142010416666667
08NM037,2025-07-11,12.3125,0.136840277777778
08NM037,2025-07-12,14.3583333333333,0.123763888888889
08NM037,2025-07-13,15.5291666666667,0.115048611111111
08NM037,2025-07-14,16.3541666666667,0.105951388888889
08NM037,2025-07-15,14.4625,0.10346875
08NM037,2025-07-16,13.9916666666667,0.0974791666666667
08NM037,2025-07-17,14,0.0944618055555556
08NM037,2025-07-18,13.1166666666667,0.09528125
08NM037,2025-07-19,13.1791666666667,0.0987395833333333
08NM037,2025-07-20,13.0625,0.093670138888888893
08NM037,2025-07-21,13.508333333333301,0.0961631944444444
08NM037,2025-07-22,13.9875,0.181378472222222
08NM037,2025-07-23,13.0791666666667,0.174149305555556
08NM037,2025-07-24,14.1375,0.120986111111111
08NM037,2025-07-25,14.9291666666667,0.101138888888889
08NM037,2025-07-26,13.2875,0.095375
08NM037,2025-07-27,12.9708333333333,0.0913263888888889
08NM037,2025-07-28,13.4083333333333,0.0920451388888889
08NM037,2025-07-29,14.3541666666667,0.0827743055555556
08NM037,2025-07-30,14.9333333333333,0.0748506944444444
08NM037,2025-07-31,15.175,0.0691215277777778
08NM037,2025-08-01,15.4375,0.0721180555555556
08NM037,2025-08-02,14.9833333333333,0.0944895833333333
08NM037,2025-08-03,14.7916666666667,0.0815173611111111
08NM037,2025-08-04,14.5833333333333,0.0962743055555556
08NM037,2025-08-05,14.1541666666667,0.149045138888889
08NM037,2025-08-06,14.05,0.110388888888889
08NM037,2025-08-07,12.875,0.122731182795699
08NM037,2025-08-08,12.6541666666667,0.119631944444444
08NM037,2025-08-09,13.5333333333333,0.101708333333333
08NM037,2025-08-10,14.5125,0.0827048611111111
08NM037,2025-08-11,15.3375,0.0708229166666667
08NM037,2025-08-12,14.9791666666667,0.06340625
08NM037,2025-08-13,15.4666666666667,0.0571215277777778
08NM037,2025-08-14,14.5375,0.0545902777777778
08NM037,2025-08-15,14.2875,0.0596736111111111
08NM037,2025-08-16,14.2458333333333,0.0962673611111111
08NM037,2025-08-17,13.4916666666667,0.0969305555555556
08NM037,2025-08-18,13.1625,0.0714305555555556
08NM037,2025-08-19,13.4291666666667,0.0626631944444444
08NM037,2025-08-20,13.320833333333301,0.0586354166666667
08NM037,2025-08-21,12.6291666666667,0.0538159722222222
08NM037,2025-08-22,12.1666666666667,0.0498263888888889
08NM037,2025-08-23,12.4125,0.0471145833333333
08NM037,2025-08-24,13.0791666666667,0.0438923611111111
08NM037,2025-08-25,13.6083333333333,0.0403506944444444
08NM037,2025-08-26,14.0541666666667,0.0352534722222222
08NM037,2025-08-27,13.9875,0.0342326388888889
08NM037,2025-08-28,13.6,0.0375277777777778
08NM037,2025-08-29,14.195833333333301,0.0382465277777778
08NM037,2025-08-30,13.883333333333301,0.0548263888888889
08NM037,2025-08-31,13.8875,0.0490381944444444
08NM037,2025-09-01,13.8708333333333,0.0387152777777778
08NM037,2025-09-02,14.1166666666667,0.0333472222222222
08NM037,2025-09-03,14.1875,0.0297673611111111
08NM037,2025-09-04,14.5291666666667,0.0279479166666667
08NM037,2025-09-05,13.3291666666667,0.0275659722222222
08NM037,2025-09-06,12.8583333333333,0.0273715277777778
08NM037,2025-09-07,13.35,0.0278090277777778
08NM037,2025-09-08,13.2916666666667,0.0318888888888889
08NM037,2025-09-09,13.0208333333333,0.0335729166666667
08NM037,2025-09-10,12.5416666666667,0.0304618055555556
08NM037,2025-09-11,12.4583333333333,0.0281805555555556
08NM037,2025-09-12,12.4208333333333,0.0261909722222222
08NM037,2025-09-13,12.6041666666667,0.0259861111111111
08NM037,2025-09-14,12.7590909090909,0.0245416666666667
08NM037,2025-09-15,12.4375,0.0278645833333333
08NM037,2025-09-16,12.0833333333333,0.0281284722222222
08NM037,2025-09-17,12.0625,0.0259340277777778
08NM037,2025-09-18,12.0363636363636,0.0245231316725979
08NM037,2025-09-19,11.3583333333333,0.0250868055555556
08NM037,2025-09-20,10.9791666666667,0.0244618055555556
08NM037,2025-09-21,11.9208333333333,0.0239479166666667
08NM037,2025-09-22,10.325,0.0308333333333333
08NM037,2025-09-23,9.84166666666667,0.0304409722222222
08NM037,2025-09-24,10.1166666666667,0.0276805555555556
08NM037,2025-09-25,10.0666666666667,0.0259027777777778
08NM037,2025-09-26,9.75416666666667,0.0235138888888889
08NM037,2025-09-27,9.89166666666667,0.0237986111111111
08NM037,2025-09-28,10.0583333333333,0.02425
08NM037,2025-09-29,10.2916666666667,0.0234722222222222
08NM037,2025-09-30,11.075,0.0252881944444444
08NM037,2025-10-01,9.9125,0.0305208333333333
08NM037,2025-10-02,9.44583333333333,0.0293020833333333
08NM037,2025-10-03,8.62083333333333,0.0292430555555556
08NM037,2025-10-04,8.88333333333333,0.0284548611111111
08NM037,2025-10-05,7.39583333333333,0.0310069444444444
08NM037,2025-10-06,7.42916666666667,0.0318923611111111
08NM037,2025-10-07,7.65833333333333,0.0305173611111111
08NM037,2025-10-08,8.0375,0.0282083333333333
08NM037,2025-10-09,7.88333333333333,0.0275451388888889
08NM037,2025-10-10,7.7875,0.02796875
08NM037,2025-10-11,7.99583333333333,0.0282604166666667
08NM037,2025-10-12,7.15,0.0387361111111111
08NM037,2025-10-13,5.97916666666667,0.0404722222222222
08NM037,2025-10-14,4.1125,0.0381458333333333
08NM037,2025-10-15,3.34166666666667,0.0362291666666667
08NM037,2025-10-16,3.89583333333333,0.0354652777777778
08NM037,2025-10-17,5.42083333333333,0.0364895833333333
08NM037,2025-10-18,4.725,0.0423333333333333
08NM037,2025-10-19,5.65,0.0489131944444444
08NM037,2025-10-20,5.675,0.0561145833333333
08NM037,2025-10-21,6.42083333333333,0.0453993055555556
08NM037,2025-10-22,5.30833333333333,0.0449756944444444
08NM037,2025-10-23,5.65,0.04475
08NM037,2025-10-24,6.40833333333333,0.0420694444444444
08NM037,2025-10-25,6.275,0.0497083333333333
08NM037,2025-10-26,5.6375,0.0552465277777778
08NM037,2025-10-27,4.78333333333333,0.0471979166666667
08NM037,2025-10-28,3.5875,0.0431701388888889
08NM037,2025-10-29,4.17916666666667,0.0442152777777778
08NM037,2025-10-30,3.7125,0.0440798611111111
08NM037,2025-10-31,3.12916666666667,0.0417013888888889
08NM037,2025-11-01,4.72916666666667,0.0409965277777778
08NM037,2025-11-02,3.80416666666667,0.0678402777777778
08NM037,2025-11-03,3.47916666666667,0.0693645833333333
08NM037,2025-11-04,3.68333333333333,0.0560625
08NM037,2025-11-05,4.27916666666667,0.0537361111111111
08NM037,2025-11-06,5.1125,0.0534166666666667
08NM037,2025-11-07,5.29166666666667,0.0717708333333333
08NM037,2025-11-08,3.36666666666667,0.0646805555555556
08NM037,2025-11-09,3.33333333333333,0.0567604166666667
08NM037,2025-11-10,3.95,0.0556701388888889
08NM037,2025-11-11,3.975,0.0653958333333333
08NM037,2025-11-12,3.64583333333333,0.0643993055555556
08NM037,2025-11-13,5.12916666666667,0.0574236111111111
08NM037,2025-11-14,5.72083333333333,0.0811631944444444
08NM037,2025-11-15,4.9125,0.0921180555555556
08NM037,2025-11-16,5.3375,0.0799201388888889
08NM037,2025-11-17,5.6375,0.0867951388888889
08NM037,2025-11-18,5.30833333333333,0.116631944444444
08NM037,2025-11-19,4.02380952380952,0.0982412587412587
08NM037,2025-11-20,3.71666666666667,0.0824513888888889
08NM037,2025-11-21,2.86666666666667,0.0695277777777778
08NM037,2025-11-22,3.70833333333333,0.06721875
08NM037,2025-11-23,4.35833333333333,0.0634618055555556
08NM037,2025-11-24,3.84166666666667,0.0677395833333333
08NM037,2025-11-25,2.50833333333333,0.0537430555555556
08NM037,2025-11-26,2.72916666666667,0.0546805555555556
08NM037,2025-11-27,2.63478260869565,0.0607152777777778
08NM037,2025-11-28,1.14782608695652,0.0574930555555556
08NM037,2025-11-29,0.8625,0.0370798611111111
08NM037,2025-11-30,0.854166666666667,0.0389618055555556
08NM037,2025-12-01,0.891666666666667,0.0424895833333333
08NM037,2025-12-02,1.1125,0.04571875
08NM037,2025-12-03,1.53333333333333,0.04503125
08NM037,2025-12-04,1.82083333333333,0.0460625
08NM037,2025-12-05,1.46666666666667,0.0492534722222222
08NM037,2025-12-06,1.41666666666667,0.0527951388888889
08NM037,2025-12-07,1.6375,0.0530277777777778
08NM037,2025-12-08,2.2625,0.0546805555555556
08NM037,2025-12-09,2.525,0.0693819444444444
08NM037,2025-12-10,2.1125,0.0880381944444444
08NM037,2025-12-11,1.68333333333333,0.395996527777778
08NM037,2025-12-12,2.02083333333333,0.345541666666667
08NM037,2025-12-13,2.57916666666667,0.218184027777778
08NM037,2025-12-14,2.80833333333333,0.187322916666667
08NM037,2025-12-15,3.57916666666667,0.170256944444444
08NM037,2025-12-16,2.825,0.250861111111111
08NM037,2025-12-17,2.42083333333333,0.231190972222222
08NM037,2025-12-18,1.61666666666667,0.185798611111111
08NM037,2025-12-19,0.8125,0.164138888888889
08NM037,2025-12-20,0.2625,0.125993055555556
08NM037,2025-12-21,0.279166666666667,0.13496875
08NM037,2025-12-22,0.679166666666667,0.130163194444444
08NM037,2025-12-23,0.570833333333333,0.119541666666667
08NM037,2025-12-24,0.708333333333333,0.118402777777778
08NM037,2025-12-25,0.895833333333333,0.121083333333333
08NM037,2025-12-26,1.39166666666667,0.120527777777778
08NM037,2025-12-27,0.291666666666667,0.0779583333333333
08NM037,2025-12-28,-0.0708333333333333,0.0492777777777778
08NM037,2025-12-29,0.108333333333333,0.0669618055555556
08NM037,2025-12-30,0.145833333333333,0.0759166666666667
08NM037,2025-12-31,0.295833333333333,0.0877430555555555
08NM037,2026-01-01,0.275,0.0932881944444444
08NM037,2026-01-02,0.341666666666667,0.0989236111111111
08NM037,2026-01-03,1.3,0.101482638888889
08NM037,2026-01-04,1.7625,0.105840277777778
08NM037,2026-01-05,1.62916666666667,0.103357638888889
08NM037,2026-01-06,1.45833333333333,0.100350694444444
08NM037,2026-01-07,1.29166666666667,0.0997986111111111
08NM037,2026-01-08,0.716666666666667,0.09875
08NM037,2026-01-09,1.24583333333333,0.0972777777777778
08NM037,2026-01-10,1.74583333333333,0.0960138888888889
08NM037,2026-01-11,1.96666666666667,0.0956423611111111
08NM037,2026-01-12,2.24583333333333,0.0970104166666667
08NM037,2026-01-13,2.27916666666667,0.107951388888889
08NM037,2026-01-14,1.4,0.142444444444444
08NM037,2026-01-15,1.32916666666667,0.140173611111111
08NM037,2026-01-16,0.5875,0.133347222222222
08NM037,2026-01-17,0.225,0.125125
08NM037,2026-01-18,0.458333333333333,0.125899305555556
08NM037,2026-01-19,0.370833333333333,0.121319444444444
08NM037,2026-01-20,0.404166666666667,0.120520833333333
08NM037,2026-01-21,0.270833333333333,0.1189375
08NM037,2026-01-22,0.358333333333333,0.117125
08NM037,2026-01-23,0.2875,0.1016875
08NM037,2026-01-24,-0.0833333333333333,0.0600902777777778
08NM037,2026-01-25,-0.0916666666666667,0.06828125
08NM037,2026-01-26,0.129166666666667,0.0854513888888889
08NM037,2026-01-27,0.154166666666667,0.0895763888888889
08NM037,2026-01-28,0.2875,0.0928020833333333
08NM037,2026-01-29,0.958333333333333,0.102173611111111
08NM037,2026-01-30,1.5375,0.106833333333333
08NM037,2026-01-31,1.65,0.109972222222222
08NM037,2026-02-01,1.91666666666667,0.109965277777778
08NM037,2026-02-02,1.91666666666667,0.110291666666667
08NM037,2026-02-03,2.0875,0.106829861111111
08NM037,2026-02-04,2.44166666666667,0.108736111111111
08NM037,2026-02-05,2.05,0.1085
08NM037,2026-02-06,2.39166666666667,0.106708333333333
08NM037,2026-02-07,2.3375,0.107319444444444
08NM037,2026-02-08,2.10833333333333,0.107798611111111
08NM037,2026-02-09,1.38333333333333,0.105736111111111
08NM037,2026-02-10,1.775,0.105472222222222
08NM037,2026-02-11,1.42916666666667,0.105086805555556
08NM037,2026-02-12,0.879166666666667,0.102878472222222
08NM037,2026-02-13,1.4875,0.103559027777778
08NM037,2026-02-14,2.2,0.103819444444444
08NM037,2026-02-15,0.9125,0.0978923611111111
08NM037,2026-02-16,0.620833333333333,0.104131944444444
08NM037,2026-02-17,1.15416666666667,0.102413194444444
08NM037,2026-02-18,0.729166666666667,0.09721875
08NM037,2026-02-19,0.104166666666667,0.0740972222222222
08NM037,2026-02-20,-0.125,0.195472222222222
08NM037,2026-02-21,0.1375,0.0911666666666667
08NM037,2026-02-22,0.283333333333333,0.100607638888889
08NM037,2026-02-23,0.570833333333333,0.101364583333333
08NM037,2026-02-24,0.933333333333333,0.09671875
08NM037,2026-02-25,0.879166666666667,0.0936180555555556
08NM037,2026-02-26,1.72916666666667,0.0932048611111111
08NM037,2026-02-27,2.1625,0.0941111111111111
08NM037,2026-02-28,2.2375,0.0934791666666667
08NM037,2026-03-01,1.34583333333333,0.0918611111111111
08NM037,2026-03-02,1.29166666666667,0.0914930555555555
08NM037,2026-03-03,2.09583333333333,0.0924097222222222
08NM037,2026-03-04,2.6,0.0953854166666667
08NM037,2026-03-05,2.67083333333333,0.09596875
08NM037,2026-03-06,2.94166666666667,0.0932430555555556
08NM037,2026-03-07,4.33333333333333,0.105982638888889
08NM037,2026-03-08,4.99583333333333,0.134440972222222
08NM037,2026-03-09,1.90833333333333,0.136065972222222
08NM037,2026-03-10,0.879166666666667,0.120611111111111
08NM037,2026-03-11,1.25833333333333,0.124899305555556
08NM037,2026-03-12,2.00833333333333,0.121732638888889
08NM037,2026-03-13,1.975,0.11584375
08NM037,2026-03-14,1.52916666666667,0.112916666666667
08NM037,2026-03-15,0.775,0.103850694444444
08NM037,2026-03-16,1.51666666666667,0.114236111111111
08NM037,2026-03-17,2.69166666666667,0.110569444444444
08NM037,2026-03-18,5.09583333333333,0.130038194444444
08NM037,2026-03-19,4.85833333333333,0.209802083333333
08NM037,2026-03-20,4.12083333333333,0.404326388888889
08NM037,2026-03-21,2.87916666666667,0.575680555555556
08NM037,2026-03-22,1.72916666666667,0.41621875
08NM037,2026-03-23,1.90416666666667,0.327850694444444
08NM037,2026-03-24,3.04166666666667,0.294173611111111
08NM037,2026-03-25,2.35,0.274114583333333
08NM037,2026-03-26,1.85,0.250083333333333
08NM037,2026-03-27,1.8375,0.244371527777778
08NM037,2026-03-28,2.6125,0.2399375
08NM037,2026-03-29,2.98333333333333,0.230552083333333
08NM037,2026-03-30,1.52083333333333,0.215371527777778
08NM037,2026-03-31,1.1625,0.223177083333333
08NM037,2026-04-01,1.77083333333333,0.223482638888889
08NM037,2026-04-02,2.90833333333333,0.214760416666667
08NM037,2026-04-03,3.76666666666667,0.210034722222222
08NM037,2026-04-04,4.2625,0.209388888888889
08NM037,2026-04-05,4.82083333333333,0.231611111111111
08NM037,2026-04-06,5.53333333333333,0.280604166666667
08NM037,2026-04-07,5.03333333333333,0.371399305555556
08NM037,2026-04-08,3.3875,0.366864583333333
08NM037,2026-04-09,3.83333333333333,0.372041666666667
08NM037,2026-04-10,4.3,0.403138888888889
08NM037,2026-04-11,5.28333333333333,0.499131944444444
08NM037,2026-04-12,4.61666666666667,0.806211805555556
08NM037,2026-04-13,4.48333333333333,0.893024305555556
08NM037,2026-04-14,4.07916666666667,0.98909375
08NM037,2026-04-15,3.37916666666667,0.76253125
08NM037,2026-04-16,2.3625,0.633788194444444
08NM037,2026-04-17,3.26666666666667,0.583916666666667
08NM037,2026-04-18,3.40416666666667,0.544822916666667
08NM037,2026-04-19,4.6375,0.546722222222222
08NM037,2026-04-20,5.66666666666667,0.598954861111111
08NM037,2026-04-21,5.75,0.810541666666667
08NM037,2026-04-22,5.775,1.13949305555556
08NM037,2026-04-23,4.29583333333333,1.22902777777778
08NM037,2026-04-24,3.26666666666667,0.937027777777778
08NM037,2026-04-25,2.91666666666667,0.804579861111111
08NM037,2026-04-26,3.15833333333333,0.744788194444444
08NM037,2026-04-27,3.5625,0.702065972222222
08NM037,2026-04-28,5.06666666666667,0.679663194444444
08NM037,2026-04-29,5.32916666666667,0.754878472222222
08NM037,2026-04-30,5.62083333333333,0.827458333333333
08NM037,2026-05-01,5.91666666666667,1.03594791666667
08NM037,2026-05-02,5.95,1.19090972222222
08NM037,2026-05-03,5.82083333333333,1.29625
08NM037,2026-05-04,5.98333333333333,1.57621527777778
08NM037,2026-05-05,5.74583333333333,1.82378472222222
08NM037,2026-05-06,6.16666666666667,1.91114583333333
08NM037,2026-05-07,6.27916666666667,2.12625
08NM037,2026-05-08,5.89166666666667,1.89611111111111
08NM037,2026-05-09,5.65833333333333,1.62652777777778
08NM037,2026-05-10,6.275,1.57447916666667
08NM037,2026-05-11,6.29166666666667,1.46815972222222
08NM037,2026-05-12,6.2875,1.35211805555556
08NM037,2026-05-13,7.09583333333333,1.73690972222222
08NM037,2026-05-14,5.15416666666667,2.87611111111111
08NM037,2026-05-15,4.87916666666667,1.71555555555556
08NM037,2026-05-16,4.1875,1.47548611111111
08NM037,2026-05-17,4.51666666666667,1.31232638888889
08NM037,2026-05-18,5.2125,1.27559027777778
08NM037,2026-05-19,5.84583333333333,1.18194444444444
08NM037,2026-05-20,6.50833333333333,1.11277777777778
08NM037,2026-05-21,6.35833333333333,1.04695138888889
08NM037,2026-05-22,6.97083333333333,1.01129861111111
08NM037,2026-05-23,7.91666666666667,0.992295138888889
08NM037,2026-05-24,8.68333333333333,0.996274305555556
08NM037,2026-05-25,8.72916666666667,0.959979166666667
08NM037,2026-05-26,8.42916666666667,0.9714375
08NM037,2026-05-27,8.32916666666667,0.954729166666667
08NM037,2026-05-28,9.87916666666667,0.926364583333333
08NM037,2026-05-29,10.7375,1.25162847222222
08NM037,2026-05-30,7.91666666666667,1.41788194444444
08NM037,2026-05-31,7.97916666666667,1.05926041666667
08NM037,2026-06-01,7.97916666666667,0.898354166666667
08NM037,2026-06-02,7.87083333333333,0.827663194444444
08NM037,2026-06-03,9.14166666666667,0.773736111111111
08NM037,2026-06-04,8.8125,0.840260416666667
08NM037,2026-06-05,8.925,0.734072916666667
08NM037,2026-06-06,7.52083333333333,0.668635416666667
08NM037,2026-06-07,6.9125,0.656458333333333
08NM037,2026-06-08,6.925,0.619302083333333
08NM037,2026-06-09,7.7125,0.634701388888889
08NM037,2026-06-10,7.69583333333333,0.716472222222222
08NM037,2026-06-11,8.17916666666667,0.615197916666667
08NM037,2026-06-12,8.79583333333333,0.5183125
08NM037,2026-06-13,8.97083333333333,0.466284722222222
08NM037,2026-06-14,9.9125,0.429541666666667
08NM037,2026-06-15,11.0916666666667,0.393746527777778
08NM037,2026-06-16,11.6166666666667,0.365833333333333
08NM037,2026-06-17,11.4,0.34909375
08NM037,2026-06-18,10.6583333333333,0.346003472222222
08NM037,2026-06-19,10.9166666666667,0.320458333333333
08NM037,2026-06-20,11.8041666666667,0.29909375
08NM037,2026-06-21,11.0583333333333,0.281822916666667
08NM037,2026-06-22,10.9,0.26790625
08NM037,2026-06-23,11.5791666666667,0.248118055555556
08NM037,2026-06-24,12.133333333333301,0.229798611111111
08NM037,2026-06-25,12.2541666666667,0.224555555555556
08NM037,2026-06-26,12.2875,0.218451388888889
08NM037,2026-06-27,11.4541666666667,0.22565625
08NM037,2026-06-28,10.7083333333333,0.220642361111111
08NM037,2026-06-29,11.6625,0.214350694444444
08NM037,2026-06-30,12.2636363636364,0.206472222222222
08NM037,2026-07-01,11.3416666666667,0.194472222222222
08NM037,2026-07-02,10.825,0.182989583333333
08NM037,2026-07-03,11.5666666666667,0.190642361111111
08NM037,2026-07-04,12.7416666666667,0.174534722222222
08NM037,2026-07-05,12.3166666666667,0.161503472222222
08NM037,2026-07-06,11.6541666666667,0.156486111111111
08NM037,2026-07-07,13.2,0.144760416666667
08NM037,2026-07-08,14.3291666666667,0.134559027777778
08NM037,2026-07-09,14.0375,0.127670138888889
08NM037,2026-07-10,13.8791666666667,0.123371527777778
08NM037,2026-07-11,13.55,0.123086805555556
08NM037,2026-07-12,13.3291666666667,0.118152777777778
08NM037,2026-07-13,12.9083333333333,0.112666666666667
08NM037,2026-07-14,13.3791666666667,0.104802083333333
08NM037,2026-07-15,14.7,0.0978854166666667
08NM037,2026-07-16,15.375,0.0936770833333333
08NM037,2026-07-17,15.9916666666667,0.0850347222222222
08NM037,2026-07-18,15.3333333333333,0.0803229166666667
08NM037,2026-07-19,14.025,0.0806701388888889
08NM037,2026-07-20,14.0916666666667,0.0794895833333333
08NM037,2026-07-21,15.0125,0.0747951388888889
08NM037,2026-07-22,15.7416666666667,0.0685763888888889
08NM037,2026-07-23,16.7125,0.0634479166666667
08NM037,2026-07-24,15.9583333333333,0.0650625
08NM037,2026-07-25,15.7333333333333,0.0618368055555556
08NM037,2026-07-26,14.2875,0.0645069444444445
08NM037,2026-07-27,14.55,0.0633611111111111
08NM037,2026-07-28,14.1833333333333,0.0616006944444444
08NM037,2026-07-29,13.9708333333333,0.0553645833333333
08NM037,2026-07-30,13.3416666666667,0.0531006944444444
08NM037,2026-07-31,14.1416666666667,0.0507465277777778
08NM037,2026-08-01,14.383333333333301,0.0495555555555556
08NM037,2026-08-02,12.925,0.0495486111111111
08NM037,2026-08-03,11.825,0.0552256944444444
08NM037,2026-08-04,12.383333333333301,0.05503125
08NM037,2026-08-05,12.9375,0.0496006944444444
08NM037,2026-08-06,12.9666666666667,0.0467916666666667
08NM037,2026-08-07,13.5666666666667,0.0418194444444444
08NM037,2026-08-08,14.4375,0.0380069444444444
08NM037,2026-08-09,14.1583333333333,0.0370381944444444
08NM037,2026-08-10,14.4875,0.0346875
08NM037,2026-08-11,14.5875,0.0345034722222222
08NM037,2026-08-12,14.15,0.0362986111111111
08NM037,2026-08-13,14.0166666666667,0.0356111111111111
08NM037,2026-08-14,13.35,0.0353402777777778
08NM037,2026-08-15,12.9708333333333,0.0366875
08NM037,2026-08-16,13.4916666666667,0.0361527777777778
08NM037,2026-08-17,13.7875,0.0358333333333333
08NM037,2026-08-18,14.383333333333301,0.0312569444444444
08NM037,2026-08-19,14.7416666666667,0.0292777777777778
08NM037,2026-08-20,14.6083333333333,0.0286840277777778
08NM037,2026-08-21,14.4333333333333,0.0284097222222222
08NM037,2026-08-22,15.0833333333333,0.0273645833333333
08NM037,2026-08-23,14.7625,0.0274166666666667
08NM037,2026-08-24,13.0583333333333,0.029875
08NM037,2026-08-25,13.4791666666667,0.0293125
08NM037,2026-08-26,13.7875,0.0262118055555556
08NM037,2026-08-27,13.895,0.0239828326180258
08NM050,2024-10-19,7.09857142857143,9.93893617021277
08NM050,2024-10-20,6.83,9.95727272727273
08NM050,2024-10-21,10.99,9.93
08NM050,2024-10-22,12.46,9.98909090909091
08NM050,2024-10-23,12.735,8.985
08NM050,2024-10-24,12.31,8.97090909090909
08NM050,2024-10-25,11.965,8.94678571428572
08NM050,2024-10-26,12.02,8.99681818181818
08NM050,2024-10-27,12.05,8.97772727272727
08NM050,2024-10-28,11.66,8.93409090909091
08NM050,2024-10-29,11.56,8.99136363636364
08NM050,2024-10-30,11.135,7.89964285714286
08NM050,2024-10-31,10.805,7.94571428571429
08NM050,2024-11-01,10.69,7.93375
08NM050,2024-11-02,10.706,7.97928571428571
08NM050,2024-11-03,10.83,7.950625
08NM050,2024-11-04,10.3716666666667,7.90736842105263
08NM050,2024-11-05,9.56,6.47454545454545
08NM050,2024-11-06,9.79,6.49392857142857
08NM050,2024-11-07,9.265,6.46285714285714
08NM050,2024-11-08,8.99,6.475
08NM050,2024-11-09,8.32,6.45045454545455
08NM050,2024-11-10,9,6.488125
08NM050,2024-11-11,7.42,6.48375
08NM050,2024-11-12,7.29333333333333,6.47695121951219
08NM050,2024-11-13,6.536,6.49049180327869
08NM050,2024-11-14,6.54,6.52785714285714
08NM050,2024-11-15,6.26857142857143,6.53886363636364
08NM050,2024-11-16,6.32,6.483125
08NM050,2024-11-17,6.17,6.49590909090909
08NM050,2024-11-18,6.2,6.523125
08NM050,2024-11-19,6.14,6.55615384615385
08NM050,2024-11-20,6.27,6.55230769230769
08NM050,2024-11-21,6.465,6.59038461538462
08NM050,2024-11-22,7.48,6.634
08NM050,2024-11-23,8.1,6.63434782608696
08NM050,2024-11-24,8.06,6.61565217391304
08NM050,2024-11-25,7.93291666666667,6.64649305555556
08NM050,2024-11-26,7.70708333333333,6.646875
08NM050,2024-11-27,7.855,6.61534722222222
08NM050,2024-11-28,7.73333333333333,6.586875
08NM050,2024-11-29,7.60375,6.5825
08NM050,2024-11-30,6.59,6.55782608695652
08NM050,2024-12-01,6.41,6.57478260869565
08NM050,2024-12-02,6.58,6.53346153846154
08NM050,2024-12-03,6.26,6.53192307692308
08NM050,2024-12-04,6.125,6.51137931034483
08NM050,2024-12-05,5.97,6.49846153846154
08NM050,2024-12-06,6.03,6.48625
08NM050,2024-12-07,6.12,6.47
08NM050,2024-12-08,6.19,6.47653846153846
08NM050,2024-12-09,6.14,6.48782608695652
08NM050,2024-12-10,5.83,6.45038461538461
08NM050,2024-12-11,5.81,6.43862068965517
08NM050,2024-12-12,5.8,6.4451724137931
08NM050,2024-12-13,5.645,6.44857142857143
08NM050,2024-12-14,6.065,6.41607142857143
08NM050,2024-12-15,5.95,6.42464285714286
08NM050,2024-12-16,5.775,6.426
08NM050,2024-12-17,5.66,6.44607142857143
08NM050,2024-12-18,5.95,6.46535714285714
08NM050,2024-12-19,5.83,6.46821428571429
08NM050,2024-12-20,5.92,6.458
08NM050,2024-12-21,5.78,6.4625
08NM050,2024-12-22,5.85,6.4652
08NM050,2024-12-23,5.94,6.46377049180328
08NM050,2024-12-24,6.025,6.44428571428571
08NM050,2024-12-25,5.66,6.42625
08NM050,2024-12-26,5.87,6.43821428571429
08NM050,2024-12-27,5.775,6.42708333333333
08NM050,2024-12-28,5.71,6.4408
08NM050,2024-12-29,5.705,6.44642857142857
08NM050,2024-12-30,5.78,6.42461538461538
08NM050,2024-12-31,5.485,6.40192307692308
08NM050,2025-01-01,5.68,6.41
08NM050,2025-01-02,5.475,6.39275862068965
08NM050,2025-01-03,5.555,6.40538461538462
08NM050,2025-01-04,5.66,6.40884615384615
08NM050,2025-01-05,5.67,6.40782608695652
08NM050,2025-01-06,5.66,6.41588235294118
08NM050,2025-01-07,5.395,6.346875
08NM050,2025-01-08,5.405,6.3621875
08NM050,2025-01-09,5.175,6.3271875
08NM050,2025-01-10,5.38,6.31774193548387
08NM050,2025-01-11,5.395,6.3258064516129
08NM050,2025-01-12,5.46,6.33645161290323
08NM050,2025-01-13,5.195,6.3458064516129
08NM050,2025-01-14,4.905,6.32294117647059
08NM050,2025-01-15,5.05,6.31705882352941
08NM050,2025-01-16,5.31,6.30705882352941
08NM050,2025-01-17,5.03,6.31029411764706
08NM050,2025-01-18,4.995,6.24588235294118
08NM050,2025-01-19,3.686,6.23014925373134
08NM050,2025-01-20,4.545,6.21411764705882
08NM050,2025-01-21,4.795,6.215
08NM050,2025-01-22,4.415,6.19178571428571
08NM050,2025-01-23,4.45,6.18529411764706
08NM050,2025-01-24,4.68,6.20088235294118
08NM050,2025-01-25,4.65,6.19176470588235
08NM050,2025-01-26,4.0825,6.18181818181818
08NM050,2025-01-27,3.66,6.18516129032258
08NM050,2025-01-28,4.28458333333333,6.18149305555556
08NM050,2025-01-29,4.28625,6.14458333333333
08NM050,2025-01-30,4.25833333333333,6.08288194444444
08NM050,2025-01-31,4.39416666666667,6.09993055555556
08NM050,2025-02-01,4.43625,6.10177083333333
08NM050,2025-02-02,4.31833333333333,6.0915625
08NM050,2025-02-03,3.23458333333333,6.08298611111111
08NM050,2025-02-04,1.79333333333333,6.05388888888889
08NM050,2025-02-05,1.51458333333333,6.10305555555556
08NM050,2025-02-06,2.05875,7.99388888888889
08NM050,2025-02-07,1.80625,7.97645833333333
08NM050,2025-02-08,2.37666666666667,7.96253472222222
08NM050,2025-02-09,2.9475,7.96513888888889
08NM050,2025-02-10,2.91083333333333,7.95065972222222
08NM050,2025-02-11,2.94208333333333,7.94534722222222
08NM050,2025-02-12,2.81583333333333,7.92902777777778
08NM050,2025-02-13,3.11608695652174,7.91847222222222
08NM050,2025-02-14,2.95625,7.92013888888889
08NM050,2025-02-15,2.8875,7.93204861111111
08NM050,2025-02-16,3.39833333333333,7.94017361111111
08NM050,2025-02-17,3.05916666666667,7.95645833333333
08NM050,2025-02-18,3.00375,7.96107638888889
08NM050,2025-02-19,3.06125,7.95513888888889
08NM050,2025-02-20,3.18208333333333,7.95767361111111
08NM050,2025-02-21,3.745,7.94597222222222
08NM050,2025-02-22,3.73333333333333,7.95635416666667
08NM050,2025-02-23,3.80833333333333,7.95319444444444
08NM050,2025-02-24,3.82875,7.97190972222222
08NM050,2025-02-25,3.83625,7.99006944444444
08NM050,2025-02-26,3.92,7.98107638888889
08NM050,2025-02-27,4.02375,7.98527777777778
08NM050,2025-02-28,4.17208333333333,7.96142361111111
08NM050,2025-03-01,4.58916666666667,7.95277777777778
08NM050,2025-03-02,4.92958333333333,7.95291666666667
08NM050,2025-03-03,4.76916666666667,7.95142361111111
08NM050,2025-03-04,4.87083333333333,7.93340277777778
08NM050,2025-03-05,4.51125,7.94104166666667
08NM050,2025-03-06,4.79166666666667,7.93083333333333
08NM050,2025-03-07,4.75916666666667,7.92368055555556
08NM050,2025-03-08,4.7375,7.92086805555556
08NM050,2025-03-09,4.58375,7.90711805555556
08NM050,2025-03-10,4.51833333333333,7.90743055555556
08NM050,2025-03-11,4.38666666666667,7.9025
08NM050,2025-03-12,4.395,7.91579861111111
08NM050,2025-03-13,4.53708333333333,7.95204861111111
08NM050,2025-03-14,4.52166666666667,7.94055555555556
08NM050,2025-03-15,4.6025,7.93638888888889
08NM050,2025-03-16,4.57291666666667,7.93899305555556
08NM050,2025-03-17,4.655,7.64114583333333
08NM050,2025-03-18,4.80291666666667,6.93902777777778
08NM050,2025-03-19,5.21708333333333,6.9275
08NM050,2025-03-20,4.78333333333333,6.94559027777778
08NM050,2025-03-21,4.83875,6.945625
08NM050,2025-03-22,4.94666666666667,6.92847222222222
08NM050,2025-03-23,5.35166666666667,6.94177083333333
08NM050,2025-03-24,5.10125,6.96447916666667
08NM050,2025-03-25,5.45916666666667,6.98048611111111
08NM050,2025-03-26,6.39875,6.97270833333333
08NM050,2025-03-27,6.33291666666667,6.99010416666667
08NM050,2025-03-28,5.61208333333333,7.01565972222222
08NM050,2025-03-29,5.32125,7.0053125
08NM050,2025-03-30,6.67208333333333,7.00489583333333
08NM050,2025-03-31,6.71125,6.9971875
08NM050,2025-04-01,5.92958333333333,6.77857638888889
08NM050,2025-04-02,5.78954545454545,6.17589928057554
08NM050,2025-04-03,6.95041666666667,6.13041666666667
08NM050,2025-04-04,7.62083333333333,6.09864583333333
08NM050,2025-04-05,8.04458333333333,6.07357638888889
08NM050,2025-04-06,6.09875,6.05305555555556
08NM050,2025-04-07,5.58958333333333,6.07704861111111
08NM050,2025-04-08,5.25791666666667,6.08444444444444
08NM050,2025-04-09,5.30583333333333,6.10986111111111
08NM050,2025-04-10,5.32833333333333,6.10795138888889
08NM050,2025-04-11,5.91666666666667,6.099375
08NM050,2025-04-12,7.52916666666667,6.07440972222222
08NM050,2025-04-13,6.89,6.0653125
08NM050,2025-04-14,7.85791666666667,6.06670138888889
08NM050,2025-04-15,6.60708333333333,6.06923611111111
08NM050,2025-04-16,8.61958333333333,6.08055555555556
08NM050,2025-04-17,8.42208333333333,6.03138888888889
08NM050,2025-04-18,8.68,6.03423611111111
08NM050,2025-04-19,7.69791666666667,6.05315972222222
08NM050,2025-04-20,8.81,6.03302083333333
08NM050,2025-04-21,8.30625,6.04065972222222
08NM050,2025-04-22,8.83375,6.04927083333333
08NM050,2025-04-23,9.22833333333333,6.06642361111111
08NM050,2025-04-24,10.0616666666667,6.05895833333333
08NM050,2025-04-25,10.4579166666667,6.05798611111111
08NM050,2025-04-26,11.2470833333333,6.04701388888889
08NM050,2025-04-27,12.2595833333333,6.07371527777778
08NM050,2025-04-28,12.4916666666667,6.09576388888889
08NM050,2025-04-29,11.9954166666667,6.12357638888889
08NM050,2025-04-30,12.6854166666667,6.13611111111111
08NM050,2025-05-01,13.6766666666667,6.16256944444444
08NM050,2025-05-02,11.3070833333333,6.17902777777778
08NM050,2025-05-03,8.70708333333333,6.2259375
08NM050,2025-05-04,10.80125,6.24496527777778
08NM050,2025-05-05,12.1925,6.2759375
08NM050,2025-05-06,12.875,6.30322916666667
08NM050,2025-05-07,11.26,6.30607638888889
08NM050,2025-05-08,8.85875,7.14041666666667
08NM050,2025-05-09,12.675,9.44361111111111
08NM050,2025-05-10,10.46625,10.1743055555556
08NM050,2025-05-11,11.8016666666667,10.195833333333301
08NM050,2025-05-12,12.6016666666667,10.2173611111111
08NM050,2025-05-13,12.9829166666667,10.2711805555556
08NM050,2025-05-14,13.7320833333333,10.290625
08NM050,2025-05-15,14.0266666666667,10.3513888888889
08NM050,2025-05-16,15.0383333333333,10.3868055555556
08NM050,2025-05-17,13.4454166666667,10.4336805555556
08NM050,2025-05-18,11.2545833333333,10.4829861111111
08NM050,2025-05-19,13.09625,10.51875
08NM050,2025-05-20,7.65166666666667,12.180208333333301
08NM050,2025-05-21,9.56208333333333,19.834375
08NM050,2025-05-22,11.95125,19.9479166666667
08NM050,2025-05-23,13.4916666666667,19.9916666666667
08NM050,2025-05-24,11.7941666666667,20.0253472222222
08NM050,2025-05-25,10.3808333333333,20.0604166666667
08NM050,2025-05-26,9.6325,20.1041666666667
08NM050,2025-05-27,11.7970833333333,22.6770833333333
08NM050,2025-05-28,14.415,29.8496527777778
08NM050,2025-05-29,13.9279166666667,31.0871527777778
08NM050,2025-05-30,14.85,41.6538194444444
08NM050,2025-05-31,13.84,41.7211805555556
08NM050,2025-06-01,14.58375,42.4416666666667
08NM050,2025-06-02,15.03,45.1215277777778
08NM050,2025-06-03,15.5541666666667,45.1277777777778
08NM050,2025-06-04,15.4120833333333,45.1375
08NM050,2025-06-05,16.9433333333333,45.0840277777778
08NM050,2025-06-06,18.3016666666667,45.0597222222222
08NM050,2025-06-07,19.42875,45.1107638888889
08NM050,2025-06-08,19.5204166666667,45.2010416666667
08NM050,2025-06-09,19.71,43.3295138888889
08NM050,2025-06-10,21.8475,36.6524305555556
08NM050,2025-06-11,20.9970833333333,36.6892361111111
08NM050,2025-06-12,21.5354166666667,36.5548611111111
08NM050,2025-06-13,20.7845833333333,34.8916666666667
08NM050,2025-06-14,21.2133333333333,35.0458333333333
08NM050,2025-06-15,21.3875,35.1208333333333
08NM050,2025-06-16,21.7816666666667,32.4190972222222
08NM050,2025-06-17,21.59625,25.5506944444444
08NM050,2025-06-18,21.6679166666667,25.5885416666667
08NM050,2025-06-19,21.5029166666667,23.015625
08NM050,2025-06-20,21.4579166666667,17.50625
08NM050,2025-06-21,20.6970833333333,17.6010416666667
08NM050,2025-06-22,20.1954166666667,17.1493055555556
08NM050,2025-06-23,18.9066666666667,14.8871527777778
08NM050,2025-06-24,19.8545833333333,14.9878472222222
08NM050,2025-06-25,18.4316666666667,15.0076388888889
08NM050,2025-06-26,19.2504166666667,14.9538194444444
08NM050,2025-06-27,19.67125,14.9545138888889
08NM050,2025-06-28,19.7966666666667,15.0315972222222
08NM050,2025-06-29,20.3966666666667,15.0975694444444
08NM050,2025-06-30,20.8491666666667,15.4503472222222
08NM050,2025-07-01,21.4779166666667,16.2465277777778
08NM050,2025-07-02,22.98125,16.2475694444444
08NM050,2025-07-03,22.5133333333333,16.2364583333333
08NM050,2025-07-04,22.1158333333333,16.2739583333333
08NM050,2025-07-05,21.7791666666667,16.1989583333333
08NM050,2025-07-06,20.8691666666667,16.1631944444444
08NM050,2025-07-07,22.0620833333333,16.2118055555556
08NM050,2025-07-08,22.6495833333333,16.2145833333333
08NM050,2025-07-09,21.6233333333333,16.1916666666667
08NM050,2025-07-10,21.8104166666667,16.8899305555556
08NM050,2025-07-11,22.0270833333333,16.88125
08NM050,2025-07-12,22.6983333333333,16.9246527777778
08NM050,2025-07-13,24.38,17.0173611111111
08NM050,2025-07-14,24.27125,17.0940972222222
08NM050,2025-07-15,23.1891666666667,17.0868055555556
08NM050,2025-07-16,23.3733333333333,13.8516319444444
08NM050,2025-07-17,21.9366666666667,17.6256944444444
08NM050,2025-07-18,23.0825,17.6267361111111
08NM050,2025-07-19,22.9154166666667,17.6236111111111
08NM050,2025-07-20,22.9733333333333,17.6982638888889
08NM050,2025-07-21,22.9816666666667,17.6774305555556
08NM050,2025-07-22,22.5841666666667,17.7142361111111
08NM050,2025-07-23,23.5025,17.8413194444444
08NM050,2025-07-24,22.1791666666667,17.7677083333333
08NM050,2025-07-25,24.0416666666667,17.7746527777778
08NM050,2025-07-26,23.56625,17.8503472222222
08NM050,2025-07-27,23.5066666666667,17.8440972222222
08NM050,2025-07-28,23.2283333333333,17.7822916666667
08NM050,2025-07-29,23.7725,17.7802083333333
08NM050,2025-07-30,24.2308333333333,17.7836236933798
08NM050,2025-07-31,24.4720833333333,17.7069444444444
08NM050,2025-08-01,24.3783333333333,17.6159722222222
08NM050,2025-08-02,23.93875,17.6927083333333
08NM050,2025-08-03,24.8433333333333,17.7604166666667
08NM050,2025-08-04,24.70125,17.6895833333333
08NM050,2025-08-05,24.6579166666667,17.6444444444444
08NM050,2025-08-06,23.5004166666667,17.6097222222222
08NM050,2025-08-07,23.4579166666667,17.6503472222222
08NM050,2025-08-08,23.8904166666667,17.5618055555556
08NM050,2025-08-09,24.25875,17.5423611111111
08NM050,2025-08-10,24.61,17.590625
08NM050,2025-08-11,25.2958333333333,17.5434027777778
08NM050,2025-08-12,24.73625,17.4763888888889
08NM050,2025-08-13,24.9158333333333,17.4319444444444
08NM050,2025-08-14,24.3670833333333,17.5295138888889
08NM050,2025-08-15,24.1125,17.7888888888889
08NM050,2025-08-16,22.9366666666667,17.6881944444444
08NM050,2025-08-17,23.4541666666667,17.6625
08NM050,2025-08-18,22.9191666666667,17.7663194444444
08NM050,2025-08-19,23.0720833333333,17.9291666666667
08NM050,2025-08-20,23.0129166666667,17.0048611111111
08NM050,2025-08-21,23.4225,16.8447916666667
08NM050,2025-08-22,23.0516666666667,16.8618055555556
08NM050,2025-08-23,22.8891666666667,16.7256944444444
08NM050,2025-08-24,23.1016666666667,16.6097222222222
08NM050,2025-08-25,23.325,16.5565972222222
08NM050,2025-08-26,23.55875,16.4940972222222
08NM050,2025-08-27,23.6516666666667,16.4017361111111
08NM050,2025-08-28,23.29375,16.0590277777778
08NM050,2025-08-29,22.4383333333333,14.3385416666667
08NM050,2025-08-30,23.1645833333333,14.3684027777778
08NM050,2025-08-31,23.6,14.3177083333333
08NM050,2025-09-01,23.3645833333333,14.2520833333333
08NM050,2025-09-02,23.4854166666667,14.1565972222222
08NM050,2025-09-03,23.8279166666667,14.0815972222222
08NM050,2025-09-04,23.9220833333333,13.41875
08NM050,2025-09-05,23.5291666666667,11.225
08NM050,2025-09-06,23.3170833333333,11.1059027777778
08NM050,2025-09-07,23.15625,11.0888888888889
08NM050,2025-09-08,23.1529166666667,11.0809027777778
08NM050,2025-09-09,23.4520833333333,11.0086805555556
08NM050,2025-09-10,23.4883333333333,11.29375
08NM050,2025-09-11,23.2579166666667,20.0253472222222
08NM050,2025-09-12,23.2720833333333,20.6729166666667
08NM050,2025-09-13,23.34875,10.9493055555556
08NM050,2025-09-14,22.2558333333333,10.8798611111111
08NM050,2025-09-15,22.13875,10.9190972222222
08NM050,2025-09-16,22.625,11.2125
08NM050,2025-09-17,22.1920833333333,11.125
08NM050,2025-09-18,21.7570833333333,11.0582456140351
08NM050,2025-09-19,21.9204166666667,11.05625
08NM050,2025-09-20,21.9445833333333,10.9625
08NM050,2025-09-21,21.7108333333333,10.8732638888889
08NM050,2025-09-22,21.1520833333333,11.2166666666667
08NM050,2025-09-23,20.5491666666667,11.8555555555556
08NM050,2025-09-24,19.0725,11.8579861111111
08NM050,2025-09-25,20.2025,11.9197916666667
08NM050,2025-09-26,19.7841666666667,11.8548611111111
08NM050,2025-09-27,19.5295833333333,11.78125
08NM050,2025-09-28,18.9570833333333,11.8465277777778
08NM050,2025-09-29,18.9516666666667,11.8607638888889
08NM050,2025-09-30,18.45375,11.8524305555556
08NM050,2025-10-01,16.1608333333333,11.7635416666667
08NM050,2025-10-02,9.45333333333333,11.8107638888889
08NM050,2025-10-03,11.58,11.9836805555556
08NM050,2025-10-04,16.69875,11.9923611111111
08NM050,2025-10-05,16.2091666666667,12.0090277777778
08NM050,2025-10-06,16.4679166666667,11.9958333333333
08NM050,2025-10-07,16.6391666666667,11.971875
08NM050,2025-10-08,16.2116666666667,11.9482638888889
08NM050,2025-10-09,16.0770833333333,11.7944444444444
08NM050,2025-10-10,16.14,11.1708333333333
08NM050,2025-10-11,16.2283333333333,11.0697916666667
08NM050,2025-10-12,15.8058333333333,11.0902777777778
08NM050,2025-10-13,14.5816666666667,11.2180555555556
08NM050,2025-10-14,14.835,11.1357638888889
08NM050,2025-10-15,14.7045833333333,11.0618055555556
08NM050,2025-10-16,14.52375,11.0520833333333
08NM050,2025-10-17,14.2533333333333,11.0388888888889
08NM050,2025-10-18,13.9816666666667,11.0565972222222
08NM050,2025-10-19,8.84375,11.1350694444444
08NM050,2025-10-20,7.07958333333333,11.1232638888889
08NM050,2025-10-21,8.97458333333333,11.1458333333333
08NM050,2025-10-22,9.64375,11.1892361111111
08NM050,2025-10-23,11.3379166666667,11.2604166666667
08NM050,2025-10-24,11,11.275
08NM050,2025-10-25,6.7375,11.3135416666667
08NM050,2025-10-26,6.665,11.2913194444444
08NM050,2025-10-27,5.84541666666667,11.2927083333333
08NM050,2025-10-28,6.06666666666667,11.3777777777778
08NM050,2025-10-29,6.22083333333333,11.4052083333333
08NM050,2025-10-30,5.79,9.62222222222222
08NM050,2025-10-31,6.79,6.34079861111111
08NM050,2025-11-01,6.65875,6.27763888888889
08NM050,2025-11-02,5.795,6.258125
08NM050,2025-11-03,5.975,6.2753125
08NM050,2025-11-04,6.18875,6.28711805555556
08NM050,2025-11-05,6.55833333333333,6.26878472222222
08NM050,2025-11-06,7.28916666666667,6.25979166666667
08NM050,2025-11-07,7.51166666666667,6.24996527777778
08NM050,2025-11-08,7.35833333333333,6.20600694444444
08NM050,2025-11-09,7.76375,6.2228125
08NM050,2025-11-10,7.0225,6.19347222222222
08NM050,2025-11-11,6.09583333333333,6.1491666666666696
08NM050,2025-11-12,6.07875,6.45361111111111
08NM050,2025-11-13,6.54458333333333,6.9971875
08NM050,2025-11-14,6.5875,6.56947916666667
08NM050,2025-11-15,6.705,6.59430555555556
08NM050,2025-11-16,6.94041666666667,6.58885416666667
08NM050,2025-11-17,7.36958333333333,6.57065972222222
08NM050,2025-11-18,7.70125,6.60333333333333
08NM050,2025-11-19,7.735,6.56804878048781
08NM050,2025-11-20,7.77625,6.55309027777778
08NM050,2025-11-21,7.65875,5.12479166666667
08NM050,2025-11-22,7.24583333333333,5.09104166666667
08NM050,2025-11-23,6.49,5.10625
08NM050,2025-11-24,6.42041666666667,5.13145833333333
08NM050,2025-11-25,6.75833333333333,5.0866666666666696
08NM050,2025-11-26,6.535,5.08076388888889
08NM050,2025-11-27,6.36375,5.08875
08NM050,2025-11-28,5.99208333333333,5.13097222222222
08NM050,2025-11-29,6.05,5.05965277777778
08NM050,2025-11-30,6.05875,5.05076388888889
08NM050,2025-12-01,6.27333333333333,5.00791666666667
08NM050,2025-12-02,6.17583333333333,5.00326388888889
08NM050,2025-12-03,6.30041666666667,4.98923611111111
08NM050,2025-12-04,6.21541666666667,4.96111111111111
08NM050,2025-12-05,6.07833333333333,4.974375
08NM050,2025-12-06,5.94583333333333,4.96729166666667
08NM050,2025-12-07,6.07791666666667,4.98583333333333
08NM050,2025-12-08,6.24875,4.97826388888889
08NM050,2025-12-09,6.34458333333333,4.94020833333333
08NM050,2025-12-10,6.27,4.95618055555556
08NM050,2025-12-11,6.33166666666667,5.00041666666667
08NM050,2025-12-12,6.31291666666667,4.90083333333333
08NM050,2025-12-13,6.25458333333333,4.82899305555556
08NM050,2025-12-14,6.24916666666667,4.82347222222222
08NM050,2025-12-15,6.4445833333333304,4.779375
08NM050,2025-12-16,6.24958333333333,4.76996527777778
08NM050,2025-12-17,6.20041666666667,4.795
08NM050,2025-12-18,6.0275,4.76739583333333
08NM050,2025-12-19,5.86333333333333,4.76552083333333
08NM050,2025-12-20,5.64666666666667,4.67454861111111
08NM050,2025-12-21,5.77875,4.63822916666667
08NM050,2025-12-22,5.72083333333333,4.63378472222222
08NM050,2025-12-23,5.71125,4.68416666666667
08NM050,2025-12-24,5.71625,4.83451388888889
08NM050,2025-12-25,5.52791666666667,4.80878472222222
08NM050,2025-12-26,5.55666666666667,4.75541666666667
08NM050,2025-12-27,4.20541666666667,4.76142361111111
08NM050,2025-12-28,3.76791666666667,4.7196875
08NM050,2025-12-29,4.81458333333333,4.70381944444444
08NM050,2025-12-30,4.88416666666667,4.69440972222222
08NM050,2025-12-31,4.89083333333333,4.69260416666667
08NM050,2026-01-01,5.0225,4.69236111111111
08NM050,2026-01-02,5.04041666666667,4.6878125
08NM050,2026-01-03,5.18458333333333,4.69350694444444
08NM050,2026-01-04,5.34,4.71027777777778
08NM050,2026-01-05,5.38458333333333,4.70204861111111
08NM050,2026-01-06,5.23541666666667,4.66069444444444
08NM050,2026-01-07,5.14083333333333,4.67909722222222
08NM050,2026-01-08,5.01166666666667,4.80166666666667
08NM050,2026-01-09,5.11666666666667,5.33208333333333
08NM050,2026-01-10,5.165,5.354375
08NM050,2026-01-11,5.25875,5.36465277777778
08NM050,2026-01-12,5.29916666666667,5.35604166666667
08NM050,2026-01-13,5.45041666666667,5.38090277777778
08NM050,2026-01-14,5.29958333333333,5.36625
08NM050,2026-01-15,5.27041666666667,5.38951388888889
08NM050,2026-01-16,4.97875,5.40541666666667
08NM050,2026-01-17,4.72083333333333,5.36229166666667
08NM050,2026-01-18,4.63375,5.37659722222222
08NM050,2026-01-19,4.60916666666667,5.38527777777778
08NM050,2026-01-20,4.63083333333333,5.38666666666667
08NM050,2026-01-21,4.28958333333333,5.38194444444444
08NM050,2026-01-22,4.55083333333333,5.370625
08NM050,2026-01-23,4.05583333333333,5.38506944444444
08NM050,2026-01-24,3.70833333333333,5.35930555555556
08NM050,2026-01-25,3.96458333333333,5.33743055555556
08NM050,2026-01-26,4.2075,5.32027777777778
08NM050,2026-01-27,4.28416666666667,5.318125
08NM050,2026-01-28,4.31541666666667,5.31548611111111
08NM050,2026-01-29,4.53375,5.30148936170213
08NM050,2026-01-30,4.75375,5.294375
08NM050,2026-01-31,4.78666666666667,5.29111111111111
08NM050,2026-02-01,4.84125,5.3040625
08NM050,2026-02-02,4.8175,5.28680555555556
08NM050,2026-02-03,4.93791666666667,5.29763888888889
08NM050,2026-02-04,5.02875,5.29756944444444
08NM050,2026-02-05,4.98041666666667,5.28864583333333
08NM050,2026-02-06,5.09916666666667,5.27663194444444
08NM050,2026-02-07,4.98916666666667,5.24524305555556
08NM050,2026-02-08,4.9133333333333304,5.25288194444444
08NM050,2026-02-09,4.81375,5.24024305555556
08NM050,2026-02-10,4.83791666666667,5.22739583333333
08NM050,2026-02-11,4.89416666666667,5.08701388888889
08NM050,2026-02-12,4.9,5.04152777777778
08NM050,2026-02-13,4.97833333333333,4.93302083333333
08NM050,2026-02-14,4.98083333333333,4.61861111111111
08NM050,2026-02-15,4.82791666666667,4.61215277777778
08NM050,2026-02-16,4.84083333333333,4.60142361111111
08NM050,2026-02-17,4.68458333333333,4.59215277777778
08NM050,2026-02-18,4.16916666666667,4.61121527777778
08NM050,2026-02-19,2.97416666666667,4.62972222222222
08NM050,2026-02-20,3.45416666666667,4.9836458333333304
08NM050,2026-02-21,4.19625,4.96128472222222
08NM050,2026-02-22,4.31708333333333,4.94795138888889
08NM050,2026-02-23,4.62958333333333,4.94940972222222
08NM050,2026-02-24,4.70833333333333,4.92927083333333
08NM050,2026-02-25,4.97291666666667,4.89055555555556
08NM050,2026-02-26,4.68333333333333,4.94055555555556
08NM050,2026-02-27,4.84791666666667,5.37121527777778
08NM050,2026-02-28,4.89375,5.3996875
08NM050,2026-03-01,5.31833333333333,5.368125
08NM050,2026-03-02,5.30375,5.34315972222222
08NM050,2026-03-03,4.91583333333333,5.33583333333333
08NM050,2026-03-04,4.88958333333333,5.36288194444444
08NM050,2026-03-05,5.08916666666667,5.41243055555556
08NM050,2026-03-06,5.62791666666667,5.37430555555556
08NM050,2026-03-07,5.26541666666667,5.36836805555556
08NM050,2026-03-08,5.39583333333333,5.39611111111111
08NM050,2026-03-09,5.33,5.33326388888889
08NM050,2026-03-10,5.20875,5.30878472222222
08NM050,2026-03-11,5.1225,5.28534722222222
08NM050,2026-03-12,5.04208333333333,5.28451388888889
08NM050,2026-03-13,5.03083333333333,5.30284722222222
08NM050,2026-03-14,5.12375,5.30475694444444
08NM050,2026-03-15,5.06541666666667,5.274375
08NM050,2026-03-16,4.97708333333333,5.27795138888889
08NM050,2026-03-17,5.24916666666667,5.31600694444444
08NM050,2026-03-18,5.59083333333333,5.30232638888889
08NM050,2026-03-19,5.66375,5.29680555555556
08NM050,2026-03-20,5.65916666666667,5.47635416666667
08NM050,2026-03-21,5.71583333333333,5.56534722222222
08NM050,2026-03-22,6.58291666666667,5.42309027777778
08NM050,2026-03-23,5.74958333333333,5.44267361111111
08NM050,2026-03-24,6.19583333333333,5.4653125
08NM050,2026-03-25,5.45083333333333,5.4853125
08NM050,2026-03-26,5.4225,5.47756944444444
08NM050,2026-03-27,5.6325,5.48704861111111
08NM050,2026-03-28,5.55458333333333,5.48538194444444
08NM050,2026-03-29,5.96875,5.49204861111111
08NM050,2026-03-30,5.80833333333333,5.46878472222222
08NM050,2026-03-31,6.75541666666667,5.45916666666667
08NM050,2026-04-01,6.74541666666667,5.45430555555556
08NM050,2026-04-02,6.11666666666667,5.46586805555556
08NM050,2026-04-03,6.44041666666667,5.45423611111111
08NM050,2026-04-04,6.18833333333333,5.46145833333333
08NM050,2026-04-05,6.30583333333333,5.45680555555556
08NM050,2026-04-06,8.25375,5.45947916666667
08NM050,2026-04-07,6.74875,5.42885416666667
08NM050,2026-04-08,7.77666666666667,5.17034722222222
08NM050,2026-04-09,8.33625,5.11788194444444
08NM050,2026-04-10,8.48,4.66611111111111
08NM050,2026-04-11,8.99958333333333,4.28211805555556
08NM050,2026-04-12,7.62958333333333,4.32454861111111
08NM050,2026-04-13,9.25541666666667,4.25628472222222
08NM050,2026-04-14,9.81583333333333,3.90763888888889
08NM050,2026-04-15,7.22333333333333,3.29198606271777
08NM050,2026-04-16,7.08541666666667,2.406875
08NM050,2026-04-17,8.0875,2.50604166666667
08NM050,2026-04-18,9.05875,3.02229166666667
08NM050,2026-04-19,7.42291666666667,3.045625
08NM050,2026-04-20,9.22083333333333,3.05701388888889
08NM050,2026-04-21,10.1420833333333,3.07055555555556
08NM050,2026-04-22,11.2725,3.10940972222222
08NM050,2026-04-23,10.34375,3.05930555555556
08NM050,2026-04-24,9.08333333333333,2.97847222222222
08NM050,2026-04-25,10.1579166666667,2.97065972222222
08NM050,2026-04-26,10.4416666666667,2.97559027777778
08NM050,2026-04-27,11.02875,2.98364583333333
08NM050,2026-04-28,10.6320833333333,2.99930555555556
08NM050,2026-04-29,11.23625,2.96510416666667
08NM050,2026-04-30,12.94125,2.85704861111111
08NM050,2026-05-01,12.2916666666667,2.87152777777778
08NM050,2026-05-02,13.9183333333333,2.88888888888889
08NM050,2026-05-03,15.4533333333333,2.91038194444444
08NM050,2026-05-04,16.5720833333333,2.93993055555556
08NM050,2026-05-05,17.01875,2.9825
08NM050,2026-05-06,16.8608333333333,2.99652777777778
08NM050,2026-05-07,16.9033333333333,3.01690972222222
08NM050,2026-05-08,18.0075,3.05069444444444
08NM050,2026-05-09,17.0920833333333,3.05694444444444
08NM050,2026-05-10,15.08875,3.04690972222222
08NM050,2026-05-11,12.5770833333333,3.04638888888889
08NM050,2026-05-12,16.0233333333333,3.09423611111111
08NM050,2026-05-13,15.8075,3.09510791366906
08NM050,2026-05-14,14.7491666666667,3.05979166666667
08NM050,2026-05-15,15.3370833333333,3.05920138888889
08NM050,2026-05-16,14.64875,3.08670138888889
08NM050,2026-05-17,14.5570833333333,3.03652777777778
08NM050,2026-05-18,15.3066666666667,2.89381944444444
08NM050,2026-05-19,13.7241666666667,3.12493055555556
08NM050,2026-05-20,15.09625,3.78288194444444
08NM050,2026-05-21,16.4583333333333,3.88649305555556
08NM050,2026-05-22,16.1791666666667,4.89149305555556
08NM050,2026-05-23,17.1141666666667,4.90340277777778
08NM050,2026-05-24,17.9883333333333,4.91729166666667
08NM050,2026-05-25,16.45,4.949375
08NM050,2026-05-26,12.5225,4.97520833333333
08NM050,2026-05-27,15.1470833333333,4.9846875
08NM050,2026-05-28,16.5816666666667,5.01579861111111
08NM050,2026-05-29,18.8095833333333,5.06545138888889
08NM050,2026-05-30,16.5154166666667,5.11819444444444
08NM050,2026-05-31,18.1716666666667,5.15211805555556
08NM050,2026-06-01,18.4883333333333,5.21013888888889
08NM050,2026-06-02,16.88125,5.30083333333333
08NM050,2026-06-03,17.2616666666667,5.31069444444444
08NM050,2026-06-04,16.3129166666667,5.31208333333333
08NM050,2026-06-05,18.1095833333333,5.32930555555556
08NM050,2026-06-06,17.21875,5.30746527777778
08NM050,2026-06-07,16.5125,5.306875
08NM050,2026-06-08,16.3504166666667,5.33013888888889
08NM050,2026-06-09,12.8320833333333,5.33701388888889
08NM050,2026-06-10,13.8108333333333,5.35479166666667
08NM050,2026-06-11,15.71625,5.43861111111111
08NM050,2026-06-12,14.9654166666667,5.87298611111111
08NM050,2026-06-13,17.4983333333333,5.86763888888889
08NM050,2026-06-14,18.38875,5.8909375
08NM050,2026-06-15,19.7275,6.14204861111111
08NM050,2026-06-16,20.1729166666667,6.57579861111111
08NM050,2026-06-17,20.2870833333333,6.67024305555556
08NM050,2026-06-18,20.6754166666667,7.46857638888889
08NM050,2026-06-19,21.3445833333333,8.89461805555556
08NM050,2026-06-20,18.7804166666667,9.5046875
08NM050,2026-06-21,20.03125,9.4378125
08NM050,2026-06-22,20.7145833333333,9.43701388888889
08NM050,2026-06-23,21.2908333333333,9.44100694444444
08NM050,2026-06-24,21.9241666666667,9.4246875
08NM050,2026-06-25,22.5691666666667,9.40538194444444
08NM050,2026-06-26,20.3766666666667,9.39461805555556
08NM050,2026-06-27,19.5020833333333,9.38496527777778
08NM050,2026-06-28,20.55625,9.37197916666667
08NM050,2026-06-29,20.1104166666667,9.38760416666667
08NM050,2026-06-30,20.77,9.41791666666667
08NM050,2026-07-01,20.9216666666667,9.36211805555556
08NM050,2026-07-02,21.02125,9.30170138888889
08NM050,2026-07-03,20.6429166666667,9.34291666666667
08NM050,2026-07-04,22.0004166666667,9.36354166666667
08NM050,2026-07-05,22.25375,9.33263888888889
08NM050,2026-07-06,22.4558333333333,9.37635416666667
08NM050,2026-07-07,22.4758333333333,9.81013888888889
08NM050,2026-07-08,21.3054166666667,9.88430555555555
08NM050,2026-07-09,22.82,10.0463888888889
08NM050,2026-07-10,23.3179166666667,10.005625
08NM050,2026-07-11,23.6995833333333,10.0159375
08NM050,2026-07-12,22.6095833333333,10.0242361111111
08NM050,2026-07-13,22.6975,9.96847222222222
08NM050,2026-07-14,23.1358333333333,10.1870486111111
08NM050,2026-07-15,22.125,10.846875
08NM050,2026-07-16,22.2504166666667,10.8336805555556
08NM050,2026-07-17,23.4025,10.8868055555556
08NM050,2026-07-18,20.8175,10.9479166666667
08NM050,2026-07-19,22.0366666666667,10.8715277777778
08NM050,2026-07-20,23.1008333333333,11.1864583333333
08NM050,2026-07-21,23.1466666666667,11.7052083333333
08NM050,2026-07-22,23.7245833333333,11.6496527777778
08NM050,2026-07-23,24.82875,11.8458333333333
08NM050,2026-07-24,24.67,12.4357638888889
08NM050,2026-07-25,23.39625,12.3986111111111
08NM050,2026-07-26,23.58375,12.3704861111111
08NM050,2026-07-27,22.97125,12.2916666666667
08NM050,2026-07-28,22.9575,12.2496527777778
08NM050,2026-07-29,22.7495833333333,12.2177083333333
08NM050,2026-07-30,23.2616666666667,12.1944444444444
08NM050,2026-07-31,23.1083333333333,12.1913194444444
08NM050,2026-08-01,23.4695833333333,12.2010416666667
08NM050,2026-08-02,23.3233333333333,12.1006944444444
08NM050,2026-08-03,22.6666666666667,12.0892361111111
08NM050,2026-08-04,22.9908333333333,12.1118055555556
08NM050,2026-08-05,23.1329166666667,12.1253472222222
08NM050,2026-08-06,22.8029166666667,12.146875
08NM050,2026-08-07,22.9120833333333,12.3427083333333
08NM050,2026-08-08,22.7608333333333,12.3166666666667
08NM050,2026-08-09,22.535,12.3409722222222
08NM050,2026-08-10,22.6866666666667,12.3784722222222
08NM050,2026-08-11,23.195,12.3763888888889
08NM050,2026-08-12,22.8541666666667,12.2027777777778
08NM050,2026-08-13,22.725,11.3472222222222
08NM050,2026-08-14,22.9316666666667,10.5756944444444
08NM050,2026-08-15,22.90125,10.1902777777778
08NM050,2026-08-16,23.12875,10.1788194444444
08NM050,2026-08-17,23.2783333333333,10.0429861111111
08NM050,2026-08-18,23.45125,9.71427083333333
08NM050,2026-08-19,23.7154166666667,9.69559027777778
08NM050,2026-08-20,24.1308333333333,9.69805555555556
08NM050,2026-08-21,24.30375,9.69378472222222
08NM050,2026-08-22,24.10875,9.71621527777778
08NM050,2026-08-23,23.5279166666667,9.715
08NM050,2026-08-24,23,9.67260416666667
08NM050,2026-08-25,23.4416666666667,9.67784722222222
08NM050,2026-08-26,23.6558333333333,9.62871527777778
08NM050,2026-08-27,23.6181818181818,9.61805447470817
08NM065,2024-10-19,11.4142857142857,0.126326315789474
08NM065,2024-10-20,13.4,0.146434782608696
08NM065,2024-10-21,13.8,0.148181818181818
08NM065,2024-10-22,13.8,0.145636363636364
08NM065,2024-10-23,13.1,0.146642857142857
08NM065,2024-10-24,12.8,0.143
08NM065,2024-10-25,12,0.146185185185185
08NM065,2024-10-26,12.6,0.148821428571429
08NM065,2024-10-27,13,0.151380952380952
08NM065,2024-10-28,11.9,0.147227272727273
08NM065,2024-10-29,12.2,0.138086956521739
08NM065,2024-10-30,10.75,0.153785714285714
08NM065,2024-10-31,11.45,0.167892857142857
08NM065,2024-11-01,11,0.1898125
08NM065,2024-11-02,10.9,0.179985915492958
08NM065,2024-11-03,9.55714285714286,0.187181818181818
08NM065,2024-11-04,9.45,0.211223684210526
08NM065,2024-11-05,10,0.204260869565217
08NM065,2024-11-06,9.5,0.216758620689655
08NM065,2024-11-07,9.25,0.216035714285714
08NM065,2024-11-08,8.9,0.235761904761905
08NM065,2024-11-09,9.6,0.224521739130435
08NM065,2024-11-10,10.1,0.246
08NM065,2024-11-11,9.9,0.23125
08NM065,2024-11-12,8.95,0.230896103896104
08NM065,2024-11-13,9.05,0.195847457627119
08NM065,2024-11-14,8.9,0.2265
08NM065,2024-11-15,7.24285714285714,0.2135
08NM065,2024-11-16,6.8,0.22547619047619
08NM065,2024-11-17,6.9,0.274190476190476
08NM065,2024-11-18,8.1,0.21125
08NM065,2024-11-19,5.05,0.13625
08NM065,2024-11-20,6.75,0.101787878787879
08NM065,2024-11-21,7,0.0713181818181818
08NM065,2024-11-22,5.4,0.0490454545454545
08NM065,2024-11-23,6.1,0.0688181818181818
08NM065,2024-11-24,5.85,0.0478461538461538
08NM065,2024-11-25,5.1,0.051375
08NM065,2024-11-26,4.175,0.038625
08NM065,2024-11-27,3.825,0.0303368055555556
08NM065,2024-11-28,4.09166666666667,0.0131145833333333
08NM065,2024-11-29,3.6,0.0201631944444444
08NM065,2024-11-30,4.3,0.0301304347826087
08NM065,2024-12-01,4.6,0.0295652173913043
08NM065,2024-12-02,3.75,0.0300344827586207
08NM065,2024-12-03,3.7,0.0292068965517241
08NM065,2024-12-04,3.6,0.0322758620689655
08NM065,2024-12-05,3.4,0.0271379310344828
08NM065,2024-12-06,3.3,0.0392173913043478
08NM065,2024-12-07,4.1,0.0105652173913043
08NM065,2024-12-08,6.75,0
08NM065,2024-12-09,3.4,0.00195652173913043
08NM065,2024-12-10,4.5,0.0471034482758621
08NM065,2024-12-11,4.5,0.055
08NM065,2024-12-12,4,0.0585172413793103
08NM065,2024-12-13,4.8,0.0616896551724138
08NM065,2024-12-14,5.75,0.0615714285714286
08NM065,2024-12-15,4.7,0.0603793103448276
08NM065,2024-12-16,4.3,0.0643571428571429
08NM065,2024-12-17,4.5,0.0633571428571429
08NM065,2024-12-18,4.65,0.0736428571428571
08NM065,2024-12-19,4.95,0.06525
08NM065,2024-12-20,4.75,0.0686206896551724
08NM065,2024-12-21,4.95,0.0841785714285714
08NM065,2024-12-22,4.05,0.0674285714285714
08NM065,2024-12-23,4.38,0.0682307692307692
08NM065,2024-12-24,5.15,0.0719310344827586
08NM065,2024-12-25,4.4,0.0719285714285714
08NM065,2024-12-26,5.05,0.0770714285714286
08NM065,2024-12-27,4.35,0.0760357142857143
08NM065,2024-12-28,4.85,0.0878928571428571
08NM065,2024-12-29,4.25,0.0850357142857143
08NM065,2024-12-30,5.05,0.0838214285714286
08NM065,2024-12-31,4.7,0.0833571428571429
08NM065,2025-01-01,4.1,0.0818571428571429
08NM065,2025-01-02,4.3,0.0806071428571429
08NM065,2025-01-03,4.55,0.0845925925925926
08NM065,2025-01-04,4.25,0.0851428571428571
08NM065,2025-01-05,4.9,0.0835
08NM065,2025-01-06,5,0.0874375
08NM065,2025-01-07,4.25,0.0893823529411765
08NM065,2025-01-08,4.25,0.088
08NM065,2025-01-09,4.15,0.0843235294117647
08NM065,2025-01-10,3.9,0.0815
08NM065,2025-01-11,4.75,0.079
08NM065,2025-01-12,4.85,0.0760294117647059
08NM065,2025-01-13,3.95,0.0777352941176471
08NM065,2025-01-14,3.3,0.0805
08NM065,2025-01-15,3.5,0.0873235294117647
08NM065,2025-01-16,3.15,0.0808823529411765
08NM065,2025-01-17,3.4,0.0751764705882353
08NM065,2025-01-18,2.8,0.0891470588235294
08NM065,2025-01-19,2.76,0.0935
08NM065,2025-01-20,2.45,0.0982647058823529
08NM065,2025-01-21,2.55,0.0961470588235294
08NM065,2025-01-22,2.35,0.0981071428571429
08NM065,2025-01-23,2.15,0.0987941176470588
08NM065,2025-01-24,3.3,0.099
08NM065,2025-01-25,3.1,0.101117647058824
08NM065,2025-01-26,2.45,0.099859649122807
08NM065,2025-01-27,2.25,0.100294117647059
08NM065,2025-01-28,2.02083333333333,0.100663194444444
08NM065,2025-01-29,1.2125,0.1005
08NM065,2025-01-30,2.20833333333333,0.09984375
08NM065,2025-01-31,2.64166666666667,0.10621875
08NM065,2025-02-01,2.87083333333333,0.108065972222222
08NM065,2025-02-02,2.29166666666667,0.103395833333333
08NM065,2025-02-03,1.77083333333333,0.102010416666667
08NM065,2025-02-04,1.38333333333333,0.0993576388888889
08NM065,2025-02-05,1.4875,0.0983194444444444
08NM065,2025-02-06,1.575,0.0953159722222222
08NM065,2025-02-07,1.075,0.09309375
08NM065,2025-02-08,0.975,0.0913923611111111
08NM065,2025-02-09,0.595833333333333,0.0896701388888889
08NM065,2025-02-10,0.754166666666667,0.0874201388888889
08NM065,2025-02-11,0.354166666666667,0.0847986111111111
08NM065,2025-02-12,0.270833333333333,0.0828402777777778
08NM065,2025-02-13,0.491666666666667,0.0810868055555556
08NM065,2025-02-14,1.15416666666667,0.0790625
08NM065,2025-02-15,1.27083333333333,0.0763020833333333
08NM065,2025-02-16,1.8,0.0759270833333333
08NM065,2025-02-17,1.84166666666667,0.0759861111111111
08NM065,2025-02-18,1.575,0.0745972222222222
08NM065,2025-02-19,1.68333333333333,0.0756006944444444
08NM065,2025-02-20,2.22916666666667,0.0791909722222222
08NM065,2025-02-21,2.34583333333333,0.0769930555555556
08NM065,2025-02-22,2.41666666666667,0.0759340277777778
08NM065,2025-02-23,2.45833333333333,0.0733229166666667
08NM065,2025-02-24,2.15416666666667,0.0741493055555556
08NM065,2025-02-25,2.53333333333333,0.0679340277777778
08NM065,2025-02-26,2.86666666666667,0.0657083333333333
08NM065,2025-02-27,3.73333333333333,0.0650208333333333
08NM065,2025-02-28,3.97083333333333,0.0678993055555556
08NM065,2025-03-01,4.47916666666667,0.0706284722222222
08NM065,2025-03-02,5.29166666666667,0.0828541666666667
08NM065,2025-03-03,4.77083333333333,0.0858715277777778
08NM065,2025-03-04,4.59583333333333,0.0839930555555556
08NM065,2025-03-05,5.09583333333333,0.0832361111111111
08NM065,2025-03-06,4.8125,0.0814722222222222
08NM065,2025-03-07,4.9125,0.0806354166666667
08NM065,2025-03-08,5.25,0.08071875
08NM065,2025-03-09,5.02083333333333,0.0856423611111111
08NM065,2025-03-10,5.1875,0.0442847222222222
08NM065,2025-03-11,4.8125,0.0985729166666667
08NM065,2025-03-12,4.38333333333333,0.100704861111111
08NM065,2025-03-13,4.25833333333333,0.138229166666667
08NM065,2025-03-14,4.49583333333333,0.118524305555556
08NM065,2025-03-15,5.37916666666667,0.116041666666667
08NM065,2025-03-16,4.2,0.115975694444444
08NM065,2025-03-17,4.95833333333333,0.114652777777778
08NM065,2025-03-18,5.12916666666667,0.11209375
08NM065,2025-03-19,4.975,0.106618055555556
08NM065,2025-03-20,5.17916666666667,0.0929756944444445
08NM065,2025-03-21,6.41666666666667,0.0417708333333333
08NM065,2025-03-22,5.17916666666667,0.0414236111111111
08NM065,2025-03-23,4.775,0.0481041666666667
08NM065,2025-03-24,3.875,0.0412847222222222
08NM065,2025-03-25,6.35416666666667,0.0593958333333333
08NM065,2025-03-26,6.24583333333333,0.121423611111111
08NM065,2025-03-27,6.62083333333333,0.1238125
08NM065,2025-03-28,6.79166666666667,0.110958333333333
08NM065,2025-03-29,8.54166666666667,0.102819444444444
08NM065,2025-03-30,7.3875,0.0983819444444445
08NM065,2025-03-31,6.2,0.103607638888889
08NM065,2025-04-01,6.54166666666667,0.0954097222222222
08NM065,2025-04-02,8.32916666666667,0.0631805555555556
08NM065,2025-04-03,7.4,0.0505416666666667
08NM065,2025-04-04,6.4375,0.0485034722222222
08NM065,2025-04-05,7.92083333333333,0.0475138888888889
08NM065,2025-04-06,8.78333333333333,0.0469722222222222
08NM065,2025-04-07,9.6625,0.07171875
08NM065,2025-04-08,8.98333333333333,0.0560694444444444
08NM065,2025-04-09,9.1125,0.0523090277777778
08NM065,2025-04-10,9.63333333333333,0.0495729166666667
08NM065,2025-04-11,9.32916666666667,0.0537638888888889
08NM065,2025-04-12,8.75416666666667,0.0591805555555556
08NM065,2025-04-13,7.7,0.06184375
08NM065,2025-04-14,8.95,0.0599027777777778
08NM065,2025-04-15,9.48333333333333,0.0600243055555556
08NM065,2025-04-16,9.125,0.0609087719298246
08NM065,2025-04-17,6.6625,0.06115625
08NM065,2025-04-18,7.33333333333333,0.0636701388888889
08NM065,2025-04-19,9.36666666666667,0.0810138888888889
08NM065,2025-04-20,8.00833333333333,0.140444444444444
08NM065,2025-04-21,8.425,0.108697916666667
08NM065,2025-04-22,8.12083333333333,0.103579861111111
08NM065,2025-04-23,9.225,0.11640625
08NM065,2025-04-24,9.925,0.102177083333333
08NM065,2025-04-25,10.7,0.0995138888888889
08NM065,2025-04-26,11.945833333333301,0.100552083333333
08NM065,2025-04-27,13.1375,0.0937847222222222
08NM065,2025-04-28,13.0333333333333,0.0890520833333333
08NM065,2025-04-29,12.008333333333301,0.0712291666666667
08NM065,2025-04-30,11.570833333333301,0.2493125
08NM065,2025-05-01,13.7125,0.249291666666667
08NM065,2025-05-02,13.5875,0.21903125
08NM065,2025-05-03,14.5125,0.119194444444444
08NM065,2025-05-04,12.6791666666667,0.071625
08NM065,2025-05-05,11.725,0.0527465277777778
08NM065,2025-05-06,11.8291666666667,0.05621875
08NM065,2025-05-07,14.225,0.119229166666667
08NM065,2025-05-08,13.8666666666667,0.0927222222222222
08NM065,2025-05-09,12.975,0.0816597222222222
08NM065,2025-05-10,13.525,0.0761180555555555
08NM065,2025-05-11,13.075,0.0728194444444444
08NM065,2025-05-12,13.75,0.0668020833333333
08NM065,2025-05-13,13.425,0.0620972222222222
08NM065,2025-05-14,14.275,0.120381944444444
08NM065,2025-05-15,12.7625,0.116090277777778
08NM065,2025-05-16,14.5541666666667,0.112243055555556
08NM065,2025-05-17,13.775,0.106034722222222
08NM065,2025-05-18,13.3875,0.102409722222222
08NM065,2025-05-19,12.6833333333333,0.0784479166666667
08NM065,2025-05-20,13.3166666666667,0.0496111111111111
08NM065,2025-05-21,13.5458333333333,0.0511111111111111
08NM065,2025-05-22,14.4125,0.102756944444444
08NM065,2025-05-23,16.0541666666667,0.0986979166666667
08NM065,2025-05-24,16.825,0.09840625
08NM065,2025-05-25,17.6083333333333,0.0881875
08NM065,2025-05-26,18.5083333333333,0.0924513888888889
08NM065,2025-05-27,17.025,0.0753263888888889
08NM065,2025-05-28,17.0083333333333,0.06928125
08NM065,2025-05-29,18.9083333333333,0.0753993055555556
08NM065,2025-05-30,17.5125,0.104395833333333
08NM065,2025-05-31,18.2875,0.0980902777777778
08NM065,2025-06-01,17.3708333333333,0.09871875
08NM065,2025-06-02,16.1666666666667,0.102086805555556
08NM065,2025-06-03,16.1916666666667,0.102805555555556
08NM065,2025-06-04,16.775,0.102454861111111
08NM065,2025-06-05,18.475,0.0985277777777778
08NM065,2025-06-06,20.0833333333333,0.0972743055555556
08NM065,2025-06-07,19.6833333333333,0.0948784722222222
08NM065,2025-06-08,19.2458333333333,0.0954652777777778
08NM065,2025-06-09,21.0875,0.0957465277777778
08NM065,2025-06-10,19.5958333333333,0.09578125
08NM065,2025-06-11,20.3208333333333,0.0974479166666667
08NM065,2025-06-12,20.5625,0.0870625
08NM065,2025-06-13,19.8583333333333,0.113732638888889
08NM065,2025-06-14,19.1416666666667,0.108958333333333
08NM065,2025-06-15,19.6666666666667,0.108649305555556
08NM065,2025-06-16,20.4333333333333,0.1093125
08NM065,2025-06-17,20.4958333333333,0.0923541666666667
08NM065,2025-06-18,21.15,0.0882534722222222
08NM065,2025-06-19,20.2833333333333,0.0918229166666667
08NM065,2025-06-20,20.4666666666667,0.0900590277777778
08NM065,2025-06-21,18.525,0.0827638888888889
08NM065,2025-06-22,18.8166666666667,0.0693472222222222
08NM065,2025-06-23,18.9583333333333,0.0675694444444444
08NM065,2025-06-24,18.2625,0.0738958333333333
08NM065,2025-06-25,19.6458333333333,0.115663194444444
08NM065,2025-06-26,19.9375,0.113802083333333
08NM065,2025-06-27,19.7916666666667,0.108461805555556
08NM065,2025-06-28,19.4916666666667,0.107809027777778
08NM065,2025-06-29,19.8,0.108631944444444
08NM065,2025-06-30,20.0625,0.107788194444444
08NM065,2025-07-01,21.55,0.108034722222222
08NM065,2025-07-02,21.9583333333333,0.1085625
08NM065,2025-07-03,21.0333333333333,0.107923611111111
08NM065,2025-07-04,19.9625,0.109038194444444
08NM065,2025-07-05,20.5583333333333,0.108368055555556
08NM065,2025-07-06,20.8041666666667,0.108493055555556
08NM065,2025-07-07,20.8875,0.107513888888889
08NM065,2025-07-08,22.0458333333333,0.107736111111111
08NM065,2025-07-09,22.0583333333333,0.117940972222222
08NM065,2025-07-10,20.5708333333333,0.107381944444444
08NM065,2025-07-11,20.8083333333333,0.106659722222222
08NM065,2025-07-12,22.7416666666667,0.107177083333333
08NM065,2025-07-13,22.6041666666667,0.108079861111111
08NM065,2025-07-14,21.9416666666667,0.110694444444444
08NM065,2025-07-15,21.0333333333333,0.110489583333333
08NM065,2025-07-16,21.2791666666667,0.109746527777778
08NM065,2025-07-17,21.6958333333333,0.101
08NM065,2025-07-18,21.7416666666667,0.0965208333333333
08NM065,2025-07-19,20.8708333333333,0.09325
08NM065,2025-07-20,21.1041666666667,0.0908194444444444
08NM065,2025-07-21,22.0125,0.08959375
08NM065,2025-07-22,21.4166666666667,0.111881944444444
08NM065,2025-07-23,22.0708333333333,0.0922465277777778
08NM065,2025-07-24,22.8791666666667,0.0890868055555556
08NM065,2025-07-25,22.4166666666667,0.116534722222222
08NM065,2025-07-26,21.375,0.116340277777778
08NM065,2025-07-27,21.7166666666667,0.115548611111111
08NM065,2025-07-28,21.8875,0.115559027777778
08NM065,2025-07-29,23.0125,0.115534722222222
08NM065,2025-07-30,23.15,0.115701388888889
08NM065,2025-07-31,23.1291666666667,0.11421875
08NM065,2025-08-01,23.3583333333333,0.109180555555556
08NM065,2025-08-02,22.9541666666667,0.114826388888889
08NM065,2025-08-03,22.9,0.108604166666667
08NM065,2025-08-04,23.7041666666667,0.104802083333333
08NM065,2025-08-05,23.2375,0.104753472222222
08NM065,2025-08-06,22.8875,0.0950868055555556
08NM065,2025-08-07,21.55,0.09353125
08NM065,2025-08-08,22.2166666666667,0.0796666666666667
08NM065,2025-08-09,23.225,0.134503472222222
08NM065,2025-08-10,23.5166666666667,0.134381944444444
08NM065,2025-08-11,24.3708333333333,0.135003472222222
08NM065,2025-08-12,23.5166666666667,0.133673611111111
08NM065,2025-08-13,24.125,0.133756944444444
08NM065,2025-08-14,22.5083333333333,0.132989583333333
08NM065,2025-08-15,22.9125,0.138885416666667
08NM065,2025-08-16,22.3458333333333,0.134579861111111
08NM065,2025-08-17,22.2125,0.12059375
08NM065,2025-08-18,22.3666666666667,0.11876041666666701
08NM065,2025-08-19,22.5625,0.117909722222222
08NM065,2025-08-20,21.8791666666667,0.118069444444444
08NM065,2025-08-21,22.4291666666667,0.118003472222222
08NM065,2025-08-22,21.3791666666667,0.1168125
08NM065,2025-08-23,21.4291666666667,0.116302083333333
08NM065,2025-08-24,21.75,0.115986111111111
08NM065,2025-08-25,21.9958333333333,0.115899305555556
08NM065,2025-08-26,21.9958333333333,0.115475694444444
08NM065,2025-08-27,21.775,0.115961805555556
08NM065,2025-08-28,22.4583333333333,0.114694444444444
08NM065,2025-08-29,22.5708333333333,0.1146875
08NM065,2025-08-30,22.6041666666667,0.115118055555556
08NM065,2025-08-31,22.2333333333333,0.110857638888889
08NM065,2025-09-01,22.1958333333333,0.110309027777778
08NM065,2025-09-02,22.2958333333333,0.110079861111111
08NM065,2025-09-03,22.4041666666667,0.109125
08NM065,2025-09-04,22.2416666666667,0.109600694444444
08NM065,2025-09-05,21.1458333333333,0.101451388888889
08NM065,2025-09-06,21.7958333333333,0.0978680555555556
08NM065,2025-09-07,21.5291666666667,0.0980138888888889
08NM065,2025-09-08,21.2416666666667,0.0973506944444444
08NM065,2025-09-09,21.725,0.100711805555556
08NM065,2025-09-10,20.9833333333333,0.117086805555556
08NM065,2025-09-11,21.1833333333333,0.11640625
08NM065,2025-09-12,21.5083333333333,0.11553125
08NM065,2025-09-13,21.65,0.113982638888889
08NM065,2025-09-14,21.6875,0.112690972222222
08NM065,2025-09-15,20.7875,0.0952777777777778
08NM065,2025-09-16,20.75,0.0956388888888889
08NM065,2025-09-17,21.2541666666667,0.0946284722222222
08NM065,2025-09-18,21.325,0.0910451388888889
08NM065,2025-09-19,20.1875,0.0868402777777778
08NM065,2025-09-20,20.0708333333333,0.0863263888888889
08NM065,2025-09-21,20.2958333333333,0.0823611111111111
08NM065,2025-09-22,18.8041666666667,0.07671875
08NM065,2025-09-23,19.2875,0.106197916666667
08NM065,2025-09-24,19.2958333333333,0.104791666666667
08NM065,2025-09-25,19.2,0.104347222222222
08NM065,2025-09-26,17.9708333333333,0.103267361111111
08NM065,2025-09-27,18.0125,0.0911354166666667
08NM065,2025-09-28,18.0541666666667,0.0908854166666667
08NM065,2025-09-29,18.4,0.0917395833333333
08NM065,2025-09-30,18.2583333333333,0.0977847222222222
08NM065,2025-10-01,17.4208333333333,0.0902569444444444
08NM065,2025-10-02,17.4833333333333,0.0890868055555556
08NM065,2025-10-03,17.0333333333333,0.0896979166666667
08NM065,2025-10-04,17.1333333333333,0.0901354166666667
08NM065,2025-10-05,16.0583333333333,0.0874826388888889
08NM065,2025-10-06,16.5958333333333,0.0874548611111111
08NM065,2025-10-07,16.1625,0.0860694444444444
08NM065,2025-10-08,16.3875,0.0851111111111111
08NM065,2025-10-09,15.6791666666667,0.0840243055555556
08NM065,2025-10-10,15.4375,0.0830659722222222
08NM065,2025-10-11,15.2791666666667,0.0834513888888889
08NM065,2025-10-12,14.1458333333333,0.07990625
08NM065,2025-10-13,13.4791666666667,0.0788784722222222
08NM065,2025-10-14,13.0583333333333,0.0772743055555556
08NM065,2025-10-15,12.7166666666667,0.0764201388888889
08NM065,2025-10-16,12.6125,0.0805902777777778
08NM065,2025-10-17,13.0875,0.0960069444444445
08NM065,2025-10-18,12.3625,0.0886493055555556
08NM065,2025-10-19,11.945833333333301,0.0963194444444444
08NM065,2025-10-20,12.3625,0.0810902777777778
08NM065,2025-10-21,12.275,0.113430555555556
08NM065,2025-10-22,12.4,0.113590277777778
08NM065,2025-10-23,11.9916666666667,0.112333333333333
08NM065,2025-10-24,12.5375,0.111041666666667
08NM065,2025-10-25,11.625,0.116833333333333
08NM065,2025-10-26,11.5125,0.106048611111111
08NM065,2025-10-27,10.675,0.0982083333333333
08NM065,2025-10-28,10.125,0.0997222222222222
08NM065,2025-10-29,10.6,0.10009375
08NM065,2025-10-30,10.525,0.0913611111111111
08NM065,2025-10-31,9.94583333333333,0.0918506944444444
08NM065,2025-11-01,9.70416666666667,0.084375
08NM065,2025-11-02,9.69166666666667,0.0883020833333333
08NM065,2025-11-03,9.3875,0.0717430555555556
08NM065,2025-11-04,8.6875,0.06684375
08NM065,2025-11-05,8.95833333333333,0.0718125
08NM065,2025-11-06,9.1,0.0919479166666667
08NM065,2025-11-07,9.525,0.0949861111111111
08NM065,2025-11-08,8.725,0.0786180555555556
08NM065,2025-11-09,9.18333333333333,0.0735347222222222
08NM065,2025-11-10,8.725,0.0692083333333333
08NM065,2025-11-11,9.18333333333333,0.102142361111111
08NM065,2025-11-12,8.62083333333333,0.0922361111111111
08NM065,2025-11-13,8.5875,0.0901736111111111
08NM065,2025-11-14,8.97083333333333,0.0994826388888889
08NM065,2025-11-15,8.47083333333333,0.0924513888888889
08NM065,2025-11-16,8.8,0.0830208333333333
08NM065,2025-11-17,9.14166666666667,0.0849722222222222
08NM065,2025-11-18,9.0875,0.100420138888889
08NM065,2025-11-19,8.32083333333333,0.0903472222222222
08NM065,2025-11-20,8.05416666666667,0.0922881944444444
08NM065,2025-11-21,7.2,0.0977881944444444
08NM065,2025-11-22,7.17083333333333,0.0551493055555556
08NM065,2025-11-23,7.625,0.0416805555555556
08NM065,2025-11-24,7.6,0.0545347222222222
08NM065,2025-11-25,7.05,0.0943576388888889
08NM065,2025-11-26,6.92083333333333,0.09940625
08NM065,2025-11-27,6.9375,0.104868055555556
08NM065,2025-11-28,6.54166666666667,0.107954861111111
08NM065,2025-11-29,5.6125,0.107684027777778
08NM065,2025-11-30,5.97083333333333,0.107114583333333
08NM065,2025-12-01,5.69166666666667,0.104739583333333
08NM065,2025-12-02,5.37083333333333,0.112972222222222
08NM065,2025-12-03,6.10416666666667,0.112461805555556
08NM065,2025-12-04,5.79583333333333,0.117527777777778
08NM065,2025-12-05,5.4125,0.11625
08NM065,2025-12-06,5.48333333333333,0.119819444444444
08NM065,2025-12-07,5.375,0.113524305555556
08NM065,2025-12-08,5.59583333333333,0.11909375
08NM065,2025-12-09,5.9375,0.108149305555556
08NM065,2025-12-10,5.83333333333333,0.0898402777777778
08NM065,2025-12-11,5.9875,0.0935277777777778
08NM065,2025-12-12,5.89166666666667,0.0905451388888889
08NM065,2025-12-13,5.62083333333333,0.09271875
08NM065,2025-12-14,5.04166666666667,0.101059027777778
08NM065,2025-12-15,6.10416666666667,0.103944444444444
08NM065,2025-12-16,6.05,0.0591840277777778
08NM065,2025-12-17,5.65833333333333,0.0665104166666667
08NM065,2025-12-18,5.39583333333333,0.12815625
08NM065,2025-12-19,4.82916666666667,0.12575
08NM065,2025-12-20,4.62916666666667,0.120204861111111
08NM065,2025-12-21,4.83333333333333,0.101892361111111
08NM065,2025-12-22,4.63333333333333,0.103013888888889
08NM065,2025-12-23,4.4125,0.100993055555556
08NM065,2025-12-24,4.54166666666667,0.0999097222222222
08NM065,2025-12-25,4.4625,0.100145833333333
08NM065,2025-12-26,4.39583333333333,0.105510416666667
08NM065,2025-12-27,3.32916666666667,0.107930555555556
08NM065,2025-12-28,1.56666666666667,0.113854166666667
08NM065,2025-12-29,2.8,0.116861111111111
08NM065,2025-12-30,2.3625,0.116083333333333
08NM065,2025-12-31,2.575,0.116583333333333
08NM065,2026-01-01,2.57083333333333,0.116020833333333
08NM065,2026-01-02,3.01666666666667,0.116048611111111
08NM065,2026-01-03,3.64583333333333,0.1186875
08NM065,2026-01-04,4.01666666666667,0.122461805555556
08NM065,2026-01-05,3.73333333333333,0.118642361111111
08NM065,2026-01-06,3.5875,0.116263888888889
08NM065,2026-01-07,3.175,0.101427083333333
08NM065,2026-01-08,2.92083333333333,0.0669652777777778
08NM065,2026-01-09,3.4125,0.0538784722222222
08NM065,2026-01-10,3.30833333333333,0.0565590277777778
08NM065,2026-01-11,3.27916666666667,0.0783333333333333
08NM065,2026-01-12,3.64583333333333,0.0912013888888889
08NM065,2026-01-13,4.2375,0.0755451388888889
08NM065,2026-01-14,4.60416666666667,0.0700659722222222
08NM065,2026-01-15,4.75416666666667,0.0688854166666667
08NM065,2026-01-16,4.00833333333333,0.121711805555556
08NM065,2026-01-17,3.375,0.122472222222222
08NM065,2026-01-18,3.29583333333333,0.122392361111111
08NM065,2026-01-19,3.1125,0.121604166666667
08NM065,2026-01-20,2.9875,0.120795138888889
08NM065,2026-01-21,3.42916666666667,0.120263888888889
08NM065,2026-01-22,3.17916666666667,0.119833333333333
08NM065,2026-01-23,3.12916666666667,0.118895833333333
08NM065,2026-01-24,2.6875,0.11746875
08NM065,2026-01-25,2.5,0.116263888888889
08NM065,2026-01-26,1.9375,0.116319444444444
08NM065,2026-01-27,2.625,0.116923611111111
08NM065,2026-01-28,2.98333333333333,0.117729166666667
08NM065,2026-01-29,3.47916666666667,0.117736111111111
08NM065,2026-01-30,3.9,0.121670138888889
08NM065,2026-01-31,3.60833333333333,0.121597222222222
08NM065,2026-02-01,3.90416666666667,0.126888888888889
08NM065,2026-02-02,3.625,0.125631944444444
08NM065,2026-02-03,3.9,0.125958333333333
08NM065,2026-02-04,4.20833333333333,0.125239583333333
08NM065,2026-02-05,3.62916666666667,0.124190972222222
08NM065,2026-02-06,4.25833333333333,0.124625
08NM065,2026-02-07,4.3625,0.125142361111111
08NM065,2026-02-08,3.925,0.129138888888889
08NM065,2026-02-09,3.92083333333333,0.128510416666667
08NM065,2026-02-10,3.84166666666667,0.129041666666667
08NM065,2026-02-11,4.2125,0.128996527777778
08NM065,2026-02-12,3.91666666666667,0.129506944444444
08NM065,2026-02-13,4.29583333333333,0.129114583333333
08NM065,2026-02-14,4.38333333333333,0.128822916666667
08NM065,2026-02-15,3.825,0.127760416666667
08NM065,2026-02-16,4.0875,0.126059027777778
08NM065,2026-02-17,3.76666666666667,0.131378472222222
08NM065,2026-02-18,3.70416666666667,0.12771875
08NM065,2026-02-19,2.94166666666667,0.125829861111111
08NM065,2026-02-20,2.5125,0.125322916666667
08NM065,2026-02-21,2.68333333333333,0.12484375
08NM065,2026-02-22,2.975,0.124489583333333
08NM065,2026-02-23,3.58333333333333,0.128663194444444
08NM065,2026-02-24,3.88333333333333,0.131635416666667
08NM065,2026-02-25,3.9375,0.128642361111111
08NM065,2026-02-26,4.12916666666667,0.111069444444444
08NM065,2026-02-27,4.4625,0.0523854166666667
08NM065,2026-02-28,4.59583333333333,0.0164409722222222
08NM065,2026-03-01,3.56666666666667,0.0132083333333333
08NM065,2026-03-02,3.82083333333333,0.0316493055555556
08NM065,2026-03-03,4.3125,0.105510416666667
08NM065,2026-03-04,4.675,0.0649166666666667
08NM065,2026-03-05,5.12083333333333,0.101604166666667
08NM065,2026-03-06,5.75,0.07453125
08NM065,2026-03-07,5.94166666666667,0.0896597222222222
08NM065,2026-03-08,5.83333333333333,0.121913194444444
08NM065,2026-03-09,4.49166666666667,0.116763888888889
08NM065,2026-03-10,4.375,0.110635416666667
08NM065,2026-03-11,4.24583333333333,0.104986111111111
08NM065,2026-03-12,3.7875,0.119184027777778
08NM065,2026-03-13,3.825,0.0815347222222222
08NM065,2026-03-14,4.55,0.0758402777777778
08NM065,2026-03-15,3.50833333333333,0.0726979166666667
08NM065,2026-03-16,3.07083333333333,0.0868125
08NM065,2026-03-17,4.40416666666667,0.100489583333333
08NM065,2026-03-18,5.80833333333333,0.0862222222222222
08NM065,2026-03-19,6.85833333333333,0.0687222222222222
08NM065,2026-03-20,7.53333333333333,0.05596875
08NM065,2026-03-21,6.37916666666667,0.129604166666667
08NM065,2026-03-22,4.8125,0.127756944444444
08NM065,2026-03-23,5.075,0.127618055555556
08NM065,2026-03-24,5.79166666666667,0.132625
08NM065,2026-03-25,5.875,0.134465277777778
08NM065,2026-03-26,5.57083333333333,0.131322916666667
08NM065,2026-03-27,5.8375,0.128892361111111
08NM065,2026-03-28,5.55416666666667,0.127277777777778
08NM065,2026-03-29,5.68333333333333,0.12815625
08NM065,2026-03-30,5.325,0.127756944444444
08NM065,2026-03-31,6.0125,0.125076388888889
08NM065,2026-04-01,6.09166666666667,0.12421875
08NM065,2026-04-02,6.19583333333333,0.121979166666667
08NM065,2026-04-03,6.85833333333333,0.113302083333333
08NM065,2026-04-04,8.15833333333333,0.0962777777777778
08NM065,2026-04-05,8.82916666666667,0.0963472222222222
08NM065,2026-04-06,9.2125,0.0938402777777778
08NM065,2026-04-07,8.2375,0.0928784722222222
08NM065,2026-04-08,6.61666666666667,0.0896006944444444
08NM065,2026-04-09,6.96666666666667,0.0869409722222222
08NM065,2026-04-10,8.6375,0.0848715277777778
08NM065,2026-04-11,9.5875,0.0771736111111111
08NM065,2026-04-12,9.59166666666667,0.0922465277777778
08NM065,2026-04-13,8.90416666666667,0.107885416666667
08NM065,2026-04-14,8.625,0.138652777777778
08NM065,2026-04-15,8.01666666666667,0.119253472222222
08NM065,2026-04-16,7.525,0.0764652777777778
08NM065,2026-04-17,8.52083333333333,0.0763888888888889
08NM065,2026-04-18,9.66666666666667,0.0764444444444444
08NM065,2026-04-19,11.0875,0.0762465277777778
08NM065,2026-04-20,10.8625,0.0752222222222222
08NM065,2026-04-21,12.0208333333333,0.0704131944444444
08NM065,2026-04-22,9.95833333333333,0.0688888888888889
08NM065,2026-04-23,7.87916666666667,0.0665034722222222
08NM065,2026-04-24,6.0625,0.0667847222222222
08NM065,2026-04-25,6.35,0.06628125
08NM065,2026-04-26,7.37083333333333,0.06525
08NM065,2026-04-27,8.53333333333333,0.0650590277777778
08NM065,2026-04-28,9.98333333333333,0.06328125
08NM065,2026-04-29,9.6375,0.0612534722222222
08NM065,2026-04-30,11.4875,0.0555625
08NM065,2026-05-01,13.575,0.0529861111111111
08NM065,2026-05-02,13.9208333333333,0.0511215277777778
08NM065,2026-05-03,13.1875,0.0496527777777778
08NM065,2026-05-04,14.9875,0.0484791666666667
08NM065,2026-05-05,12.4208333333333,0.0478715277777778
08NM065,2026-05-06,13.1083333333333,0.0477916666666667
08NM065,2026-05-07,15.5958333333333,0.0419201388888889
08NM065,2026-05-08,15.575,0.04115625
08NM065,2026-05-09,14.4416666666667,0.0409826388888889
08NM065,2026-05-10,15.9416666666667,0.0399097222222222
08NM065,2026-05-11,15.625,0.0393194444444444
08NM065,2026-05-12,14.7666666666667,0.0387534722222222
08NM065,2026-05-13,15.4583333333333,0.0511875
08NM065,2026-05-14,13.575,0.0473506944444444
08NM065,2026-05-15,13.2666666666667,0.0399513888888889
08NM065,2026-05-16,12.3541666666667,0.0388055555555556
08NM065,2026-05-17,13.7208333333333,0.03515625
08NM065,2026-05-18,14.7541666666667,0.02971875
08NM065,2026-05-19,14.65,0.0295694444444444
08NM065,2026-05-20,14.45,0.0297569444444444
08NM065,2026-05-21,14.0625,0.0353506944444444
08NM065,2026-05-22,15.1791666666667,0.0886319444444444
08NM065,2026-05-23,15.95,0.0873368055555555
08NM065,2026-05-24,16.5666666666667,0.0901840277777778
08NM065,2026-05-25,17.225,0.0881840277777778
08NM065,2026-05-26,15.1708333333333,0.0896284722222222
08NM065,2026-05-27,15.8708333333333,0.08790625
08NM065,2026-05-28,17.3541666666667,0.0878472222222222
08NM065,2026-05-29,19.3333333333333,0.0990138888888889
08NM065,2026-05-30,16.0291666666667,0.0884027777777778
08NM065,2026-05-31,16.35,0.0849236111111111
08NM065,2026-06-01,16.2666666666667,0.08234375
08NM065,2026-06-02,14.625,0.07815625
08NM065,2026-06-03,18.6041666666667,0.0794131944444444
08NM065,2026-06-04,17.5791666666667,0.0890833333333333
08NM065,2026-06-05,17.4625,0.0829965277777778
08NM065,2026-06-06,16.4208333333333,0.0829340277777778
08NM065,2026-06-07,15.8416666666667,0.0783819444444444
08NM065,2026-06-08,15.775,0.0685798611111111
08NM065,2026-06-09,17.2208333333333,0.0649131944444444
08NM065,2026-06-10,15.975,0.0692361111111111
08NM065,2026-06-11,16.3833333333333,0.0636875
08NM065,2026-06-12,17.55,0.0640659722222222
08NM065,2026-06-13,16.9708333333333,0.0616041666666667
08NM065,2026-06-14,17.1625,0.06040625
08NM065,2026-06-15,17.6,0.0606979166666667
08NM065,2026-06-16,18.5291666666667,0.0602430555555556
08NM065,2026-06-17,18.2416666666667,0.0581319444444444
08NM065,2026-06-18,18.4583333333333,0.0560416666666667
08NM065,2026-06-19,19.9375,0.0548576388888889
08NM065,2026-06-20,20.7208333333333,0.0559583333333333
08NM065,2026-06-21,18.6041666666667,0.0536319444444444
08NM065,2026-06-22,18.6333333333333,0.0507777777777778
08NM065,2026-06-23,18.7541666666667,0.0490659722222222
08NM065,2026-06-24,19.9,0.0486701388888889
08NM065,2026-06-25,21.4041666666667,0.0499166666666667
08NM065,2026-06-26,20.6125,0.0429097222222222
08NM065,2026-06-27,19.7333333333333,0.0421701388888889
08NM065,2026-06-28,19.1375,0.0413506944444444
08NM065,2026-06-29,19.5083333333333,0.0389652777777778
08NM065,2026-06-30,20.5083333333333,0.0394340277777778
08NM065,2026-07-01,19.6375,0.0342916666666667
08NM065,2026-07-02,19.2041666666667,0.0328368055555556
08NM065,2026-07-03,20.0041666666667,0.0366805555555556
08NM065,2026-07-04,21.4583333333333,0.0353715277777778
08NM065,2026-07-05,20.1916666666667,0.0317534722222222
08NM065,2026-07-06,20.0166666666667,0.02825
08NM065,2026-07-07,21.4416666666667,0.0274444444444444
08NM065,2026-07-08,22.1125,0.0284583333333333
08NM065,2026-07-09,21.5708333333333,0.0253055555555556
08NM065,2026-07-10,21.5666666666667,0.0210451388888889
08NM065,2026-07-11,21.5458333333333,0.0171076388888889
08NM065,2026-07-12,20.8916666666667,0.0150868055555556
08NM065,2026-07-13,20.1791666666667,0.0123159722222222
08NM065,2026-07-14,20.8166666666667,0.00878472222222222
08NM065,2026-07-15,23.0416666666667,0.00820486111111111
08NM065,2026-07-16,22.8625,0.00914236111111111
08NM065,2026-07-17,22.6583333333333,0.00571180555555556
08NM065,2026-07-18,22.4166666666667,0.00617708333333333
08NM065,2026-07-19,21.2833333333333,0.00421428571428571
08NM065,2026-07-20,20.6916666666667,NA
08NM065,2026-07-21,22.0458333333333,NA
08NM065,2026-07-22,22.9916666666667,0.0101970260223048
08NM065,2026-07-23,22.5,0.00985763888888889
08NM065,2026-07-24,22.1541666666667,0.00796875
08NM065,2026-07-25,23.3125,0.00751388888888889
08NM065,2026-07-26,21.5125,0.00674305555555556
08NM065,2026-07-27,21.9958333333333,0.00438194444444444
08NM065,2026-07-28,22.0833333333333,0.00290972222222222
08NM065,2026-07-29,20.6791666666667,0.00221052631578947
08NM065,2026-07-30,20.0875,NA
08NM065,2026-07-31,20.7,NA
08NM065,2026-08-01,21.1625,NA
08NM065,2026-08-02,18.0666666666667,0.00217647058823529
08NM065,2026-08-03,18.3125,NA
08NM065,2026-08-04,18.8291666666667,NA
08NM065,2026-08-05,20.1041666666667,0.00304522613065327
08NM065,2026-08-06,20.0625,0.00291319444444444
08NM065,2026-08-07,20.1375,0.00219444444444444
08NM065,2026-08-08,20.8125,0.00196875
08NM065,2026-08-09,19.5791666666667,NA
08NM065,2026-08-10,19.9666666666667,NA
08NM065,2026-08-11,20.7541666666667,NA
08NM065,2026-08-12,21.6086956521739,NA
08NM065,2026-08-13,21.5833333333333,NA
08NM065,2026-08-14,20.3666666666667,NA
08NM065,2026-08-15,20.4458333333333,NA
08NM065,2026-08-16,20.35,NA
08NM065,2026-08-17,20.1041666666667,NA
08NM065,2026-08-18,21.1913043478261,NA
08NM065,2026-08-19,22.1,NA
08NM065,2026-08-20,21.7541666666667,NA
08NM065,2026-08-21,21.5041666666667,NA
08NM065,2026-08-22,21.8583333333333,NA
08NM065,2026-08-23,19.9791666666667,0.0353409090909091
08NM065,2026-08-24,18.695652173913,NA
08NM065,2026-08-25,19,NA
08NM065,2026-08-26,20.2052631578947,NA
08NM065,2026-08-27,21.7904761904762,NA
08NM083,2024-10-19,14.425,NA
08NM083,2024-10-20,14.2,NA
08NM083,2024-10-21,14.15,NA
08NM083,2024-10-22,14.4,NA
08NM083,2024-10-23,14.2,NA
08NM083,2024-10-24,13.8,NA
08NM083,2024-10-25,13.25,NA
08NM083,2024-10-26,13.3,NA
08NM083,2024-10-27,13.2,NA
08NM083,2024-10-28,13.2,NA
08NM083,2024-10-29,13,NA
08NM083,2024-10-30,12.4,NA
08NM083,2024-10-31,12.6,NA
08NM083,2024-11-01,12.3,NA
08NM083,2024-11-02,12.52,NA
08NM083,2024-11-03,12.3,NA
08NM083,2024-11-04,12,NA
08NM083,2024-11-05,11.85,NA
08NM083,2024-11-06,11.9,NA
08NM083,2024-11-07,11.6,NA
08NM083,2024-11-08,11.5,NA
08NM083,2024-11-09,11.3,NA
08NM083,2024-11-10,11.3,NA
08NM083,2024-11-11,11.2,NA
08NM083,2024-11-12,11.0666666666667,NA
08NM083,2024-11-13,10.62,NA
08NM083,2024-11-14,10.75,NA
08NM083,2024-11-15,10.7142857142857,NA
08NM083,2024-11-16,10,NA
08NM083,2024-11-17,9.8,NA
08NM083,2024-11-18,9.9,NA
08NM083,2024-11-19,9.65,NA
08NM083,2024-11-20,9.4,NA
08NM083,2024-11-21,9.45,NA
08NM083,2024-11-22,9.15,NA
08NM083,2024-11-23,9.45,NA
08NM083,2024-11-24,9.2,NA
08NM083,2024-11-25,9.12916666666667,NA
08NM083,2024-11-26,9.01666666666667,NA
08NM083,2024-11-27,8.99166666666667,NA
08NM083,2024-11-28,8.80833333333333,NA
08NM083,2024-11-29,8.56666666666667,NA
08NM083,2024-11-30,8.05,NA
08NM083,2024-12-01,7.9,NA
08NM083,2024-12-02,7.8,NA
08NM083,2024-12-03,7.55,NA
08NM083,2024-12-04,7.1,NA
08NM083,2024-12-05,6.85,NA
08NM083,2024-12-06,6.8,NA
08NM083,2024-12-07,6.6,NA
08NM083,2024-12-08,6.75,NA
08NM083,2024-12-09,6.65,NA
08NM083,2024-12-10,6.95,NA
08NM083,2024-12-11,6.85,NA
08NM083,2024-12-12,7,NA
08NM083,2024-12-13,6.9,NA
08NM083,2024-12-14,6.8,NA
08NM083,2024-12-15,6.85,NA
08NM083,2024-12-16,6.1,NA
08NM083,2024-12-17,6.5,NA
08NM083,2024-12-18,6.65,NA
08NM083,2024-12-19,6.5,NA
08NM083,2024-12-20,6.6,NA
08NM083,2024-12-21,6.6,NA
08NM083,2024-12-22,6.65,NA
08NM083,2024-12-23,6.56,NA
08NM083,2024-12-24,6.7,NA
08NM083,2024-12-25,6.25,NA
08NM083,2024-12-26,6.5,NA
08NM083,2024-12-27,6.25,NA
08NM083,2024-12-28,6.4,NA
08NM083,2024-12-29,6.35,NA
08NM083,2024-12-30,6.5,NA
08NM083,2024-12-31,6.1,NA
08NM083,2025-01-01,6.25,NA
08NM083,2025-01-02,6.2,NA
08NM083,2025-01-03,6.15,NA
08NM083,2025-01-04,6.2,NA
08NM083,2025-01-05,6.3,NA
08NM083,2025-01-06,6.3,NA
08NM083,2025-01-07,5.83333333333333,NA
08NM083,2025-01-08,5.96666666666667,NA
08NM083,2025-01-09,5.66666666666667,NA
08NM083,2025-01-10,5.63333333333333,NA
08NM083,2025-01-11,5.96666666666667,NA
08NM083,2025-01-12,5.8,NA
08NM083,2025-01-13,5.63333333333333,NA
08NM083,2025-01-14,5.66666666666667,NA
08NM083,2025-01-15,5.43333333333333,NA
08NM083,2025-01-16,5.33333333333333,NA
08NM083,2025-01-17,5.13333333333333,NA
08NM083,2025-01-18,5.3,NA
08NM083,2025-01-19,5.18333333333333,NA
08NM083,2025-01-20,5.16666666666667,NA
08NM083,2025-01-21,5.26666666666667,NA
08NM083,2025-01-22,5,NA
08NM083,2025-01-23,4.93333333333333,NA
08NM083,2025-01-24,5.16666666666667,NA
08NM083,2025-01-25,5.06666666666667,NA
08NM083,2025-01-26,5,NA
08NM083,2025-01-27,4.86666666666667,NA
08NM083,2025-01-28,4.725,NA
08NM083,2025-01-29,4.6625,NA
08NM083,2025-01-30,4.55833333333333,NA
08NM083,2025-01-31,4.65833333333333,NA
08NM083,2025-02-01,4.6625,NA
08NM083,2025-02-02,4.5625,NA
08NM083,2025-02-03,4.1375,NA
08NM083,2025-02-04,3.96666666666667,NA
08NM083,2025-02-05,3.19166666666667,NA
08NM083,2025-02-06,3.80416666666667,NA
08NM083,2025-02-07,4.0875,NA
08NM083,2025-02-08,4.1125,NA
08NM083,2025-02-09,4.225,NA
08NM083,2025-02-10,4.09583333333333,NA
08NM083,2025-02-11,4.10416666666667,NA
08NM083,2025-02-12,4.13333333333333,NA
08NM083,2025-02-13,4.08695652173913,NA
08NM083,2025-02-14,4.00833333333333,NA
08NM083,2025-02-15,4.0125,NA
08NM083,2025-02-16,4.05833333333333,NA
08NM083,2025-02-17,3.96666666666667,NA
08NM083,2025-02-18,3.75,NA
08NM083,2025-02-19,3.89583333333333,NA
08NM083,2025-02-20,4.07916666666667,NA
08NM083,2025-02-21,4.22916666666667,NA
08NM083,2025-02-22,4.35,NA
08NM083,2025-02-23,4.41666666666667,NA
08NM083,2025-02-24,4.51666666666667,NA
08NM083,2025-02-25,4.52916666666667,NA
08NM083,2025-02-26,4.70416666666667,NA
08NM083,2025-02-27,4.7375,NA
08NM083,2025-02-28,4.825,NA
08NM083,2025-03-01,5.04166666666667,NA
08NM083,2025-03-02,5.24583333333333,NA
08NM083,2025-03-03,5.24583333333333,NA
08NM083,2025-03-04,5.25416666666667,NA
08NM083,2025-03-05,4.96666666666667,NA
08NM083,2025-03-06,5.225,NA
08NM083,2025-03-07,5.26666666666667,NA
08NM083,2025-03-08,5.21666666666667,NA
08NM083,2025-03-09,5.075,NA
08NM083,2025-03-10,5.15416666666667,NA
08NM083,2025-03-11,5.10416666666667,NA
08NM083,2025-03-12,5.12916666666667,NA
08NM083,2025-03-13,5.10833333333333,NA
08NM083,2025-03-14,5.00833333333333,NA
08NM083,2025-03-15,5.10833333333333,NA
08NM083,2025-03-16,5.15416666666667,NA
08NM083,2025-03-17,5.25,NA
08NM083,2025-03-18,5.31666666666667,NA
08NM083,2025-03-19,5.54166666666667,NA
08NM083,2025-03-20,5.75,NA
08NM083,2025-03-21,5.53333333333333,NA
08NM083,2025-03-22,5.66666666666667,NA
08NM083,2025-03-23,5.625,NA
08NM083,2025-03-24,5.58333333333333,NA
08NM083,2025-03-25,5.89166666666667,NA
08NM083,2025-03-26,6.12083333333333,NA
08NM083,2025-03-27,6.0625,NA
08NM083,2025-03-28,6.34166666666667,NA
08NM083,2025-03-29,6.01666666666667,NA
08NM083,2025-03-30,6.725,NA
08NM083,2025-03-31,6.55,NA
08NM083,2025-04-01,6.48333333333333,NA
08NM083,2025-04-02,6.96666666666667,NA
08NM083,2025-04-03,7.3125,NA
08NM083,2025-04-04,7.10416666666667,NA
08NM083,2025-04-05,7.29166666666667,NA
08NM083,2025-04-06,7.94583333333333,NA
08NM083,2025-04-07,8.00416666666667,NA
08NM083,2025-04-08,7.95833333333333,NA
08NM083,2025-04-09,8.17083333333333,NA
08NM083,2025-04-10,8.33333333333333,NA
08NM083,2025-04-11,7.92916666666667,NA
08NM083,2025-04-12,8.32916666666667,NA
08NM083,2025-04-13,8.025,NA
08NM083,2025-04-14,7.8375,NA
08NM083,2025-04-15,8.18333333333333,NA
08NM083,2025-04-16,7.34166666666667,NA
08NM083,2025-04-17,7.77916666666667,NA
08NM083,2025-04-18,8.35,NA
08NM083,2025-04-19,8.60416666666667,NA
08NM083,2025-04-20,8.69583333333333,NA
08NM083,2025-04-21,8.5125,NA
08NM083,2025-04-22,8.64166666666667,NA
08NM083,2025-04-23,8.91666666666667,NA
08NM083,2025-04-24,8.975,NA
08NM083,2025-04-25,9.40833333333333,NA
08NM083,2025-04-26,10.4291666666667,NA
08NM083,2025-04-27,10.5666666666667,NA
08NM083,2025-04-28,11.3541666666667,NA
08NM083,2025-04-29,10.7625,NA
08NM083,2025-04-30,10.7958333333333,NA
08NM083,2025-05-01,10.8958333333333,NA
08NM083,2025-05-02,12.0583333333333,NA
08NM083,2025-05-03,13.2666666666667,NA
08NM083,2025-05-04,12.2333333333333,NA
08NM083,2025-05-05,11.6083333333333,NA
08NM083,2025-05-06,11.4291666666667,NA
08NM083,2025-05-07,13.1458333333333,NA
08NM083,2025-05-08,13.4375,NA
08NM083,2025-05-09,11.8958333333333,NA
08NM083,2025-05-10,12.4416666666667,NA
08NM083,2025-05-11,12.5166666666667,NA
08NM083,2025-05-12,12.5458333333333,NA
08NM083,2025-05-13,12.4875,NA
08NM083,2025-05-14,12.3541666666667,NA
08NM083,2025-05-15,12.1208333333333,NA
08NM083,2025-05-16,12.425,NA
08NM083,2025-05-17,13.133333333333301,NA
08NM083,2025-05-18,13.1125,NA
08NM083,2025-05-19,12.2916666666667,NA
08NM083,2025-05-20,12.1375,NA
08NM083,2025-05-21,12.4541666666667,NA
08NM083,2025-05-22,12.3916666666667,NA
08NM083,2025-05-23,12.95,NA
08NM083,2025-05-24,14.3291666666667,NA
08NM083,2025-05-25,15.35,NA
08NM083,2025-05-26,15.9666666666667,NA
08NM083,2025-05-27,14.7291666666667,NA
08NM083,2025-05-28,15.0041666666667,NA
08NM083,2025-05-29,17.2583333333333,NA
08NM083,2025-05-30,17.1666666666667,NA
08NM083,2025-05-31,16.6041666666667,NA
08NM083,2025-06-01,15.9083333333333,NA
08NM083,2025-06-02,15.1375,NA
08NM083,2025-06-03,15.7916666666667,NA
08NM083,2025-06-04,16.2291666666667,NA
08NM083,2025-06-05,17.1125,NA
08NM083,2025-06-06,17.7333333333333,NA
08NM083,2025-06-07,17.7291666666667,NA
08NM083,2025-06-08,18.6333333333333,NA
08NM083,2025-06-09,19.4541666666667,NA
08NM083,2025-06-10,19.1833333333333,NA
08NM083,2025-06-11,20.5666666666667,NA
08NM083,2025-06-12,21.0583333333333,NA
08NM083,2025-06-13,19.4875,NA
08NM083,2025-06-14,18.7333333333333,NA
08NM083,2025-06-15,18.6333333333333,NA
08NM083,2025-06-16,19.6708333333333,NA
08NM083,2025-06-17,19.6458333333333,NA
08NM083,2025-06-18,19.8875,NA
08NM083,2025-06-19,19.7458333333333,NA
08NM083,2025-06-20,19.0833333333333,NA
08NM083,2025-06-21,18.8333333333333,NA
08NM083,2025-06-22,18.0416666666667,NA
08NM083,2025-06-23,17.85,NA
08NM083,2025-06-24,17.4791666666667,NA
08NM083,2025-06-25,18.2958333333333,NA
08NM083,2025-06-26,18.6583333333333,NA
08NM083,2025-06-27,18.8833333333333,NA
08NM083,2025-06-28,18.5875,NA
08NM083,2025-06-29,18.4,NA
08NM083,2025-06-30,18.8041666666667,NA
08NM083,2025-07-01,19.7083333333333,NA
08NM083,2025-07-02,21.1583333333333,NA
08NM083,2025-07-03,21.0291666666667,NA
08NM083,2025-07-04,19.6458333333333,NA
08NM083,2025-07-05,20.025,NA
08NM083,2025-07-06,19.9916666666667,NA
08NM083,2025-07-07,19.7166666666667,NA
08NM083,2025-07-08,20.2541666666667,NA
08NM083,2025-07-09,21.175,NA
08NM083,2025-07-10,20.1875,NA
08NM083,2025-07-11,20.0458333333333,NA
08NM083,2025-07-12,20.2833333333333,NA
08NM083,2025-07-13,20.975,NA
08NM083,2025-07-14,21.5083333333333,NA
08NM083,2025-07-15,21.2958333333333,NA
08NM083,2025-07-16,21.6,NA
08NM083,2025-07-17,21.5875,NA
08NM083,2025-07-18,21.4125,NA
08NM083,2025-07-19,20.9625,NA
08NM083,2025-07-20,21.2625,NA
08NM083,2025-07-21,21.4958333333333,NA
08NM083,2025-07-22,21.5833333333333,NA
08NM083,2025-07-23,21.6125,NA
08NM083,2025-07-24,22.2541666666667,NA
08NM083,2025-07-25,22.2625,NA
08NM083,2025-07-26,20.1083333333333,NA
08NM083,2025-07-27,20.1333333333333,NA
08NM083,2025-07-28,20.5458333333333,NA
08NM083,2025-07-29,21.6041666666667,NA
08NM083,2025-07-30,22.825,NA
08NM083,2025-07-31,23.2333333333333,NA
08NM083,2025-08-01,23.3416666666667,NA
08NM083,2025-08-02,22.5791666666667,NA
08NM083,2025-08-03,22.6875,NA
08NM083,2025-08-04,22.7958333333333,NA
08NM083,2025-08-05,22.8916666666667,NA
08NM083,2025-08-06,23.0833333333333,NA
08NM083,2025-08-07,22.6583333333333,NA
08NM083,2025-08-08,22.3375,NA
08NM083,2025-08-09,22.6708333333333,NA
08NM083,2025-08-10,22.675,NA
08NM083,2025-08-11,23.1583333333333,NA
08NM083,2025-08-12,23.4041666666667,NA
08NM083,2025-08-13,23.3708333333333,NA
08NM083,2025-08-14,23.125,NA
08NM083,2025-08-15,22.9291666666667,NA
08NM083,2025-08-16,22.875,NA
08NM083,2025-08-17,22.6458333333333,NA
08NM083,2025-08-18,22.2625,NA
08NM083,2025-08-19,22.3333333333333,NA
08NM083,2025-08-20,22.3166666666667,NA
08NM083,2025-08-21,22.4416666666667,NA
08NM083,2025-08-22,22.3333333333333,NA
08NM083,2025-08-23,22.5625,NA
08NM083,2025-08-24,22.7333333333333,NA
08NM083,2025-08-25,22.9083333333333,NA
08NM083,2025-08-26,22.9333333333333,NA
08NM083,2025-08-27,23.0375,NA
08NM083,2025-08-28,22.8458333333333,NA
08NM083,2025-08-29,22.6083333333333,NA
08NM083,2025-08-30,22.7375,NA
08NM083,2025-08-31,22.6208333333333,NA
08NM083,2025-09-01,22.575,NA
08NM083,2025-09-02,22.7958333333333,NA
08NM083,2025-09-03,23.0416666666667,NA
08NM083,2025-09-04,23.0625,NA
08NM083,2025-09-05,22.6583333333333,NA
08NM083,2025-09-06,22.4291666666667,NA
08NM083,2025-09-07,22.1666666666667,NA
08NM083,2025-09-08,22.1416666666667,NA
08NM083,2025-09-09,22.2833333333333,NA
08NM083,2025-09-10,22.1291666666667,NA
08NM083,2025-09-11,22.2291666666667,NA
08NM083,2025-09-12,22.2708333333333,NA
08NM083,2025-09-13,22.2416666666667,NA
08NM083,2025-09-14,22.2041666666667,NA
08NM083,2025-09-15,21.9458333333333,NA
08NM083,2025-09-16,21.9666666666667,NA
08NM083,2025-09-17,22.15,NA
08NM083,2025-09-18,22.0166666666667,NA
08NM083,2025-09-19,21.6791666666667,NA
08NM083,2025-09-20,21.5625,NA
08NM083,2025-09-21,21.3875,NA
08NM083,2025-09-22,20.5541666666667,NA
08NM083,2025-09-23,20.2125,NA
08NM083,2025-09-24,20.1708333333333,NA
08NM083,2025-09-25,20.1208333333333,NA
08NM083,2025-09-26,19.4333333333333,NA
08NM083,2025-09-27,19.2583333333333,NA
08NM083,2025-09-28,19.0583333333333,NA
08NM083,2025-09-29,18.7916666666667,NA
08NM083,2025-09-30,18.7458333333333,NA
08NM083,2025-10-01,18.8958333333333,NA
08NM083,2025-10-02,18.4083333333333,NA
08NM083,2025-10-03,18.3083333333333,NA
08NM083,2025-10-04,17.975,NA
08NM083,2025-10-05,17.6375,NA
08NM083,2025-10-06,17.7166666666667,NA
08NM083,2025-10-07,17.6916666666667,NA
08NM083,2025-10-08,17.6791666666667,NA
08NM083,2025-10-09,17.2130434782609,NA
08NM083,2025-10-10,17.1333333333333,NA
08NM083,2025-10-11,16.7208333333333,NA
08NM083,2025-10-12,15.9416666666667,NA
08NM083,2025-10-13,15.445833333333301,NA
08NM083,2025-10-14,15.1125,NA
08NM083,2025-10-15,14.9583333333333,NA
08NM083,2025-10-16,14.3375,NA
08NM083,2025-10-17,14.195833333333301,NA
08NM083,2025-10-18,13.9791666666667,NA
08NM083,2025-10-19,13.975,NA
08NM083,2025-10-20,13.8708333333333,NA
08NM083,2025-10-21,13.6541666666667,NA
08NM083,2025-10-22,13.525,NA
08NM083,2025-10-23,13.1083333333333,NA
08NM083,2025-10-24,12.95,NA
08NM083,2025-10-25,12.8291666666667,NA
08NM083,2025-10-26,12.8916666666667,NA
08NM083,2025-10-27,12.5958333333333,NA
08NM083,2025-10-28,12.0958333333333,NA
08NM083,2025-10-29,11.8125,NA
08NM083,2025-10-30,11.6166666666667,NA
08NM083,2025-10-31,11.5166666666667,NA
08NM083,2025-11-01,11.1833333333333,NA
08NM083,2025-11-02,10.9833333333333,NA
08NM083,2025-11-03,10.8375,NA
08NM083,2025-11-04,10.4416666666667,NA
08NM083,2025-11-05,10.1916666666667,NA
08NM083,2025-11-06,10.2791666666667,NA
08NM083,2025-11-07,10.2958333333333,NA
08NM083,2025-11-08,10.4125,NA
08NM083,2025-11-09,10.1291666666667,NA
08NM083,2025-11-10,10.258333333333301,NA
08NM083,2025-11-11,10.1833333333333,NA
08NM083,2025-11-12,9.97083333333333,NA
08NM083,2025-11-13,9.75833333333333,NA
08NM083,2025-11-14,9.7,NA
08NM083,2025-11-15,9.65416666666667,NA
08NM083,2025-11-16,9.63333333333333,NA
08NM083,2025-11-17,9.7,NA
08NM083,2025-11-18,9.67916666666667,NA
08NM083,2025-11-19,9.59166666666667,NA
08NM083,2025-11-20,9.59583333333333,NA
08NM083,2025-11-21,9.5625,NA
08NM083,2025-11-22,9.44166666666667,NA
08NM083,2025-11-23,9.28333333333333,NA
08NM083,2025-11-24,9.10833333333333,NA
08NM083,2025-11-25,8.76666666666667,NA
08NM083,2025-11-26,8.62083333333333,NA
08NM083,2025-11-27,8.52083333333333,NA
08NM083,2025-11-28,8.425,NA
08NM083,2025-11-29,8.225,NA
08NM083,2025-11-30,8.2375,NA
08NM083,2025-12-01,8.2,NA
08NM083,2025-12-02,8.21666666666667,NA
08NM083,2025-12-03,8.175,NA
08NM083,2025-12-04,7.975,NA
08NM083,2025-12-05,7.7375,NA
08NM083,2025-12-06,7.3875,NA
08NM083,2025-12-07,7.2,NA
08NM083,2025-12-08,7.075,NA
08NM083,2025-12-09,6.9875,NA
08NM083,2025-12-10,6.99166666666667,NA
08NM083,2025-12-11,7.02916666666667,NA
08NM083,2025-12-12,6.9625,NA
08NM083,2025-12-13,6.83333333333333,NA
08NM083,2025-12-14,7.06666666666667,NA
08NM083,2025-12-15,7.3,NA
08NM083,2025-12-16,7.27083333333333,NA
08NM083,2025-12-17,6.9,NA
08NM083,2025-12-18,6.49583333333333,NA
08NM083,2025-12-19,6.375,NA
08NM083,2025-12-20,6.325,NA
08NM083,2025-12-21,6.35,NA
08NM083,2025-12-22,6.25416666666667,NA
08NM083,2025-12-23,6.09583333333333,NA
08NM083,2025-12-24,5.9875,NA
08NM083,2025-12-25,6.09583333333333,NA
08NM083,2025-12-26,6.27083333333333,NA
08NM083,2025-12-27,5.90833333333333,NA
08NM083,2025-12-28,5.65833333333333,NA
08NM083,2025-12-29,5.74583333333333,NA
08NM083,2025-12-30,5.775,NA
08NM083,2025-12-31,5.83333333333333,NA
08NM083,2026-01-01,5.875,NA
08NM083,2026-01-02,5.8625,NA
08NM083,2026-01-03,5.9625,NA
08NM083,2026-01-04,5.99166666666667,NA
08NM083,2026-01-05,5.96666666666667,NA
08NM083,2026-01-06,5.78333333333333,NA
08NM083,2026-01-07,5.7,NA
08NM083,2026-01-08,5.54166666666667,NA
08NM083,2026-01-09,5.56666666666667,NA
08NM083,2026-01-10,5.425,NA
08NM083,2026-01-11,5.37916666666667,NA
08NM083,2026-01-12,5.45416666666667,NA
08NM083,2026-01-13,5.62083333333333,NA
08NM083,2026-01-14,5.575,NA
08NM083,2026-01-15,5.5125,NA
08NM083,2026-01-16,5.27916666666667,NA
08NM083,2026-01-17,5.35833333333333,NA
08NM083,2026-01-18,5.3625,NA
08NM083,2026-01-19,5.29166666666667,NA
08NM083,2026-01-20,5.2,NA
08NM083,2026-01-21,5.1,NA
08NM083,2026-01-22,5.07083333333333,NA
08NM083,2026-01-23,4.89583333333333,NA
08NM083,2026-01-24,4.82916666666667,NA
08NM083,2026-01-25,4.8875,NA
08NM083,2026-01-26,5.04166666666667,NA
08NM083,2026-01-27,5.15833333333333,NA
08NM083,2026-01-28,5.15,NA
08NM083,2026-01-29,5.02916666666667,NA
08NM083,2026-01-30,5.15416666666667,NA
08NM083,2026-01-31,5.17083333333333,NA
08NM083,2026-02-01,5.36666666666667,NA
08NM083,2026-02-02,5.19583333333333,NA
08NM083,2026-02-03,5.40416666666667,NA
08NM083,2026-02-04,5.47916666666667,NA
08NM083,2026-02-05,5.42083333333333,NA
08NM083,2026-02-06,5.49166666666667,NA
08NM083,2026-02-07,5.19166666666667,NA
08NM083,2026-02-08,5.30833333333333,NA
08NM083,2026-02-09,5.34166666666667,NA
08NM083,2026-02-10,5.37916666666667,NA
08NM083,2026-02-11,5.30833333333333,NA
08NM083,2026-02-12,5.32916666666667,NA
08NM083,2026-02-13,5.26666666666667,NA
08NM083,2026-02-14,5.29583333333333,NA
08NM083,2026-02-15,5.28333333333333,NA
08NM083,2026-02-16,5.19166666666667,NA
08NM083,2026-02-17,5.28333333333333,NA
08NM083,2026-02-18,5.05833333333333,NA
08NM083,2026-02-19,4.80416666666667,NA
08NM083,2026-02-20,4.67083333333333,NA
08NM083,2026-02-21,4.87083333333333,NA
08NM083,2026-02-22,4.8875,NA
08NM083,2026-02-23,4.90833333333333,NA
08NM083,2026-02-24,5.04583333333333,NA
08NM083,2026-02-25,5.17916666666667,NA
08NM083,2026-02-26,4.93333333333333,NA
08NM083,2026-02-27,4.95833333333333,NA
08NM083,2026-02-28,5.0625,NA
08NM083,2026-03-01,5.15833333333333,NA
08NM083,2026-03-02,5.27083333333333,NA
08NM083,2026-03-03,5.11666666666667,NA
08NM083,2026-03-04,5.19166666666667,NA
08NM083,2026-03-05,5.32916666666667,NA
08NM083,2026-03-06,5.50833333333333,NA
08NM083,2026-03-07,5.5375,NA
08NM083,2026-03-08,5.63333333333333,NA
08NM083,2026-03-09,5.3375,NA
08NM083,2026-03-10,5.3625,NA
08NM083,2026-03-11,5.37083333333333,NA
08NM083,2026-03-12,5.1875,NA
08NM083,2026-03-13,5.0875,NA
08NM083,2026-03-14,5.32083333333333,NA
08NM083,2026-03-15,5.3,NA
08NM083,2026-03-16,5.15833333333333,NA
08NM083,2026-03-17,5.42916666666667,NA
08NM083,2026-03-18,5.73333333333333,NA
08NM083,2026-03-19,6.15416666666667,NA
08NM083,2026-03-20,6.78333333333333,NA
08NM083,2026-03-21,6.85833333333333,NA
08NM083,2026-03-22,6.5625,NA
08NM083,2026-03-23,6.88333333333333,NA
08NM083,2026-03-24,6.6875,NA
08NM083,2026-03-25,6.07083333333333,NA
08NM083,2026-03-26,6.0875,NA
08NM083,2026-03-27,6.45,NA
08NM083,2026-03-28,6.5125,NA
08NM083,2026-03-29,6.02916666666667,NA
08NM083,2026-03-30,6.11666666666667,NA
08NM083,2026-03-31,6.3625,NA
08NM083,2026-04-01,6.375,NA
08NM083,2026-04-02,6.2,NA
08NM083,2026-04-03,6.54166666666667,NA
08NM083,2026-04-04,6.87083333333333,NA
08NM083,2026-04-05,7.35416666666667,NA
08NM083,2026-04-06,7.39166666666667,NA
08NM083,2026-04-07,7.4,NA
08NM083,2026-04-08,6.50833333333333,NA
08NM083,2026-04-09,6.88333333333333,NA
08NM083,2026-04-10,7.42916666666667,NA
08NM083,2026-04-11,7.66666666666667,NA
08NM083,2026-04-12,8.02083333333333,NA
08NM083,2026-04-13,8.79583333333333,NA
08NM083,2026-04-14,8.47083333333333,NA
08NM083,2026-04-15,8.475,NA
08NM083,2026-04-16,8.2375,NA
08NM083,2026-04-17,8.35416666666667,NA
08NM083,2026-04-18,8.4125,NA
08NM083,2026-04-19,8.60833333333333,NA
08NM083,2026-04-20,9.1,NA
08NM083,2026-04-21,9.09583333333333,NA
08NM083,2026-04-22,9.59583333333333,NA
08NM083,2026-04-23,9.3125,NA
08NM083,2026-04-24,8.70833333333333,NA
08NM083,2026-04-25,8.875,NA
08NM083,2026-04-26,8.96666666666667,NA
08NM083,2026-04-27,9.1875,NA
08NM083,2026-04-28,9.45833333333333,NA
08NM083,2026-04-29,9.375,NA
08NM083,2026-04-30,9.90416666666667,NA
08NM083,2026-05-01,10.9541666666667,NA
08NM083,2026-05-02,11.7166666666667,NA
08NM083,2026-05-03,12.5,NA
08NM083,2026-05-04,13.3708333333333,NA
08NM083,2026-05-05,13.8291666666667,NA
08NM083,2026-05-06,14.9541666666667,NA
08NM083,2026-05-07,13.7208333333333,NA
08NM083,2026-05-08,14.0833333333333,NA
08NM083,2026-05-09,13.5041666666667,NA
08NM083,2026-05-10,13.05,NA
08NM083,2026-05-11,13.4208333333333,NA
08NM083,2026-05-12,13.0416666666667,NA
08NM083,2026-05-13,13.5666666666667,NA
08NM083,2026-05-14,13.2916666666667,NA
08NM083,2026-05-15,12.75,NA
08NM083,2026-05-16,12.195833333333301,NA
08NM083,2026-05-17,12.133333333333301,NA
08NM083,2026-05-18,12.6416666666667,NA
08NM083,2026-05-19,13.0333333333333,NA
08NM083,2026-05-20,12.6833333333333,NA
08NM083,2026-05-21,13.0625,NA
08NM083,2026-05-22,13.320833333333301,NA
08NM083,2026-05-23,13.9333333333333,NA
08NM083,2026-05-24,14.2875,NA
08NM083,2026-05-25,14.2916666666667,NA
08NM083,2026-05-26,13.4583333333333,NA
08NM083,2026-05-27,13.7416666666667,NA
08NM083,2026-05-28,14.4416666666667,NA
08NM083,2026-05-29,15.9958333333333,NA
08NM083,2026-05-30,15.4708333333333,NA
08NM083,2026-05-31,15.4416666666667,NA
08NM083,2026-06-01,15.1083333333333,NA
08NM083,2026-06-02,14.5166666666667,NA
08NM083,2026-06-03,15.8291666666667,NA
08NM083,2026-06-04,15.2208333333333,NA
08NM083,2026-06-05,15.9208333333333,NA
08NM083,2026-06-06,15.55,NA
08NM083,2026-06-07,14.8291666666667,NA
08NM083,2026-06-08,15.0375,NA
08NM083,2026-06-09,15.0541666666667,NA
08NM083,2026-06-10,14.8791666666667,NA
08NM083,2026-06-11,14.8875,NA
08NM083,2026-06-12,14.9125,NA
08NM083,2026-06-13,15.1666666666667,NA
08NM083,2026-06-14,16.4,NA
08NM083,2026-06-15,17.9791666666667,NA
08NM083,2026-06-16,17.9375,NA
08NM083,2026-06-17,17.1166666666667,NA
08NM083,2026-06-18,16.7708333333333,NA
08NM083,2026-06-19,17.6166666666667,NA
08NM083,2026-06-20,18.2458333333333,NA
08NM083,2026-06-21,17.8458333333333,NA
08NM083,2026-06-22,18.1125,NA
08NM083,2026-06-23,18.8375,NA
08NM083,2026-06-24,19.6125,NA
08NM083,2026-06-25,20.1666666666667,NA
08NM083,2026-06-26,20.175,NA
08NM083,2026-06-27,19.9375,NA
08NM083,2026-06-28,19.5083333333333,NA
08NM083,2026-06-29,19.4666666666667,NA
08NM083,2026-06-30,19.895652173913,NA
08NM083,2026-07-01,19.375,NA
08NM083,2026-07-02,19.1416666666667,NA
08NM083,2026-07-03,19.3375,NA
08NM083,2026-07-04,19.9208333333333,NA
08NM083,2026-07-05,20.1458333333333,NA
08NM083,2026-07-06,19.8083333333333,NA
08NM083,2026-07-07,20.225,NA
08NM083,2026-07-08,20.8541666666667,NA
08NM083,2026-07-09,20.6583333333333,NA
08NM083,2026-07-10,20.4916666666667,NA
08NM083,2026-07-11,20.75,NA
08NM083,2026-07-12,20.4166666666667,NA
08NM083,2026-07-13,20.5125,NA
08NM083,2026-07-14,21.1291666666667,NA
08NM083,2026-07-15,21.8833333333333,NA
08NM083,2026-07-16,22.0708333333333,NA
08NM083,2026-07-17,22.0875,NA
08NM083,2026-07-18,21.9875,NA
08NM083,2026-07-19,21.3833333333333,NA
08NM083,2026-07-20,20.4666666666667,NA
08NM083,2026-07-21,20.9,NA
08NM083,2026-07-22,22.0208333333333,NA
08NM083,2026-07-23,22.575,NA
08NM083,2026-07-24,22.8,NA
08NM083,2026-07-25,23.1666666666667,NA
08NM083,2026-07-26,22.6375,NA
08NM083,2026-07-27,22.7416666666667,NA
08NM083,2026-07-28,22.8625,NA
08NM083,2026-07-29,22.5583333333333,NA
08NM083,2026-07-30,22.5625,NA
08NM083,2026-07-31,22.4625,NA
08NM083,2026-08-01,22.45,NA
08NM083,2026-08-02,22.0875,NA
08NM083,2026-08-03,21.2916666666667,NA
08NM083,2026-08-04,21.1625,NA
08NM083,2026-08-05,21.2208333333333,NA
08NM083,2026-08-06,21.3791666666667,NA
08NM083,2026-08-07,21.5333333333333,NA
08NM083,2026-08-08,21.8916666666667,NA
08NM083,2026-08-09,21.775,NA
08NM083,2026-08-10,21.775,NA
08NM083,2026-08-11,21.9583333333333,NA
08NM083,2026-08-12,21.775,NA
08NM083,2026-08-13,22.2791666666667,NA
08NM083,2026-08-14,22.4625,NA
08NM083,2026-08-15,22.4625,NA
08NM083,2026-08-16,22.7458333333333,NA
08NM083,2026-08-17,22.7583333333333,NA
08NM083,2026-08-18,22.7291666666667,NA
08NM083,2026-08-19,22.9083333333333,NA
08NM083,2026-08-20,23.2083333333333,NA
08NM083,2026-08-21,23.4541666666667,NA
08NM083,2026-08-22,23.4,NA
08NM083,2026-08-23,23.025,NA
08NM083,2026-08-24,22.7083333333333,NA
08NM083,2026-08-25,22.6958333333333,NA
08NM083,2026-08-26,22.8541666666667,NA
08NM083,2026-08-27,22.6428571428571,NA
08NM085,2024-10-19,11.6875,9.21833333333333
08NM085,2024-10-20,13.5,9.31789473684211
08NM085,2024-10-21,12.55,9.35566666666667
08NM085,2024-10-22,11.65,9.303
08NM085,2024-10-23,10.85,9.47
08NM085,2024-10-24,10.8,9.47333333333333
08NM085,2024-10-25,10.05,9.455
08NM085,2024-10-26,10.85,9.374
08NM085,2024-10-27,11.7,9.49
08NM085,2024-10-28,10.5,9.55947368421053
08NM085,2024-10-29,10.1,9.57315789473684
08NM085,2024-10-30,9.95,9.579
08NM085,2024-10-31,10.2,9.76533333333333
08NM085,2024-11-01,9.7,10.0777777777778
08NM085,2024-11-02,10.1,9.97727272727273
08NM085,2024-11-03,9.4,10.0444444444444
08NM085,2024-11-04,8.98333333333333,9.64397435897436
08NM085,2024-11-05,8.75,8.918
08NM085,2024-11-06,8.45,7.912
08NM085,2024-11-07,8.2,7.73933333333333
08NM085,2024-11-08,8.3,7.64033333333333
08NM085,2024-11-09,8.4,7.53
08NM085,2024-11-10,8,7.51777777777778
08NM085,2024-11-11,8.6,7.62944444444444
08NM085,2024-11-12,8.23333333333333,7.63076923076923
08NM085,2024-11-13,8.22,7.63363636363636
08NM085,2024-11-14,8.6,7.63833333333333
08NM085,2024-11-15,8.1,7.64444444444444
08NM085,2024-11-16,6.7,7.51666666666667
08NM085,2024-11-17,6.9,7.5
08NM085,2024-11-18,6.7,7.52777777777778
08NM085,2024-11-19,6.25,7.46
08NM085,2024-11-20,6.3,7.645
08NM085,2024-11-21,6.85,7.659
08NM085,2024-11-22,6.8,7.93777777777778
08NM085,2024-11-23,7.05,7.832
08NM085,2024-11-24,6.9,7.82533333333333
08NM085,2024-11-25,6.74583333333333,7.89854166666667
08NM085,2024-11-26,6.36666666666667,7.96506944444444
08NM085,2024-11-27,6.0875,7.82854166666667
08NM085,2024-11-28,5.84166666666667,7.75284722222222
08NM085,2024-11-29,5.45416666666667,7.74840277777778
08NM085,2024-11-30,5.4,7.62935483870968
08NM085,2024-12-01,5.4,7.65903225806452
08NM085,2024-12-02,4.3,7.588
08NM085,2024-12-03,5,7.59
08NM085,2024-12-04,4.65,7.5841935483871
08NM085,2024-12-05,4.4,7.54896551724138
08NM085,2024-12-06,4.1,7.39548387096774
08NM085,2024-12-07,3.85,7.29483870967742
08NM085,2024-12-08,4.25,7.22935483870968
08NM085,2024-12-09,3.7,7.14
08NM085,2024-12-10,3.75,7.07
08NM085,2024-12-11,3.8,7.03
08NM085,2024-12-12,3.25,6.99733333333333
08NM085,2024-12-13,3.85,6.99064516129032
08NM085,2024-12-14,4.25,7.04064516129032
08NM085,2024-12-15,3.7,7.11
08NM085,2024-12-16,3.4,7.11
08NM085,2024-12-17,3.7,7.15733333333333
08NM085,2024-12-18,4.2,7.238
08NM085,2024-12-19,3.3,7.26
08NM085,2024-12-20,4.1,7.19333333333333
08NM085,2024-12-21,3.45,7.27966666666667
08NM085,2024-12-22,4.2,7.29129032258064
08NM085,2024-12-23,4.38,7.25134328358209
08NM085,2024-12-24,4.5,7.26032258064516
08NM085,2024-12-25,4.1,7.16387096774194
08NM085,2024-12-26,4.15,7.3
08NM085,2024-12-27,4.05,7.27866666666667
08NM085,2024-12-28,4.25,7.30133333333333
08NM085,2024-12-29,4.2,7.31733333333333
08NM085,2024-12-30,4.2,7.32103448275862
08NM085,2024-12-31,3.8,7.23933333333333
08NM085,2025-01-01,3.7,7.28666666666667
08NM085,2025-01-02,3.55,7.25533333333333
08NM085,2025-01-03,3.65,7.35333333333333
08NM085,2025-01-04,3.9,7.358
08NM085,2025-01-05,4,7.42666666666667
08NM085,2025-01-06,3.8,7.41833333333333
08NM085,2025-01-07,3.36666666666667,7.29571428571429
08NM085,2025-01-08,3.6,7.37190476190476
08NM085,2025-01-09,3,7.26857142857143
08NM085,2025-01-10,3.35,7.25896551724138
08NM085,2025-01-11,3.3,7.25066666666667
08NM085,2025-01-12,3.25,7.278
08NM085,2025-01-13,2.6,7.23
08NM085,2025-01-14,3.1,7.24
08NM085,2025-01-15,3.1,7.24
08NM085,2025-01-16,3.26666666666667,7.11690476190476
08NM085,2025-01-17,2.26666666666667,7.17357142857143
08NM085,2025-01-18,2.4,7.18048780487805
08NM085,2025-01-19,1.94,7.17476923076923
08NM085,2025-01-20,0.966666666666667,7.09785714285714
08NM085,2025-01-21,2.1,7.11268292682927
08NM085,2025-01-22,1.25,7.094
08NM085,2025-01-23,2.4,7.06428571428571
08NM085,2025-01-24,2.2,7.15428571428571
08NM085,2025-01-25,2,7.13585365853659
08NM085,2025-01-26,1.88,7.09393939393939
08NM085,2025-01-27,1.6,7.09
08NM085,2025-01-28,2.27083333333333,7.11167832167832
08NM085,2025-01-29,1.79166666666667,7.08354166666667
08NM085,2025-01-30,1.44166666666667,7.07003472222222
08NM085,2025-01-31,2.04166666666667,7.10458333333333
08NM085,2025-02-01,2.78333333333333,7.11072916666667
08NM085,2025-02-02,2.47916666666667,7.12444444444444
08NM085,2025-02-03,1.91666666666667,7.17684027777778
08NM085,2025-02-04,0.2875,6.99836805555556
08NM085,2025-02-05,0.0375,6.89743055555556
08NM085,2025-02-06,0.454166666666667,7.60180555555556
08NM085,2025-02-07,0.766666666666667,8.13083333333333
08NM085,2025-02-08,1.3375,8.40298611111111
08NM085,2025-02-09,1.46666666666667,8.66131944444444
08NM085,2025-02-10,1.01666666666667,8.78652777777778
08NM085,2025-02-11,0.658333333333333,8.77947916666667
08NM085,2025-02-12,0.583333333333333,8.90493055555556
08NM085,2025-02-13,0.682608695652174,9.54197916666667
08NM085,2025-02-14,1.70833333333333,9.33795138888889
08NM085,2025-02-15,1.875,9.2959375
08NM085,2025-02-16,1.88333333333333,9.3590625
08NM085,2025-02-17,2.1875,9.37736111111111
08NM085,2025-02-18,2.4375,9.33725694444444
08NM085,2025-02-19,2.30416666666667,9.29520833333333
08NM085,2025-02-20,2.33333333333333,9.29381944444444
08NM085,2025-02-21,2.6375,9.28864583333333
08NM085,2025-02-22,2.525,9.27222222222222
08NM085,2025-02-23,3.00416666666667,9.449375
08NM085,2025-02-24,2.96666666666667,9.514375
08NM085,2025-02-25,3.04166666666667,9.52829861111111
08NM085,2025-02-26,3.25,9.47864583333333
08NM085,2025-02-27,3.75416666666667,9.40322916666667
08NM085,2025-02-28,4.14166666666667,9.41385416666667
08NM085,2025-03-01,4.325,9.34770833333333
08NM085,2025-03-02,4.61666666666667,9.34496527777778
08NM085,2025-03-03,5.04583333333333,9.31395833333333
08NM085,2025-03-04,4.91666666666667,9.26034722222222
08NM085,2025-03-05,4.85,9.25458333333333
08NM085,2025-03-06,5.54166666666667,9.25663194444444
08NM085,2025-03-07,5.32916666666667,9.22621527777778
08NM085,2025-03-08,5.7125,9.18486111111111
08NM085,2025-03-09,5.89166666666667,9.07135416666667
08NM085,2025-03-10,5.70833333333333,9.18260416666667
08NM085,2025-03-11,5.09583333333333,9.25597222222222
08NM085,2025-03-12,4.88333333333333,9.21996527777778
08NM085,2025-03-13,5.225,9.63072916666667
08NM085,2025-03-14,4.86666666666667,9.75777777777778
08NM085,2025-03-15,5.30833333333333,9.72309027777778
08NM085,2025-03-16,4.92083333333333,9.62864583333333
08NM085,2025-03-17,5.35,9.57934027777778
08NM085,2025-03-18,5.7,9.52121527777778
08NM085,2025-03-19,5.54166666666667,9.43885017421603
08NM085,2025-03-20,5.31666666666667,9.381875
08NM085,2025-03-21,6.36666666666667,9.31642361111111
08NM085,2025-03-22,6.70416666666667,9.49635416666667
08NM085,2025-03-23,6.70833333333333,9.44704861111111
08NM085,2025-03-24,6.75833333333333,9.414375
08NM085,2025-03-25,7.41666666666667,9.60309027777778
08NM085,2025-03-26,8.3375,9.62375
08NM085,2025-03-27,8.57916666666667,9.64215277777778
08NM085,2025-03-28,8.5625,9.97010416666667
08NM085,2025-03-29,8.33333333333333,10.4295138888889
08NM085,2025-03-30,8.3125,10.4947916666667
08NM085,2025-03-31,8.92083333333333,10.6288194444444
08NM085,2025-04-01,8.22916666666667,10.9548611111111
08NM085,2025-04-02,9.02916666666667,10.6236111111111
08NM085,2025-04-03,8.92083333333333,10.4891608391608
08NM085,2025-04-04,9.01666666666667,10.1780208333333
08NM085,2025-04-05,9.45833333333333,10.0010416666667
08NM085,2025-04-06,9.79166666666667,10.0121875
08NM085,2025-04-07,10.1041666666667,10.4605555555556
08NM085,2025-04-08,9.02916666666667,13.3427083333333
08NM085,2025-04-09,8.60833333333333,13.414583333333301
08NM085,2025-04-10,9.50833333333333,12.8524305555556
08NM085,2025-04-11,9.525,12.7694444444444
08NM085,2025-04-12,9.84583333333333,13.2809027777778
08NM085,2025-04-13,9.03333333333333,13.0211805555556
08NM085,2025-04-14,10.05,12.7295138888889
08NM085,2025-04-15,10.4875,12.602083333333301
08NM085,2025-04-16,10.8916666666667,13.428125
08NM085,2025-04-17,9.85,13.6263888888889
08NM085,2025-04-18,10.3291666666667,13.2864583333333
08NM085,2025-04-19,11.3125,13.5055555555556
08NM085,2025-04-20,10.9333333333333,14.5197916666667
08NM085,2025-04-21,10.1791666666667,14.6340277777778
08NM085,2025-04-22,10.0208333333333,14.0375
08NM085,2025-04-23,10.5125,13.7423611111111
08NM085,2025-04-24,11.3791666666667,14.883333333333301
08NM085,2025-04-25,12.1583333333333,15.059375
08NM085,2025-04-26,12.508333333333301,15.8649305555556
08NM085,2025-04-27,12.6708333333333,17.15625
08NM085,2025-04-28,12.1041666666667,17.9951388888889
08NM085,2025-04-29,11.4375,18.3222222222222
08NM085,2025-04-30,11.7416666666667,18.7604166666667
08NM085,2025-05-01,12.4,20.2979166666667
08NM085,2025-05-02,12.5875,20.7763888888889
08NM085,2025-05-03,12.6416666666667,22.3038194444444
08NM085,2025-05-04,10.7625,25.3746527777778
08NM085,2025-05-05,11.275,23.1555555555556
08NM085,2025-05-06,12.5041666666667,21.1270833333333
08NM085,2025-05-07,12.875,20.5024305555556
08NM085,2025-05-08,12.6708333333333,21.2506944444444
08NM085,2025-05-09,12.775,23.7590277777778
08NM085,2025-05-10,13.1416666666667,25.121875
08NM085,2025-05-11,12.6833333333333,24.7541666666667
08NM085,2025-05-12,13.0625,24.846875
08NM085,2025-05-13,13.2708333333333,26.1118055555556
08NM085,2025-05-14,13.7541666666667,25.9920138888889
08NM085,2025-05-15,13.7166666666667,24.8777777777778
08NM085,2025-05-16,14.1375,23.9395833333333
08NM085,2025-05-17,13.945833333333301,23.75
08NM085,2025-05-18,13.7541666666667,24.7038194444444
08NM085,2025-05-19,13.4916666666667,24.3305555555556
08NM085,2025-05-20,13.4333333333333,23.5909722222222
08NM085,2025-05-21,14.008333333333301,29.4212543554007
08NM085,2025-05-22,14.5958333333333,29.9760416666667
08NM085,2025-05-23,15.325,29.9916666666667
08NM085,2025-05-24,15.4708333333333,29.9878472222222
08NM085,2025-05-25,15.8541666666667,30.4902777777778
08NM085,2025-05-26,16.25,31.7791666666667
08NM085,2025-05-27,15.6916666666667,34.2121527777778
08NM085,2025-05-28,16.7,38.9840277777778
08NM085,2025-05-29,16.9583333333333,41.7527777777778
08NM085,2025-05-30,17.4041666666667,50.46875
08NM085,2025-05-31,16.825,50.7215277777778
08NM085,2025-06-01,16.3916666666667,51.084375
08NM085,2025-06-02,16.3416666666667,50.0395833333333
08NM085,2025-06-03,16.3916666666667,49.2857638888889
08NM085,2025-06-04,17.0541666666667,49.2263888888889
08NM085,2025-06-05,17.7541666666667,49.0975694444444
08NM085,2025-06-06,19.0375,48.9833333333333
08NM085,2025-06-07,20.0375,49.0368055555556
08NM085,2025-06-08,19.9291666666667,48.8795138888889
08NM085,2025-06-09,20.425,48.0298611111111
08NM085,2025-06-10,21.8041666666667,40.4381944444444
08NM085,2025-06-11,21.6791666666667,37.26875
08NM085,2025-06-12,21.8125,36.4222222222222
08NM085,2025-06-13,21.5458333333333,36.6590277777778
08NM085,2025-06-14,21.6083333333333,36.4583333333333
08NM085,2025-06-15,21.225,36.4315972222222
08NM085,2025-06-16,21.4125,35.3
08NM085,2025-06-17,21.475,28.5604166666667
08NM085,2025-06-18,21.5083333333333,26.834375
08NM085,2025-06-19,20.7083333333333,25.6625
08NM085,2025-06-20,20.8041666666667,19.2586805555556
08NM085,2025-06-21,19.425,19.3072916666667
08NM085,2025-06-22,18.8791666666667,19.1802083333333
08NM085,2025-06-23,19.3125,19.0107638888889
08NM085,2025-06-24,20.075,19.8694444444444
08NM085,2025-06-25,20.3166666666667,20.5208333333333
08NM085,2025-06-26,20.2375,20.7322916666667
08NM085,2025-06-27,20.4583333333333,20.6163194444444
08NM085,2025-06-28,20.5625,20.2541666666667
08NM085,2025-06-29,21.0833333333333,19.7565972222222
08NM085,2025-06-30,21.9333333333333,19.4097222222222
08NM085,2025-07-01,22.8791666666667,18.9659722222222
08NM085,2025-07-02,23.4125,18.6305555555556
08NM085,2025-07-03,22.8916666666667,18.346875
08NM085,2025-07-04,22.4333333333333,18.1760416666667
08NM085,2025-07-05,22.6041666666667,17.9545138888889
08NM085,2025-07-06,22.0416666666667,18.1579861111111
08NM085,2025-07-07,22.4958333333333,17.7347222222222
08NM085,2025-07-08,23.0541666666667,17.2090277777778
08NM085,2025-07-09,23.4041666666667,17.0996527777778
08NM085,2025-07-10,22.4625,17.0743055555556
08NM085,2025-07-11,22.375,16.7121527777778
08NM085,2025-07-12,23.35,16.5701388888889
08NM085,2025-07-13,24.1166666666667,16.6336805555556
08NM085,2025-07-14,24.2541666666667,16.5621527777778
08NM085,2025-07-15,22.7166666666667,16.7100694444444
08NM085,2025-07-16,23.0333333333333,16.26875
08NM085,2025-07-17,22.75,15.9368055555556
08NM085,2025-07-18,22.4541666666667,14.4284722222222
08NM085,2025-07-19,22.1708333333333,14.4541666666667
08NM085,2025-07-20,22.4666666666667,14.4482638888889
08NM085,2025-07-21,22.275,14.2975694444444
08NM085,2025-07-22,22.4375,14.7871527777778
08NM085,2025-07-23,22.9416666666667,15.1329861111111
08NM085,2025-07-24,23.2333333333333,14.6864583333333
08NM085,2025-07-25,23.6958333333333,14.4871527777778
08NM085,2025-07-26,23.2041666666667,14.6135416666667
08NM085,2025-07-27,23.0708333333333,14.7166666666667
08NM085,2025-07-28,22.6041666666667,14.828125
08NM085,2025-07-29,23.4208333333333,14.5815972222222
08NM085,2025-07-30,24.0291666666667,14.7809027777778
08NM085,2025-07-31,24.3541666666667,14.6260416666667
08NM085,2025-08-01,24.3958333333333,15.0357638888889
08NM085,2025-08-02,23.6833333333333,15.9916666666667
08NM085,2025-08-03,24.7666666666667,16.340625
08NM085,2025-08-04,24.2375,15.9006944444444
08NM085,2025-08-05,23.9333333333333,15.6729166666667
08NM085,2025-08-06,23.5083333333333,15.7163194444444
08NM085,2025-08-07,22.5916666666667,16.1430555555556
08NM085,2025-08-08,22.75,16.2340277777778
08NM085,2025-08-09,23.425,15.9680555555556
08NM085,2025-08-10,23.9833333333333,15.9211805555556
08NM085,2025-08-11,24.575,15.7555555555556
08NM085,2025-08-12,23.9416666666667,15.4729166666667
08NM085,2025-08-13,24.55,15.2416666666667
08NM085,2025-08-14,23.8958333333333,15.1152777777778
08NM085,2025-08-15,23.6625,15.2909722222222
08NM085,2025-08-16,22.6083333333333,15.7548611111111
08NM085,2025-08-17,22.6541666666667,16.4083333333333
08NM085,2025-08-18,22.625,15.820833333333301
08NM085,2025-08-19,22.5208333333333,15.7020833333333
08NM085,2025-08-20,22.6791666666667,15.5444444444444
08NM085,2025-08-21,22.3541666666667,15.2402777777778
08NM085,2025-08-22,21.9083333333333,14.8392361111111
08NM085,2025-08-23,21.9666666666667,14.3666666666667
08NM085,2025-08-24,22.1375,14.3125
08NM085,2025-08-25,22.4458333333333,14.0777777777778
08NM085,2025-08-26,22.7041666666667,13.9069444444444
08NM085,2025-08-27,22.4916666666667,13.9295138888889
08NM085,2025-08-28,21.7,13.7819444444444
08NM085,2025-08-29,21.9625,13.4618055555556
08NM085,2025-08-30,22.3541666666667,13.7649305555556
08NM085,2025-08-31,22.475,13.875
08NM085,2025-09-01,22.2666666666667,13.6586805555556
08NM085,2025-09-02,22.4,13.3114583333333
08NM085,2025-09-03,22.65,13.2489583333333
08NM085,2025-09-04,22.75,13.0677083333333
08NM085,2025-09-05,21.85,11.3930555555556
08NM085,2025-09-06,21.4125,10.9923611111111
08NM085,2025-09-07,21.6458333333333,10.915625
08NM085,2025-09-08,21.3,10.7975694444444
08NM085,2025-09-09,21.4791666666667,10.43125
08NM085,2025-09-10,21.3416666666667,10.3375694444444
08NM085,2025-09-11,21.5291666666667,15.8690972222222
08NM085,2025-09-12,21.8125,23.6545138888889
08NM085,2025-09-13,21.6291666666667,14.3652777777778
08NM085,2025-09-14,21.25,11.7663194444444
08NM085,2025-09-15,20.3916666666667,10.896875
08NM085,2025-09-16,21.0416666666667,10.1387456445993
08NM085,2025-09-17,20.7916666666667,9.86263888888889
08NM085,2025-09-18,20.6833333333333,9.64809027777778
08NM085,2025-09-19,20.2958333333333,9.57430555555556
08NM085,2025-09-20,19.9625,9.5315625
08NM085,2025-09-21,20.05,9.80513888888889
08NM085,2025-09-22,18.9708333333333,10.2254861111111
08NM085,2025-09-23,18.7916666666667,9.9553125
08NM085,2025-09-24,18.6583333333333,9.87513888888889
08NM085,2025-09-25,18.7875,9.86736111111111
08NM085,2025-09-26,18.2625,9.71430555555555
08NM085,2025-09-27,18.2583333333333,9.63100694444444
08NM085,2025-09-28,17.8708333333333,9.82888888888889
08NM085,2025-09-29,18.0083333333333,9.82854166666667
08NM085,2025-09-30,17.875,10.0478472222222
08NM085,2025-10-01,17.2541666666667,9.88170138888889
08NM085,2025-10-02,16.7625,9.82701388888889
08NM085,2025-10-03,16.3458333333333,10.1340277777778
08NM085,2025-10-04,16.4875,10.6996527777778
08NM085,2025-10-05,15.5125,11.0763888888889
08NM085,2025-10-06,15.3875,10.9229166666667
08NM085,2025-10-07,15.3291666666667,10.8440972222222
08NM085,2025-10-08,15.258333333333301,10.6722222222222
08NM085,2025-10-09,15.2708333333333,10.4586111111111
08NM085,2025-10-10,14.8791666666667,8.78190972222222
08NM085,2025-10-11,14.925,9.04965277777778
08NM085,2025-10-12,14.1375,9.69381944444445
08NM085,2025-10-13,13.3125,9.97152777777778
08NM085,2025-10-14,12.5458333333333,9.77072916666667
08NM085,2025-10-15,12.008333333333301,9.85576388888889
08NM085,2025-10-16,11.95,9.96555555555556
08NM085,2025-10-17,12.0166666666667,9.92621527777778
08NM085,2025-10-18,11.2916666666667,9.92378472222222
08NM085,2025-10-19,11.2291666666667,10.0903125
08NM085,2025-10-20,11.35,10.465625
08NM085,2025-10-21,11.3,10.4256944444444
08NM085,2025-10-22,11.008333333333301,10.6972222222222
08NM085,2025-10-23,11.0375,10.6145833333333
08NM085,2025-10-24,11.225,10.4243055555556
08NM085,2025-10-25,10.8708333333333,11.0072916666667
08NM085,2025-10-26,10.508333333333301,11.0479166666667
08NM085,2025-10-27,10.1833333333333,11.0197916666667
08NM085,2025-10-28,9.59583333333333,11.1444444444444
08NM085,2025-10-29,9.39583333333333,10.2315277777778
08NM085,2025-10-30,9.33333333333333,10.4022569444444
08NM085,2025-10-31,8.9875,6.48100694444444
08NM085,2025-11-01,8.93333333333333,6.12690972222222
08NM085,2025-11-02,8.8,6.26524305555556
08NM085,2025-11-03,8.70833333333333,6.2425
08NM085,2025-11-04,8.62916666666667,6.21902777777778
08NM085,2025-11-05,8.89583333333333,6.40729166666667
08NM085,2025-11-06,8.8625,6.42885416666667
08NM085,2025-11-07,9.2125,6.58399305555556
08NM085,2025-11-08,8.275,6.69013888888889
08NM085,2025-11-09,8.225,6.52677083333333
08NM085,2025-11-10,8.4375,6.385625
08NM085,2025-11-11,8.25,6.36927083333333
08NM085,2025-11-12,8.28333333333333,6.39597222222222
08NM085,2025-11-13,8.44583333333333,6.30555555555556
08NM085,2025-11-14,8.83333333333333,6.40451388888889
08NM085,2025-11-15,8.57916666666667,6.67947916666667
08NM085,2025-11-16,8.68333333333333,6.63628472222222
08NM085,2025-11-17,8.75,6.62114583333333
08NM085,2025-11-18,8.69583333333333,7.67312280701754
08NM085,2025-11-19,7.97916666666667,8.06440972222222
08NM085,2025-11-20,7.98333333333333,7.55534722222222
08NM085,2025-11-21,7.6375,7.2759375
08NM085,2025-11-22,7.63333333333333,7.02277777777778
08NM085,2025-11-23,7.5875,6.97024305555556
08NM085,2025-11-24,7.58333333333333,6.96427083333333
08NM085,2025-11-25,6.73333333333333,6.91538194444444
08NM085,2025-11-26,6.6375,6.83121527777778
08NM085,2025-11-27,6.94583333333333,6.95729166666667
08NM085,2025-11-28,6.2,7.24583333333333
08NM085,2025-11-29,5.47083333333333,7.00736111111111
08NM085,2025-11-30,5.11666666666667,6.72684027777778
08NM085,2025-12-01,5.10833333333333,6.62815972222222
08NM085,2025-12-02,5.18333333333333,6.66972222222222
08NM085,2025-12-03,5.39583333333333,6.69868055555556
08NM085,2025-12-04,5.31666666666667,6.64746527777778
08NM085,2025-12-05,5.2125,6.631875
08NM085,2025-12-06,4.97083333333333,6.69375
08NM085,2025-12-07,5.0375,6.66836805555556
08NM085,2025-12-08,5.43333333333333,6.64017361111111
08NM085,2025-12-09,5.98333333333333,6.53864583333333
08NM085,2025-12-10,5.82083333333333,6.63402777777778
08NM085,2025-12-11,6,6.70142361111111
08NM085,2025-12-12,5.975,6.67420138888889
08NM085,2025-12-13,6.0375,6.66996527777778
08NM085,2025-12-14,5.95833333333333,6.59826388888889
08NM085,2025-12-15,6.2875,6.44277777777778
08NM085,2025-12-16,6.1125,6.6453125
08NM085,2025-12-17,5.94166666666667,6.88055555555556
08NM085,2025-12-18,5.41666666666667,6.92673611111111
08NM085,2025-12-19,4.84583333333333,6.81392361111111
08NM085,2025-12-20,4.27916666666667,6.75711805555556
08NM085,2025-12-21,4.425,6.57201388888889
08NM085,2025-12-22,4.5875,6.65538194444444
08NM085,2025-12-23,4.47916666666667,6.52475694444444
08NM085,2025-12-24,4.475,6.66298611111111
08NM085,2025-12-25,4.36666666666667,6.89065972222222
08NM085,2025-12-26,4.69166666666667,6.83020833333333
08NM085,2025-12-27,3.46666666666667,6.82201388888889
08NM085,2025-12-28,1.65416666666667,6.35534722222222
08NM085,2025-12-29,2.0875,6.20381944444444
08NM085,2025-12-30,2.25416666666667,6.25465277777778
08NM085,2025-12-31,2.47916666666667,6.22909722222222
08NM085,2026-01-01,2.49166666666667,6.29986111111111
08NM085,2026-01-02,2.9,6.29993055555556
08NM085,2026-01-03,3.54166666666667,6.49638888888889
08NM085,2026-01-04,3.79166666666667,6.56319444444444
08NM085,2026-01-05,4.00833333333333,6.55996527777778
08NM085,2026-01-06,3.8875,6.47736111111111
08NM085,2026-01-07,3.4625,6.4434375
08NM085,2026-01-08,3.35833333333333,6.52045138888889
08NM085,2026-01-09,3.1625,6.50263888888889
08NM085,2026-01-10,3.32083333333333,6.46277777777778
08NM085,2026-01-11,3.56666666666667,6.44663194444444
08NM085,2026-01-12,4.03333333333333,6.41364583333333
08NM085,2026-01-13,4.2625,6.4875
08NM085,2026-01-14,3.68333333333333,6.48354166666667
08NM085,2026-01-15,3.80416666666667,6.53277777777778
08NM085,2026-01-16,3.67916666666667,6.5709375
08NM085,2026-01-17,3.2125,6.69545138888889
08NM085,2026-01-18,3.3125,6.66513888888889
08NM085,2026-01-19,3.07083333333333,6.64159722222222
08NM085,2026-01-20,2.80416666666667,6.61229166666667
08NM085,2026-01-21,2.77916666666667,6.61524305555556
08NM085,2026-01-22,2.84166666666667,6.56277777777778
08NM085,2026-01-23,2.47083333333333,6.6003125
08NM085,2026-01-24,1.49166666666667,6.49090277777778
08NM085,2026-01-25,0.641666666666667,6.35145833333333
08NM085,2026-01-26,1.18333333333333,6.2897916666666696
08NM085,2026-01-27,1.89166666666667,6.37814685314685
08NM085,2026-01-28,2.22083333333333,6.41868055555556
08NM085,2026-01-29,3.025,6.49722222222222
08NM085,2026-01-30,3.27083333333333,6.62440972222222
08NM085,2026-01-31,3.675,6.59243055555556
08NM085,2026-02-01,3.57916666666667,6.61027777777778
08NM085,2026-02-02,3.64583333333333,6.65128472222222
08NM085,2026-02-03,3.92916666666667,6.60947916666667
08NM085,2026-02-04,4.26666666666667,6.59819444444444
08NM085,2026-02-05,4.18333333333333,6.59329861111111
08NM085,2026-02-06,4.4375,6.58576388888889
08NM085,2026-02-07,4.24583333333333,6.52236111111111
08NM085,2026-02-08,4.325,6.48159722222222
08NM085,2026-02-09,4.02083333333333,6.61038194444444
08NM085,2026-02-10,3.92083333333333,6.59072916666667
08NM085,2026-02-11,3.77916666666667,6.5328125
08NM085,2026-02-12,3.525,6.49111111111111
08NM085,2026-02-13,4.20416666666667,6.46333333333333
08NM085,2026-02-14,4.45416666666667,6.47815972222222
08NM085,2026-02-15,3.79166666666667,6.50434027777778
08NM085,2026-02-16,3.90416666666667,6.49336805555556
08NM085,2026-02-17,3.64166666666667,6.64204861111111
08NM085,2026-02-18,3.8375,6.72447916666667
08NM085,2026-02-19,2.59583333333333,6.62704861111111
08NM085,2026-02-20,1.0625,6.3371875
08NM085,2026-02-21,1.69583333333333,6.25520833333333
08NM085,2026-02-22,2.59583333333333,6.35298611111111
08NM085,2026-02-23,3.26666666666667,6.3909375
08NM085,2026-02-24,3.70416666666667,6.43888888888889
08NM085,2026-02-25,3.42916666666667,6.49590277777778
08NM085,2026-02-26,3.82083333333333,6.37934027777778
08NM085,2026-02-27,4.5125,6.31302083333333
08NM085,2026-02-28,4.82916666666667,6.3521875
08NM085,2026-03-01,4.80416666666667,6.33302083333333
08NM085,2026-03-02,4.51666666666667,6.32381944444444
08NM085,2026-03-03,4.30833333333333,6.26670138888889
08NM085,2026-03-04,5.00833333333333,6.24444444444444
08NM085,2026-03-05,5.1,6.31357638888889
08NM085,2026-03-06,5.53333333333333,6.25847222222222
08NM085,2026-03-07,6.12916666666667,6.20020833333333
08NM085,2026-03-08,6.35416666666667,6.2709375
08NM085,2026-03-09,5.85,6.27892361111111
08NM085,2026-03-10,4.84166666666667,6.18982638888889
08NM085,2026-03-11,5.075,6.10704861111111
08NM085,2026-03-12,5.725,6.10704861111111
08NM085,2026-03-13,5.89166666666667,6.28065972222222
08NM085,2026-03-14,5.79166666666667,6.26388888888889
08NM085,2026-03-15,4.99583333333333,6.21100694444444
08NM085,2026-03-16,5.07083333333333,6.01791666666667
08NM085,2026-03-17,6.05833333333333,6.11454861111111
08NM085,2026-03-18,7.71666666666667,6.21375
08NM085,2026-03-19,8.99166666666667,6.2875
08NM085,2026-03-20,9.10833333333333,6.82673611111111
08NM085,2026-03-21,8.36666666666667,8.9271875
08NM085,2026-03-22,7.14166666666667,9.35315972222222
08NM085,2026-03-23,7.2125,9.02802083333333
08NM085,2026-03-24,7.66666666666667,8.82986111111111
08NM085,2026-03-25,7.25833333333333,8.69677083333333
08NM085,2026-03-26,7.49166666666667,9.66333333333333
08NM085,2026-03-27,7.3,9.69350694444444
08NM085,2026-03-28,7.8875,9.6984375
08NM085,2026-03-29,8.06666666666667,9.595625
08NM085,2026-03-30,7.625,9.43555555555556
08NM085,2026-03-31,7.75833333333333,9.24045138888889
08NM085,2026-04-01,7.84583333333333,9.2634375
08NM085,2026-04-02,7.85833333333333,9.60520833333333
08NM085,2026-04-03,8.10833333333333,9.49278745644599
08NM085,2026-04-04,9.1375,9.31618055555556
08NM085,2026-04-05,9.5875,9.39684027777778
08NM085,2026-04-06,10.3333333333333,9.69520833333333
08NM085,2026-04-07,10,10.834375
08NM085,2026-04-08,9.40416666666667,10.803125
08NM085,2026-04-09,9.77083333333333,10.7565972222222
08NM085,2026-04-10,10.2416666666667,10.7354166666667
08NM085,2026-04-11,10.7,11.2677083333333
08NM085,2026-04-12,10.4208333333333,11.971875
08NM085,2026-04-13,10.9166666666667,12.8819444444444
08NM085,2026-04-14,10.35,13.1257042253521
08NM085,2026-04-15,9.08333333333333,12.8722222222222
08NM085,2026-04-16,9.02083333333333,11.9625
08NM085,2026-04-17,8.975,11.4065972222222
08NM085,2026-04-18,10.0583333333333,10.9854166666667
08NM085,2026-04-19,10.525,10.7805555555556
08NM085,2026-04-20,11.3583333333333,10.7267361111111
08NM085,2026-04-21,11.6666666666667,10.546875
08NM085,2026-04-22,12.0791666666667,11.2177083333333
08NM085,2026-04-23,10.9333333333333,11.6753472222222
08NM085,2026-04-24,9.5375,9.94097222222222
08NM085,2026-04-25,9.87916666666667,9.31965277777778
08NM085,2026-04-26,10.2708333333333,8.98517361111111
08NM085,2026-04-27,10.7708333333333,8.58072916666667
08NM085,2026-04-28,11.3125,8.23458333333333
08NM085,2026-04-29,12.2875,8.09194444444444
08NM085,2026-04-30,13.3666666666667,8.02381944444445
08NM085,2026-05-01,13.75,8.15170138888889
08NM085,2026-05-02,13.4375,8.61635416666667
08NM085,2026-05-03,14.2041666666667,9.09493055555556
08NM085,2026-05-04,14.7,9.49555555555555
08NM085,2026-05-05,14.6708333333333,9.01694444444444
08NM085,2026-05-06,14.7166666666667,9.59815972222222
08NM085,2026-05-07,14.2958333333333,9.53284722222222
08NM085,2026-05-08,15.0875,8.97736111111111
08NM085,2026-05-09,14.3125,8.72677083333333
08NM085,2026-05-10,15.1708333333333,8.34513888888889
08NM085,2026-05-11,14.570833333333301,8.06163194444444
08NM085,2026-05-12,15.8458333333333,7.61069444444444
08NM085,2026-05-13,16.2083333333333,7.62246527777778
08NM085,2026-05-14,14.0833333333333,9.57878472222222
08NM085,2026-05-15,14.1666666666667,9.16802083333333
08NM085,2026-05-16,13.1916666666667,8.70850694444444
08NM085,2026-05-17,13.8166666666667,8.56149305555556
08NM085,2026-05-18,14.875,8.0371875
08NM085,2026-05-19,15.0125,7.56809027777778
08NM085,2026-05-20,15.45,7.22711805555556
08NM085,2026-05-21,16.2,6.9475
08NM085,2026-05-22,16.4833333333333,7.86677083333333
08NM085,2026-05-23,17.9791666666667,7.72208333333333
08NM085,2026-05-24,18.6458333333333,7.66069444444444
08NM085,2026-05-25,18.55,7.338125
08NM085,2026-05-26,17.625,7.39013888888889
08NM085,2026-05-27,17.2166666666667,7.54305555555556
08NM085,2026-05-28,18.8791666666667,7.48725694444444
08NM085,2026-05-29,20.4166666666667,8.35694444444444
08NM085,2026-05-30,16.3,12.4534722222222
08NM085,2026-05-31,17.15,10.7256944444444
08NM085,2026-06-01,17.3583333333333,9.68673611111111
08NM085,2026-06-02,16.75,9.18315972222222
08NM085,2026-06-03,18.6875,8.33211805555556
08NM085,2026-06-04,18.2666666666667,8.41447916666667
08NM085,2026-06-05,19.0791666666667,7.83809027777778
08NM085,2026-06-06,17.725,7.74538194444444
08NM085,2026-06-07,17.0416666666667,7.93645833333333
08NM085,2026-06-08,17.1041666666667,7.62107638888889
08NM085,2026-06-09,16.9083333333333,7.55854166666667
08NM085,2026-06-10,17.1375,8.06739583333333
08NM085,2026-06-11,16.95,7.56125
08NM085,2026-06-12,18.6416666666667,7.02010416666667
08NM085,2026-06-13,18.9875,6.72079861111111
08NM085,2026-06-14,20.0458333333333,6.55677083333333
08NM085,2026-06-15,20.9291666666667,6.22072916666667
08NM085,2026-06-16,21.0458333333333,6.37423611111111
08NM085,2026-06-17,21.2125,6.11347222222222
08NM085,2026-06-18,21.275,6.04993055555556
08NM085,2026-06-19,21.3708333333333,5.99708333333333
08NM085,2026-06-20,21.7791666666667,6.70729166666667
08NM085,2026-06-21,21.1625,6.8634375
08NM085,2026-06-22,21.4291666666667,6.65027777777778
08NM085,2026-06-23,21.9125,6.54534722222222
08NM085,2026-06-24,22.3041666666667,6.44965277777778
08NM085,2026-06-25,22.6416666666667,6.38986111111111
08NM085,2026-06-26,21.7541666666667,6.32722222222222
08NM085,2026-06-27,21.2,6.85534722222222
08NM085,2026-06-28,21.175,7.15722222222222
08NM085,2026-06-29,20.2291666666667,6.98239583333333
08NM085,2026-06-30,21.4083333333333,6.70275
08NM085,2026-07-01,21.5708333333333,6.49420138888889
08NM085,2026-07-02,21.3083333333333,6.4846875
08NM085,2026-07-03,21.2583333333333,6.25659722222222
08NM085,2026-07-04,22.6416666666667,6.22673611111111
08NM085,2026-07-05,22.1708333333333,6.32381944444444
08NM085,2026-07-06,22.1125,6.15565972222222
08NM085,2026-07-07,22.9541666666667,5.93472222222222
08NM085,2026-07-08,22.9583333333333,5.875625
08NM085,2026-07-09,22.9458333333333,6.12753472222222
08NM085,2026-07-10,23.3416666666667,6.11920138888889
08NM085,2026-07-11,23.7666666666667,6.1496875
08NM085,2026-07-12,22.9458333333333,6.21642361111111
08NM085,2026-07-13,22.7875,6.175
08NM085,2026-07-14,23.0625,5.96152777777778
08NM085,2026-07-15,23.2916666666667,5.92975694444444
08NM085,2026-07-16,23.3583333333333,6.8054166666666696
08NM085,2026-07-17,24.6083333333333,6.95454861111111
08NM085,2026-07-18,23.5916666666667,6.85086805555556
08NM085,2026-07-19,22.85,7.04298611111111
08NM085,2026-07-20,23.4,6.84982638888889
08NM085,2026-07-21,23.3833333333333,7.34690972222222
08NM085,2026-07-22,24.4083333333333,7.34916666666667
08NM085,2026-07-23,25.1666666666667,7.36892361111111
08NM085,2026-07-24,24.3208333333333,8.83951388888889
08NM085,2026-07-25,24.7208333333333,8.97541666666667
08NM085,2026-07-26,23.2791666666667,8.91784722222222
08NM085,2026-07-27,23,8.51092857142857
08NM085,2026-07-28,23.2666666666667,8.26298611111111
08NM085,2026-07-29,22.9583333333333,8.39722222222222
08NM085,2026-07-30,23.0916666666667,8.24458333333333
08NM085,2026-07-31,23.025,8.273125
08NM085,2026-08-01,22.9375,8.32704861111111
08NM085,2026-08-02,22.0083333333333,8.58645833333333
08NM085,2026-08-03,21.3583333333333,8.50104166666667
08NM085,2026-08-04,21.7875,8.12465277777778
08NM085,2026-08-05,22.2875,8.24996527777778
08NM085,2026-08-06,21.5666666666667,8.35107638888889
08NM085,2026-08-07,22.0375,8.46895833333333
08NM085,2026-08-08,21.7833333333333,8.54368055555556
08NM085,2026-08-09,21.6166666666667,8.77197916666667
08NM085,2026-08-10,21.7083333333333,8.69940972222222
08NM085,2026-08-11,22.0333333333333,8.60944444444444
08NM085,2026-08-12,21.7791666666667,8.47184027777778
08NM085,2026-08-13,21.3916666666667,8.43381944444444
08NM085,2026-08-14,21.95,8.16913194444444
08NM085,2026-08-15,21.8416666666667,8.11916666666667
08NM085,2026-08-16,21.8875,8.26680555555556
08NM085,2026-08-17,22.1583333333333,8.20923611111111
08NM085,2026-08-18,22.6875,8.19802083333333
08NM085,2026-08-19,22.7083333333333,8.21795138888889
08NM085,2026-08-20,22.7916666666667,8.02402777777778
08NM085,2026-08-21,23.0541666666667,8.04677083333333
08NM085,2026-08-22,23.3791666666667,7.97829861111111
08NM085,2026-08-23,22.7666666666667,8.01850694444444
08NM085,2026-08-24,21.8791666666667,7.8321875
08NM085,2026-08-25,22.625,7.77666666666667
08NM085,2026-08-26,22.9125,7.93614583333333
08NM085,2026-08-27,22.7380952380952,7.90672131147541
08NM116,2024-10-19,7.1625,1.76049019607843
08NM116,2024-10-20,9.6,3.89333333333333
08NM116,2024-10-21,9.5,3.74275862068966
08NM116,2024-10-22,8.25,2.609
08NM116,2024-10-23,6.35,2.23766666666667
08NM116,2024-10-24,6.1,1.99055555555556
08NM116,2024-10-25,4.95,1.81333333333333
08NM116,2024-10-26,6.65,1.81266666666667
08NM116,2024-10-27,8.1,2.94689655172414
08NM116,2024-10-28,7.6,3.92733333333333
08NM116,2024-10-29,6.9,3.102
08NM116,2024-10-30,5.55,2.438
08NM116,2024-10-31,5.85,2.24266666666667
08NM116,2024-11-01,5.9,2.09444444444444
08NM116,2024-11-02,6.22,2.08454545454545
08NM116,2024-11-03,6,1.95444444444444
08NM116,2024-11-04,5.61666666666667,1.95371794871795
08NM116,2024-11-05,5.5,1.951
08NM116,2024-11-06,4.5,1.84866666666667
08NM116,2024-11-07,4.4,2.313
08NM116,2024-11-08,4.15,1.84275862068966
08NM116,2024-11-09,5.4,1.451
08NM116,2024-11-10,5.8,1.66111111111111
08NM116,2024-11-11,6.1,1.73
08NM116,2024-11-12,5.21666666666667,2.09333333333333
08NM116,2024-11-13,5.54,2.19107692307692
08NM116,2024-11-14,5.6,1.77
08NM116,2024-11-15,4.41428571428571,1.71955555555556
08NM116,2024-11-16,2.9,1.46944444444444
08NM116,2024-11-17,3.4,1.45333333333333
08NM116,2024-11-18,3.3,1.6
08NM116,2024-11-19,2.2,1.0221724137931
08NM116,2024-11-20,2.6,1.21793103448276
08NM116,2024-11-21,3.55,1.24310344827586
08NM116,2024-11-22,3.9,1.28793103448276
08NM116,2024-11-23,3.8,1.096
08NM116,2024-11-24,4,1.02256666666667
08NM116,2024-11-25,3.36666666666667,1.02651388888889
08NM116,2024-11-26,2.0875,1.23909722222222
08NM116,2024-11-27,2.05416666666667,1.24270833333333
08NM116,2024-11-28,1.6625,1.17881944444444
08NM116,2024-11-29,1.52083333333333,1.11859722222222
08NM116,2024-11-30,1.9,0.970866666666667
08NM116,2024-12-01,1.8,0.6223
08NM116,2024-12-02,1.45,0.761068965517241
08NM116,2024-12-03,0.9,0.385033333333333
08NM116,2024-12-04,NA,0.7967
08NM116,2024-12-05,NA,0.672266666666667
08NM116,2024-12-06,NA,0.631366666666667
08NM116,2024-12-07,NA,1.07966666666667
08NM116,2024-12-08,NA,1.25633333333333
08NM116,2024-12-09,0.5,1.34413793103448
08NM116,2024-12-10,0.5,0.9042
08NM116,2024-12-11,0.9,1.23833333333333
08NM116,2024-12-12,1,1.21366666666667
08NM116,2024-12-13,1.55,1.179
08NM116,2024-12-14,2,1.17896551724138
08NM116,2024-12-15,1.1,1.144
08NM116,2024-12-16,0.5,1.26733333333333
08NM116,2024-12-17,1.15,1.07275862068966
08NM116,2024-12-18,1.55,1.08172413793103
08NM116,2024-12-19,1.15,1.04220689655172
08NM116,2024-12-20,1.5,1.09448275862069
08NM116,2024-12-21,1.8,1.05503448275862
08NM116,2024-12-22,2.2,1.14966666666667
08NM116,2024-12-23,1.38,1.09863636363636
08NM116,2024-12-24,2.35,1.06233333333333
08NM116,2024-12-25,0.95,1.00639285714286
08NM116,2024-12-26,1.71666666666667,1.0404358974359
08NM116,2024-12-27,0.55,1.10107142857143
08NM116,2024-12-28,1.55,1.055
08NM116,2024-12-29,1.45,1.00457142857143
08NM116,2024-12-30,2.65,0.968066666666667
08NM116,2024-12-31,2.25,0.9574
08NM116,2025-01-01,1.5,0.943
08NM116,2025-01-02,1.65,0.9323
08NM116,2025-01-03,1.35,0.919866666666667
08NM116,2025-01-04,1.85,0.7834
08NM116,2025-01-05,2.4,0.927933333333333
08NM116,2025-01-06,2.9,0.899888888888889
08NM116,2025-01-07,2.26666666666667,0.886095238095238
08NM116,2025-01-08,2.1,0.880166666666667
08NM116,2025-01-09,1.36666666666667,0.746952380952381
08NM116,2025-01-10,1.63333333333333,0.9377
08NM116,2025-01-11,2.36666666666667,0.89115
08NM116,2025-01-12,2.35,0.858
08NM116,2025-01-13,0.566666666666667,0.7078
08NM116,2025-01-14,0.5,0.581285714285714
08NM116,2025-01-15,0.5,0.559857142857143
08NM116,2025-01-16,0.5,0.613928571428571
08NM116,2025-01-17,0.5,0.615071428571429
08NM116,2025-01-18,0.5,0.608928571428571
08NM116,2025-01-19,0.5,0.602909090909091
08NM116,2025-01-20,0.5,0.6
08NM116,2025-01-21,0.5,0.606714285714286
08NM116,2025-01-22,0.5,0.5992
08NM116,2025-01-23,0.5,0.606857142857143
08NM116,2025-01-24,0.5,0.614731707317073
08NM116,2025-01-25,0.5,0.618190476190476
08NM116,2025-01-26,0.5,0.614962962962963
08NM116,2025-01-27,0.5,0.605666666666667
08NM116,2025-01-28,0.5,0.601736111111111
08NM116,2025-01-29,0.5,0.594996527777778
08NM116,2025-01-30,0.5,0.602416666666667
08NM116,2025-01-31,0.5,0.619048611111111
08NM116,2025-02-01,0.5,0.620013888888889
08NM116,2025-02-02,0.5,0.60884375
08NM116,2025-02-03,0.5,0.572555555555556
08NM116,2025-02-04,0.5,0.555756944444444
08NM116,2025-02-05,0.5,0.547715277777778
08NM116,2025-02-06,0.5,0.539506944444444
08NM116,2025-02-07,0.5,0.531065972222222
08NM116,2025-02-08,0.5,0.52225
08NM116,2025-02-09,0.5,0.513875
08NM116,2025-02-10,0.5,0.505986111111111
08NM116,2025-02-11,0.5,0.50103125
08NM116,2025-02-12,0.5,0.496802083333333
08NM116,2025-02-13,0.5,0.492256944444444
08NM116,2025-02-14,0.5,0.490440972222222
08NM116,2025-02-15,0.5,0.491767361111111
08NM116,2025-02-16,0.5,0.493697916666667
08NM116,2025-02-17,0.5,0.498795138888889
08NM116,2025-02-18,0.5,0.505277777777778
08NM116,2025-02-19,0.5,0.5105
08NM116,2025-02-20,0.5,0.516097222222222
08NM116,2025-02-21,0.5,0.520809027777778
08NM116,2025-02-22,0.5,0.525934027777778
08NM116,2025-02-23,0.5,0.530107638888889
08NM116,2025-02-24,0.5,0.5345
08NM116,2025-02-25,0.5,0.538659722222222
08NM116,2025-02-26,0.5,0.54259375
08NM116,2025-02-27,0.5,0.554586805555556
08NM116,2025-02-28,0.5,0.568961805555556
08NM116,2025-03-01,0.5,0.583934027777778
08NM116,2025-03-02,0.5,0.600309027777778
08NM116,2025-03-03,0.5,0.617048611111111
08NM116,2025-03-04,0.5,0.622364583333333
08NM116,2025-03-05,0.5,0.623621527777778
08NM116,2025-03-06,0.5125,0.623552083333333
08NM116,2025-03-07,0.508333333333333,0.616802083333333
08NM116,2025-03-08,0.5,0.623972222222222
08NM116,2025-03-09,0.95,0.662850694444444
08NM116,2025-03-10,2.3375,0.706072916666667
08NM116,2025-03-11,2.17083333333333,0.678034722222222
08NM116,2025-03-12,2.25,0.699163194444444
08NM116,2025-03-13,2.52727272727273,0.831555555555556
08NM116,2025-03-14,1.75416666666667,0.821284722222222
08NM116,2025-03-15,2.42916666666667,0.704548611111111
08NM116,2025-03-16,2.52916666666667,0.653628472222222
08NM116,2025-03-17,3.43333333333333,0.663340277777778
08NM116,2025-03-18,3.45416666666667,0.644732638888889
08NM116,2025-03-19,3.19166666666667,0.586975694444444
08NM116,2025-03-20,3.9375,0.614177083333333
08NM116,2025-03-21,5.3625,0.638211805555556
08NM116,2025-03-22,5.32916666666667,0.686503472222222
08NM116,2025-03-23,4.54583333333333,0.713673611111111
08NM116,2025-03-24,4.15,0.732951388888889
08NM116,2025-03-25,5.49166666666667,0.974489583333333
08NM116,2025-03-26,4.8625,1.57340277777778
08NM116,2025-03-27,4.61666666666667,2.29756944444444
08NM116,2025-03-28,4.4625,4.10291666666667
08NM116,2025-03-29,4.30833333333333,5.34600694444444
08NM116,2025-03-30,4.42916666666667,4.56361111111111
08NM116,2025-03-31,4.68333333333333,4.1215625
08NM116,2025-04-01,4.91666666666667,4.13475694444444
08NM116,2025-04-02,5.75833333333333,4.04934027777778
08NM116,2025-04-03,5.57916666666667,3.83263888888889
08NM116,2025-04-04,5.13333333333333,3.37722222222222
08NM116,2025-04-05,5.62916666666667,3.22979166666667
08NM116,2025-04-06,6.35416666666667,3.45819444444444
08NM116,2025-04-07,6.79166666666667,5.01756944444444
08NM116,2025-04-08,4.7125,11.9564236111111
08NM116,2025-04-09,5.025,10.5614930555556
08NM116,2025-04-10,5.27916666666667,8.90743055555556
08NM116,2025-04-11,5.75833333333333,8.98826388888889
08NM116,2025-04-12,5.55833333333333,9.52736111111111
08NM116,2025-04-13,4.65416666666667,8.44680555555555
08NM116,2025-04-14,5.14166666666667,7.52229166666667
08NM116,2025-04-15,6.39583333333333,7.3384375
08NM116,2025-04-16,7.47916666666667,8.55520833333333
08NM116,2025-04-17,5.47916666666667,8.68246527777778
08NM116,2025-04-18,5.95833333333333,8.0053125
08NM116,2025-04-19,7.66666666666667,9.09909722222222
08NM116,2025-04-20,6.99166666666667,10.9576388888889
08NM116,2025-04-21,6.425,10.1854166666667
08NM116,2025-04-22,5.6,8.89520833333333
08NM116,2025-04-23,5.53478260869565,7.80708333333333
08NM116,2025-04-24,6.65833333333333,7.18149305555556
08NM116,2025-04-25,7.69166666666667,7.6646875
08NM116,2025-04-26,8.17916666666667,9.92243055555556
08NM116,2025-04-27,8.0125,12.3600694444444
08NM116,2025-04-28,6.88333333333333,13.6315972222222
08NM116,2025-04-29,6.10833333333333,15.79375
08NM116,2025-04-30,6.69583333333333,15.4420138888889
08NM116,2025-05-01,7.375,15.8079861111111
08NM116,2025-05-02,8.15,18.0777777777778
08NM116,2025-05-03,8.10833333333333,23.0628472222222
08NM116,2025-05-04,6.0625,29.8472222222222
08NM116,2025-05-05,5.99166666666667,22.484375
08NM116,2025-05-06,7.47083333333333,18.3989583333333
08NM116,2025-05-07,8.2875,19.8795138888889
08NM116,2025-05-08,7.975,23.0440972222222
08NM116,2025-05-09,7.4,21.5027777777778
08NM116,2025-05-10,7.78333333333333,18.5454861111111
08NM116,2025-05-11,7.2875,17.575
08NM116,2025-05-12,7.59166666666667,17.7225694444444
08NM116,2025-05-13,7.72083333333333,22.1583333333333
08NM116,2025-05-14,8.24583333333333,24.4625
08NM116,2025-05-15,7.69166666666667,20.9975694444444
08NM116,2025-05-16,8.43333333333333,18.3399305555556
08NM116,2025-05-17,8.35833333333333,17.0524305555556
08NM116,2025-05-18,7.69166666666667,25.0704861111111
08NM116,2025-05-19,7.0875,23.7118055555556
08NM116,2025-05-20,7.72916666666667,19.7590277777778
08NM116,2025-05-21,8.3125,17.071875
08NM116,2025-05-22,9.19166666666667,15.4180555555556
08NM116,2025-05-23,9.57083333333333,14.3711805555556
08NM116,2025-05-24,10.1173913043478,14.9392361111111
08NM116,2025-05-25,10.4083333333333,18.4
08NM116,2025-05-26,10.025,28.8701388888889
08NM116,2025-05-27,7.85833333333333,43.0388111888112
08NM116,2025-05-28,9.54166666666667,29.9559027777778
08NM116,2025-05-29,10.7083333333333,32.584375
08NM116,2025-05-30,9.38333333333333,34.8708333333333
08NM116,2025-05-31,11.1583333333333,31.0701388888889
08NM116,2025-06-01,10.25,29.5753472222222
08NM116,2025-06-02,9.43333333333333,22.6243055555556
08NM116,2025-06-03,10.5958333333333,18.6395833333333
08NM116,2025-06-04,11.4166666666667,17.20625
08NM116,2025-06-05,11.9041666666667,16.4138888888889
08NM116,2025-06-06,13.4041666666667,15.5878472222222
08NM116,2025-06-07,13.4916666666667,15.1163194444444
08NM116,2025-06-08,13.9041666666667,14.1295138888889
08NM116,2025-06-09,15.320833333333301,13.7180555555556
08NM116,2025-06-10,16.0083333333333,13.4859848484848
08NM116,2025-06-11,16.125,11.4519444444444
08NM116,2025-06-12,16.45,10.1011111111111
08NM116,2025-06-13,15.633333333333301,10.5492708333333
08NM116,2025-06-14,15.675,9.70628472222222
08NM116,2025-06-15,14.7041666666667,10.3864705882353
08NM116,2025-06-16,15.6708333333333,8.49375
08NM116,2025-06-17,15.5916666666667,7.00666666666667
08NM116,2025-06-18,16.1208333333333,5.898125
08NM116,2025-06-19,14.8041666666667,5.68656565656566
08NM116,2025-06-20,15.6791666666667,5.12585858585859
08NM116,2025-06-21,13.6708333333333,8.3695
08NM116,2025-06-22,12.6375,9.61153846153846
08NM116,2025-06-23,13.9375,8.54948717948718
08NM116,2025-06-24,13.9208333333333,7.19495412844037
08NM116,2025-06-25,15.8083333333333,6.15978021978022
08NM116,2025-06-26,16.5333333333333,5.44540816326531
08NM116,2025-06-27,16.45,4.54472222222222
08NM116,2025-06-28,15.7875,4.96859504132231
08NM116,2025-06-29,17.2416666666667,3.78013698630137
08NM116,2025-06-30,18.9125,2.92833333333333
08NM116,2025-07-01,20.7083333333333,2.29142857142857
08NM116,2025-07-02,21.0958333333333,1.83366666666667
08NM116,2025-07-03,19.0916666666667,1.56818897637795
08NM116,2025-07-04,19.2416666666667,1.37819047619048
08NM116,2025-07-05,19.7958333333333,1.05221666666667
08NM116,2025-07-06,19.7041666666667,1.10991304347826
08NM116,2025-07-07,20.0958333333333,1.11035833333333
08NM116,2025-07-08,21.5166666666667,1.13479532163743
08NM116,2025-07-09,21.05,1.23607638888889
08NM116,2025-07-10,18.3708333333333,2.74440972222222
08NM116,2025-07-11,17.9375,2.13887719298246
08NM116,2025-07-12,20.7208333333333,1.60152173913043
08NM116,2025-07-13,22.4375,1.33378205128205
08NM116,2025-07-14,22.4375,1.23534562211982
08NM116,2025-07-15,19.6208333333333,2.50940677966102
08NM116,2025-07-16,20.4041666666667,1.85643356643357
08NM116,2025-07-17,21.3333333333333,1.27525210084034
08NM116,2025-07-18,19.9041666666667,1.27083333333333
08NM116,2025-07-19,18.3208333333333,1.56283582089552
08NM116,2025-07-20,18.9833333333333,1.63365853658537
08NM116,2025-07-21,20.1875,1.45432584269663
08NM116,2025-07-22,18.925,3.18666666666667
08NM116,2025-07-23,18.0916666666667,4.61215053763441
08NM116,2025-07-24,19.8,2.6402962962963
08NM116,2025-07-25,20.4478260869565,1.64793103448276
08NM116,2025-07-26,19.6041666666667,1.47119205298013
08NM116,2025-07-27,19.2583333333333,1.31808383233533
08NM116,2025-07-28,19.2083333333333,1.53933333333333
08NM116,2025-07-29,21.2625,1.1721884057971
08NM116,2025-07-30,22.3,1.3736496350365
08NM116,2025-07-31,22.1333333333333,1.51341317365269
08NM116,2025-08-01,22.7166666666667,1.35536144578313
08NM116,2025-08-02,21.2,1.79382165605096
08NM116,2025-08-03,21.7583333333333,1.76518292682927
08NM116,2025-08-04,21.8333333333333,1.17286666666667
08NM116,2025-08-05,20.8083333333333,1.47925
08NM116,2025-08-06,20.0833333333333,1.32736842105263
08NM116,2025-08-07,18.2041666666667,2.0874025974026
08NM116,2025-08-08,18.025,2.07124223602484
08NM116,2025-08-09,19.5208333333333,1.47352564102564
08NM116,2025-08-10,21.6208333333333,1.10656129032258
08NM116,2025-08-11,22.7375,1.12569343065693
08NM116,2025-08-12,21.8291666666667,1.3112582781457
08NM116,2025-08-13,21.7041666666667,1.56356589147287
08NM116,2025-08-14,20.2958333333333,1.67955882352941
08NM116,2025-08-15,20.1541666666667,1.7860162601626
08NM116,2025-08-16,18.975,2.53240601503759
08NM116,2025-08-17,18.8333333333333,3.23436170212766
08NM116,2025-08-18,18.3,2.18008620689655
08NM116,2025-08-19,18.2166666666667,1.65625
08NM116,2025-08-20,18.1083333333333,1.58041666666667
08NM116,2025-08-21,18.1625,1.38475694444444
08NM116,2025-08-22,17.4875,1.31430555555556
08NM116,2025-08-23,17.8833333333333,1.54340277777778
08NM116,2025-08-24,18.7,1.44003472222222
08NM116,2025-08-25,19.3375,1.37475694444444
08NM116,2025-08-26,19.8166666666667,1.21645833333333
08NM116,2025-08-27,19.6416666666667,1.179375
08NM116,2025-08-28,19.0583333333333,1.34354166666667
08NM116,2025-08-29,19.6333333333333,1.25729166666667
08NM116,2025-08-30,19.2916666666667,1.4009375
08NM116,2025-08-31,19.2375,1.12944444444444
08NM116,2025-09-01,19.0583333333333,1.12831597222222
08NM116,2025-09-02,19.9791666666667,1.0555
08NM116,2025-09-03,20.4083333333333,0.988329861111111
08NM116,2025-09-04,20.0875,1.00534722222222
08NM116,2025-09-05,17.9083333333333,1.2301875
08NM116,2025-09-06,17.6625,1.36753472222222
08NM116,2025-09-07,17.5833333333333,1.3896875
08NM116,2025-09-08,17.6666666666667,1.46763888888889
08NM116,2025-09-09,18.0791666666667,1.35472222222222
08NM116,2025-09-10,16.9083333333333,1.26107638888889
08NM116,2025-09-11,17.2583333333333,1.04785069444444
08NM116,2025-09-12,17.6416666666667,0.878659722222222
08NM116,2025-09-13,17.5375,0.885885416666667
08NM116,2025-09-14,17.8125,0.958277777777778
08NM116,2025-09-15,17.4875,0.925269230769231
08NM116,2025-09-16,17.5041666666667,1.03411111111111
08NM116,2025-09-17,17.15,1.13427083333333
08NM116,2025-09-18,17.0875,1.07655902777778
08NM116,2025-09-19,16.025,1.09230555555556
08NM116,2025-09-20,15.3541666666667,1.08197916666667
08NM116,2025-09-21,15.9739130434783,1.22743055555556
08NM116,2025-09-22,14.633333333333301,1.40581597222222
08NM116,2025-09-23,13.9416666666667,1.05404166666667
08NM116,2025-09-24,14.0125,1.18166666666667
08NM116,2025-09-25,14.3291666666667,1.1390625
08NM116,2025-09-26,12.575,1.06785069444444
08NM116,2025-09-27,12.725,1.01285069444444
08NM116,2025-09-28,13.3583333333333,1.14315625
08NM116,2025-09-29,13.2916666666667,1.22385416666667
08NM116,2025-09-30,13.8166666666667,1.37052083333333
08NM116,2025-10-01,13.6416666666667,1.43229166666667
08NM116,2025-10-02,12.8958333333333,1.05175694444444
08NM116,2025-10-03,11.925,1.15588194444444
08NM116,2025-10-04,11.875,1.13214583333333
08NM116,2025-10-05,10.475,1.43975694444444
08NM116,2025-10-06,10.2666666666667,1.4228125
08NM116,2025-10-07,10.175,1.19378472222222
08NM116,2025-10-08,10.9875,1.17729166666667
08NM116,2025-10-09,10.7291666666667,1.09100347222222
08NM116,2025-10-10,10.2166666666667,1.13919097222222
08NM116,2025-10-11,10.1416666666667,1.10322916666667
08NM116,2025-10-12,9.325,1.05964583333333
08NM116,2025-10-13,7.92916666666667,1.14960763888889
08NM116,2025-10-14,5.4625,0.901197916666667
08NM116,2025-10-15,4.275,0.995503472222222
08NM116,2025-10-16,4.325,0.910059027777778
08NM116,2025-10-17,5.65,0.846996527777778
08NM116,2025-10-18,6.05416666666667,0.914545138888889
08NM116,2025-10-19,6.8625,0.922034722222222
08NM116,2025-10-20,7.275,1.13699652777778
08NM116,2025-10-21,7.87083333333333,1.05898263888889
08NM116,2025-10-22,6.7375,0.971857638888889
08NM116,2025-10-23,6.74583333333333,0.530836805555556
08NM116,2025-10-24,7.30833333333333,0.628274305555556
08NM116,2025-10-25,7.65416666666667,0.849930555555556
08NM116,2025-10-26,7.19583333333333,1.09540625
08NM116,2025-10-27,6.60833333333333,0.953576388888889
08NM116,2025-10-28,5.35416666666667,0.804878472222222
08NM116,2025-10-29,5.1375,0.809899305555556
08NM116,2025-10-30,5.28333333333333,0.799017361111111
08NM116,2025-10-31,4.00833333333333,0.658274305555556
08NM116,2025-11-01,5.15,0.646635416666667
08NM116,2025-11-02,4.9875,0.684770833333333
08NM116,2025-11-03,4.35416666666667,0.808847222222222
08NM116,2025-11-04,3.54583333333333,0.749065972222222
08NM116,2025-11-05,3.1375,0.633263888888889
08NM116,2025-11-06,4.25416666666667,0.563420138888889
08NM116,2025-11-07,5.74583333333333,0.753805555555556
08NM116,2025-11-08,4.6375,0.793885416666667
08NM116,2025-11-09,3.97916666666667,0.65571875
08NM116,2025-11-10,4.27083333333333,0.6228125
08NM116,2025-11-11,5.14583333333333,0.573489583333333
08NM116,2025-11-12,5.075,0.530753472222222
08NM116,2025-11-13,5.26666666666667,0.560038194444444
08NM116,2025-11-14,6.08333333333333,0.595798611111111
08NM116,2025-11-15,5.90416666666667,1.52385416666667
08NM116,2025-11-16,6.35833333333333,1.21690972222222
08NM116,2025-11-17,6.88695652173913,1.05997192982456
08NM116,2025-11-18,7.175,1.56551388888889
08NM116,2025-11-19,5.7375,1.86256944444444
08NM116,2025-11-20,5.025,1.27618055555556
08NM116,2025-11-21,3.92916666666667,1.09970138888889
08NM116,2025-11-22,4.36666666666667,0.927197916666667
08NM116,2025-11-23,5.4125,0.886479166666667
08NM116,2025-11-24,5.39583333333333,0.904430555555556
08NM116,2025-11-25,3.75,0.876638888888889
08NM116,2025-11-26,3.12916666666667,0.699361111111111
08NM116,2025-11-27,3.7,0.7505625
08NM116,2025-11-28,2.44166666666667,0.793472222222222
08NM116,2025-11-29,1.89166666666667,0.604586805555556
08NM116,2025-11-30,1.30833333333333,0.448416666666667
08NM116,2025-12-01,1.6125,0.515013888888889
08NM116,2025-12-02,1.60833333333333,0.481961805555556
08NM116,2025-12-03,2.34166666666667,0.604607638888889
08NM116,2025-12-04,2.1625,0.656850694444444
08NM116,2025-12-05,2.10833333333333,0.656177083333333
08NM116,2025-12-06,1.69166666666667,0.736888888888889
08NM116,2025-12-07,1.79166666666667,0.717920138888889
08NM116,2025-12-08,2.58333333333333,0.691149305555556
08NM116,2025-12-09,3.525,0.720875
08NM116,2025-12-10,3.89583333333333,0.737298611111111
08NM116,2025-12-11,4.2,0.961972222222222
08NM116,2025-12-12,4.19166666666667,1.22836805555556
08NM116,2025-12-13,3.6625,1.28333333333333
08NM116,2025-12-14,3.3125,1.16184027777778
08NM116,2025-12-15,4.1375,1.12315972222222
08NM116,2025-12-16,4.12083333333333,1.75885416666667
08NM116,2025-12-17,3.29583333333333,2.27274305555556
08NM116,2025-12-18,3.0375,2.01864583333333
08NM116,2025-12-19,2.23333333333333,1.67298611111111
08NM116,2025-12-20,1.25416666666667,1.24368055555556
08NM116,2025-12-21,1.06666666666667,1.21996527777778
08NM116,2025-12-22,0.820833333333333,1.19640277777778
08NM116,2025-12-23,0.645833333333333,1.01640625
08NM116,2025-12-24,0.95,1.04007638888889
08NM116,2025-12-25,1.26666666666667,1.05116666666667
08NM116,2025-12-26,1.4625,1.02914930555556
08NM116,2025-12-27,0.9,0.863423611111111
08NM116,2025-12-28,0.6,0.479315972222222
08NM116,2025-12-29,0.6,0.615993055555556
08NM116,2025-12-30,0.6,0.73715625
08NM116,2025-12-31,0.6,0.778079861111111
08NM116,2026-01-01,0.6,0.809857638888889
08NM116,2026-01-02,0.6,0.877260416666667
08NM116,2026-01-03,0.620833333333333,1.02130208333333
08NM116,2026-01-04,0.658333333333333,1.01903819444444
08NM116,2026-01-05,0.729166666666667,0.924552083333333
08NM116,2026-01-06,0.6375,0.817486111111111
08NM116,2026-01-07,0.675,0.781357638888889
08NM116,2026-01-08,0.6,0.787017361111111
08NM116,2026-01-09,0.6,0.763527777777778
08NM116,2026-01-10,0.754166666666667,0.739020833333333
08NM116,2026-01-11,1.125,0.717576388888889
08NM116,2026-01-12,1.575,0.7405
08NM116,2026-01-13,2.12083333333333,0.770583333333333
08NM116,2026-01-14,1.35,0.976774305555556
08NM116,2026-01-15,1.2375,1.42239583333333
08NM116,2026-01-16,0.7375,1.465
08NM116,2026-01-17,0.654166666666667,1.02945138888889
08NM116,2026-01-18,0.729166666666667,0.891840277777778
08NM116,2026-01-19,0.675,0.835045138888889
08NM116,2026-01-20,0.645833333333333,0.856083333333333
08NM116,2026-01-21,0.704166666666667,0.981902777777778
08NM116,2026-01-22,0.6,0.74053125
08NM116,2026-01-23,0.6,0.745322916666667
08NM116,2026-01-24,0.6,0.613736111111111
08NM116,2026-01-25,0.6,0.414795138888889
08NM116,2026-01-26,0.6,0.411517361111111
08NM116,2026-01-27,0.6,0.535305555555556
08NM116,2026-01-28,0.6,0.649236111111111
08NM116,2026-01-29,0.6,0.683222222222222
08NM116,2026-01-30,0.6,0.708131944444444
08NM116,2026-01-31,0.6,0.703631944444444
08NM116,2026-02-01,0.6,0.702774305555556
08NM116,2026-02-02,0.6,0.73098828125
08NM116,2026-02-03,0.604166666666667,0.809222222222222
08NM116,2026-02-04,1.50416666666667,0.9276875
08NM116,2026-02-05,1.90416666666667,0.836163194444444
08NM116,2026-02-06,2.69166666666667,0.791805555555556
08NM116,2026-02-07,2.6625,0.794829861111111
08NM116,2026-02-08,2.0875,0.809444444444444
08NM116,2026-02-09,1.06666666666667,0.746440972222222
08NM116,2026-02-10,1.33333333333333,0.802440972222222
08NM116,2026-02-11,1.45833333333333,0.673072916666667
08NM116,2026-02-12,0.979166666666667,0.646461805555556
08NM116,2026-02-13,1.79583333333333,0.744854166666667
08NM116,2026-02-14,2.4,0.710006944444444
08NM116,2026-02-15,1.325,0.638302083333333
08NM116,2026-02-16,0.829166666666667,0.613458333333333
08NM116,2026-02-17,0.929166666666667,0.653409722222222
08NM116,2026-02-18,1.4,0.670461805555556
08NM116,2026-02-19,0.704166666666667,0.458475694444444
08NM116,2026-02-20,0.6,0.395944444444444
08NM116,2026-02-21,0.6,0.579784722222222
08NM116,2026-02-22,0.6,0.813017361111111
08NM116,2026-02-23,0.6375,0.923381944444444
08NM116,2026-02-24,0.633333333333333,0.869298611111111
08NM116,2026-02-25,0.629166666666667,0.726996527777778
08NM116,2026-02-26,0.8125,0.687180555555556
08NM116,2026-02-27,1.3375,0.658447916666667
08NM116,2026-02-28,2.05,0.625277777777778
08NM116,2026-03-01,1.85,0.551472222222222
08NM116,2026-03-02,1.50416666666667,0.6348125
08NM116,2026-03-03,1.98333333333333,0.583746527777778
08NM116,2026-03-04,3.06666666666667,0.549097222222222
08NM116,2026-03-05,3.40833333333333,0.676319444444444
08NM116,2026-03-06,3.72083333333333,0.665392361111111
08NM116,2026-03-07,5.225,0.873704861111111
08NM116,2026-03-08,4.46666666666667,1.05549305555556
08NM116,2026-03-09,2.84166666666667,1.08237152777778
08NM116,2026-03-10,2.25833333333333,1.14343402777778
08NM116,2026-03-11,2.39166666666667,1.04672569444444
08NM116,2026-03-12,2.975,0.94890625
08NM116,2026-03-13,2.9375,0.853659722222222
08NM116,2026-03-14,3.30416666666667,0.879076388888889
08NM116,2026-03-15,1.85833333333333,0.706305555555556
08NM116,2026-03-16,1.25416666666667,0.906847222222222
08NM116,2026-03-17,3.02916666666667,0.962545138888889
08NM116,2026-03-18,6.29583333333333,0.960694444444445
08NM116,2026-03-19,7.65,1.55338541666667
08NM116,2026-03-20,6.78333333333333,3.15875
08NM116,2026-03-21,4.32083333333333,6.29434027777778
08NM116,2026-03-22,3.13333333333333,5.48895833333333
08NM116,2026-03-23,3.44166666666667,4.67256944444444
08NM116,2026-03-24,4.16666666666667,4.08881944444444
08NM116,2026-03-25,4.66666666666667,3.85819444444444
08NM116,2026-03-26,4.09166666666667,3.53177083333333
08NM116,2026-03-27,3.80833333333333,3.20038194444444
08NM116,2026-03-28,4.58333333333333,2.97430555555556
08NM116,2026-03-29,4.91666666666667,2.58048611111111
08NM116,2026-03-30,4.26666666666667,2.33614583333333
08NM116,2026-03-31,3.72083333333333,2.07163194444444
08NM116,2026-04-01,4.09583333333333,2.28795138888889
08NM116,2026-04-02,4.75416666666667,2.16517361111111
08NM116,2026-04-03,5.48333333333333,2.05628472222222
08NM116,2026-04-04,7.09583333333333,1.9
08NM116,2026-04-05,7.75416666666667,2.07659722222222
08NM116,2026-04-06,8.12083333333333,2.46357638888889
08NM116,2026-04-07,7.8,3.13364583333333
08NM116,2026-04-08,6.35416666666667,3.38284722222222
08NM116,2026-04-09,6.50833333333333,3.25885416666667
08NM116,2026-04-10,7.125,3.34545138888889
08NM116,2026-04-11,8.225,4.02524305555556
08NM116,2026-04-12,7.7625,5.62756944444444
08NM116,2026-04-13,7.02083333333333,8.564375
08NM116,2026-04-14,6.525,8.97833333333333
08NM116,2026-04-15,5.3375,7.85756944444444
08NM116,2026-04-16,4.62916666666667,6.4990625
08NM116,2026-04-17,5.41666666666667,5.7115625
08NM116,2026-04-18,5.83333333333333,5.09152777777778
08NM116,2026-04-19,7.50833333333333,5.13440972222222
08NM116,2026-04-20,8.89583333333333,5.9178125
08NM116,2026-04-21,8.85,8.82798611111111
08NM116,2026-04-22,8.225,11.7051736111111
08NM116,2026-04-23,6.85416666666667,13.0809027777778
08NM116,2026-04-24,5.18333333333333,10.5404861111111
08NM116,2026-04-25,5.46666666666667,8.65111111111111
08NM116,2026-04-26,5.86666666666667,7.6165625
08NM116,2026-04-27,6.475,7.18951388888889
08NM116,2026-04-28,7.525,7.1179166666666696
08NM116,2026-04-29,8.175,7.31826388888889
08NM116,2026-04-30,8.53333333333333,7.82472222222222
08NM116,2026-05-01,9.28333333333333,9.98260416666667
08NM116,2026-05-02,9.07083333333333,11.7054861111111
08NM116,2026-05-03,9.125,14.15
08NM116,2026-05-04,9.11666666666667,16.9197916666667
08NM116,2026-05-05,8.875,18.2836805555556
08NM116,2026-05-06,9.00416666666667,18.1010416666667
08NM116,2026-05-07,9.16666666666667,18.2322916666667
08NM116,2026-05-08,8.97916666666667,17.1236111111111
08NM116,2026-05-09,8.34583333333333,14.3909722222222
08NM116,2026-05-10,9.58333333333333,14.2170138888889
08NM116,2026-05-11,9.5625,13.171875
08NM116,2026-05-12,10.0333333333333,12.7413194444444
08NM116,2026-05-13,10.6583333333333,13.3267361111111
08NM116,2026-05-14,8.1625,27.3355400696864
08NM116,2026-05-15,8.1,18.0611111111111
08NM116,2026-05-16,7.29166666666667,13.1274305555556
08NM116,2026-05-17,8.21666666666667,11.3243055555556
08NM116,2026-05-18,8.8125,10.3104513888889
08NM116,2026-05-19,9.82083333333333,8.90805555555556
08NM116,2026-05-20,10.3791666666667,8.84177083333333
08NM116,2026-05-21,10.7625,8.62673611111111
08NM116,2026-05-22,10.9958333333333,8.33583333333333
08NM116,2026-05-23,12.55,9.38892361111111
08NM116,2026-05-24,12.7958333333333,10.2960763888889
08NM116,2026-05-25,12.9583333333333,10.6960763888889
08NM116,2026-05-26,12.383333333333301,10.9289236111111
08NM116,2026-05-27,11.85,11.4465277777778
08NM116,2026-05-28,13.6875,11.5222222222222
08NM116,2026-05-29,15.6125,13.4723958333333
08NM116,2026-05-30,11.6,20.9315972222222
08NM116,2026-05-31,12.05,13.0729166666667
08NM116,2026-06-01,12.1625,9.83361111111111
08NM116,2026-06-02,11.6541666666667,8.34326388888889
08NM116,2026-06-03,14.1916666666667,7.26319444444444
08NM116,2026-06-04,13.7875,9.46413194444444
08NM116,2026-06-05,14.4791666666667,8.26357638888889
08NM116,2026-06-06,12.8333333333333,6.7875
08NM116,2026-06-07,11.4958333333333,7.07975694444444
08NM116,2026-06-08,11.4,6.95461805555556
08NM116,2026-06-09,12.1625,5.85767361111111
08NM116,2026-06-10,11.9333333333333,7.33552083333333
08NM116,2026-06-11,11.9875,7.69972222222222
08NM116,2026-06-12,14.320833333333301,6.20836805555556
08NM116,2026-06-13,14.4375,5.06378472222222
08NM116,2026-06-14,16.2083333333333,4.28649305555556
08NM116,2026-06-15,17.5958333333333,3.59746527777778
08NM116,2026-06-16,17.2541666666667,3.08069444444444
08NM116,2026-06-17,17.2708333333333,2.84197916666667
08NM116,2026-06-18,17.4875,2.56850694444444
08NM116,2026-06-19,18.1083333333333,2.06975694444444
08NM116,2026-06-20,19.3208333333333,1.71472222222222
08NM116,2026-06-21,18.4291666666667,1.7190625
08NM116,2026-06-22,18.6291666666667,1.53524305555556
08NM116,2026-06-23,19.6083333333333,1.19678472222222
08NM116,2026-06-24,20.6833333333333,1.16253472222222
08NM116,2026-06-25,20.975,1.16423611111111
08NM116,2026-06-26,20.5833333333333,1.25416666666667
08NM116,2026-06-27,18.0708333333333,2.17795138888889
08NM116,2026-06-28,16.2416666666667,2.71440972222222
08NM116,2026-06-29,17.1333333333333,1.92350694444444
08NM116,2026-06-30,18.195652173913,2.10302083333333
08NM116,2026-07-01,18.3166666666667,1.61461805555556
08NM116,2026-07-02,18.2291666666667,1.07396527777778
08NM116,2026-07-03,19.0958333333333,1.16294097222222
08NM116,2026-07-04,20.6416666666667,1.24777777777778
08NM116,2026-07-05,19.9958333333333,0.998746527777778
08NM116,2026-07-06,19.8708333333333,0.986100694444444
08NM116,2026-07-07,21.175,1.01293402777778
08NM116,2026-07-08,21.95,1.07785763888889
08NM116,2026-07-09,20.9333333333333,1.0135
08NM116,2026-07-10,21.55,0.918423611111111
08NM116,2026-07-11,21.8583333333333,0.988385416666667
08NM116,2026-07-12,21.1541666666667,1.07209722222222
08NM116,2026-07-13,20.4166666666667,0.858267361111111
08NM116,2026-07-14,21.1416666666667,0.87284375
08NM116,2026-07-15,22.8458333333333,0.817472222222222
08NM116,2026-07-16,23.3833333333333,0.679315972222222
08NM116,2026-07-17,23.9375,0.732864583333333
08NM116,2026-07-18,23.3541666666667,0.593020833333333
08NM116,2026-07-19,21.7416666666667,0.589697916666667
08NM116,2026-07-20,22.1833333333333,0.6168125
08NM116,2026-07-21,23.3375,0.645545138888889
08NM116,2026-07-22,24.1333333333333,0.619809027777778
08NM116,2026-07-23,23.8416666666667,0.601645833333333
08NM116,2026-07-24,22.8958333333333,0.705017361111111
08NM116,2026-07-25,23.8166666666667,0.637951388888889
08NM116,2026-07-26,21.7083333333333,0.565642361111111
08NM116,2026-07-27,22.1458333333333,0.622097222222222
08NM116,2026-07-28,22.6875,0.517590277777778
08NM116,2026-07-29,21.4333333333333,0.460802083333333
08NM116,2026-07-30,21.0666666666667,0.495118055555556
08NM116,2026-07-31,21.5583333333333,0.500003472222222
08NM116,2026-08-01,21.9416666666667,0.531829861111111
08NM116,2026-08-02,19.575,0.523177083333333
08NM116,2026-08-03,19.05,0.579923611111111
08NM116,2026-08-04,19.225,0.488298611111111
08NM116,2026-08-05,20.0958333333333,0.494399305555556
08NM116,2026-08-06,19.8541666666667,0.587746527777778
08NM116,2026-08-07,19.775,0.638003472222222
08NM116,2026-08-08,20.3166666666667,0.673107638888889
08NM116,2026-08-09,19.5083333333333,0.718652777777778
08NM116,2026-08-10,20.1458333333333,0.627583333333333
08NM116,2026-08-11,20.5583333333333,0.566635416666667
08NM116,2026-08-12,20.7625,0.508204861111111
08NM116,2026-08-13,21.2625,0.497003472222222
08NM116,2026-08-14,20.6958333333333,0.53765625
08NM116,2026-08-15,20.7458333333333,0.626125
08NM116,2026-08-16,20.7333333333333,0.642684027777778
08NM116,2026-08-17,20.9166666666667,0.598260416666667
08NM116,2026-08-18,21.5916666666667,0.590253472222222
08NM116,2026-08-19,21.725,0.640173611111111
08NM116,2026-08-20,21.8333333333333,0.63225
08NM116,2026-08-21,21.6958333333333,0.794631944444444
08NM116,2026-08-22,21.6875,0.705888888888889
08NM116,2026-08-23,20.4291666666667,0.825798611111111
08NM116,2026-08-24,18.4333333333333,1.17576388888889
08NM116,2026-08-25,20.0041666666667,0.889940972222222
08NM116,2026-08-26,20.6458333333333,0.602746527777778
08NM116,2026-08-27,20.2428571428571,0.615971428571429
08NM134,2024-10-19,NA,0.0343627450980392
08NM134,2024-10-20,NA,0.029
08NM134,2024-10-21,NA,0.028
08NM134,2024-10-22,NA,0.028
08NM134,2024-10-23,NA,0.0290967741935484
08NM134,2024-10-24,NA,0.029
08NM134,2024-10-25,NA,0.0303870967741935
08NM134,2024-10-26,NA,0.032
08NM134,2024-10-27,NA,0.0394736842105263
08NM134,2024-10-28,NA,0.032
08NM134,2024-10-29,NA,0.031
08NM134,2024-10-30,NA,0.031
08NM134,2024-10-31,NA,0.032
08NM134,2024-11-01,NA,0.032
08NM134,2024-11-02,NA,0.0332388059701493
08NM134,2024-11-03,NA,0.031
08NM134,2024-11-04,NA,0.0314177215189873
08NM134,2024-11-05,NA,0.0322333333333333
08NM134,2024-11-06,NA,0.0298064516129032
08NM134,2024-11-07,NA,0.03
08NM134,2024-11-08,NA,0.0301935483870968
08NM134,2024-11-09,NA,0.031
08NM134,2024-11-10,NA,0.03
08NM134,2024-11-11,NA,0.03
08NM134,2024-11-12,NA,0.0279493670886076
08NM134,2024-11-13,NA,0.0282686567164179
08NM134,2024-11-14,NA,0.028
08NM134,2024-11-15,NA,0.0274494382022472
08NM134,2024-11-16,NA,0.027
08NM134,2024-11-17,NA,0.0294210526315789
08NM134,2024-11-18,NA,0.0273157894736842
08NM134,2024-11-19,NA,0.028
08NM134,2024-11-20,NA,0.028
08NM134,2024-11-21,NA,0.028
08NM134,2024-11-22,NA,0.029
08NM134,2024-11-23,NA,0.028
08NM134,2024-11-24,NA,0.028
08NM134,2024-11-25,NA,0.0287847222222222
08NM134,2024-11-26,NA,0.0290381944444444
08NM134,2024-11-27,NA,0.0260416666666667
08NM134,2024-11-28,NA,0.0279409722222222
08NM134,2024-11-29,NA,0.0278923611111111
08NM134,2024-11-30,NA,0.027
08NM134,2024-12-01,NA,0.0278666666666667
08NM134,2024-12-02,NA,0.028258064516129
08NM134,2024-12-03,NA,0.028
08NM134,2024-12-04,NA,0.028
08NM134,2024-12-05,NA,0.0263333333333333
08NM134,2024-12-06,NA,0.0263666666666667
08NM134,2024-12-07,NA,0.026
08NM134,2024-12-08,NA,0.025
08NM134,2024-12-09,NA,0.0161333333333333
08NM134,2024-12-10,NA,0.0187333333333333
08NM134,2024-12-11,NA,0.0310967741935484
08NM134,2024-12-12,NA,0.0363333333333333
08NM134,2024-12-13,NA,0.032
08NM134,2024-12-14,NA,0.0290645161290323
08NM134,2024-12-15,NA,0.028
08NM134,2024-12-16,NA,0.0290322580645161
08NM134,2024-12-17,NA,0.029
08NM134,2024-12-18,NA,0.0328709677419355
08NM134,2024-12-19,NA,0.0314516129032258
08NM134,2024-12-20,NA,0.0293225806451613
08NM134,2024-12-21,NA,0.03
08NM134,2024-12-22,NA,0.032
08NM134,2024-12-23,NA,0.0309402985074627
08NM134,2024-12-24,NA,0.032
08NM134,2024-12-25,NA,0.031
08NM134,2024-12-26,NA,0.031
08NM134,2024-12-27,NA,0.0306451612903226
08NM134,2024-12-28,NA,0.0320333333333333
08NM134,2024-12-29,NA,0.032
08NM134,2024-12-30,NA,0.032
08NM134,2024-12-31,NA,0.0313666666666667
08NM134,2025-01-01,NA,0.032
08NM134,2025-01-02,NA,0.0303
08NM134,2025-01-03,NA,0.0320666666666667
08NM134,2025-01-04,NA,0.0376333333333333
08NM134,2025-01-05,NA,0.0332333333333333
08NM134,2025-01-06,NA,0.0287777777777778
08NM134,2025-01-07,NA,0.032
08NM134,2025-01-08,NA,0.0320238095238095
08NM134,2025-01-09,NA,0.0332142857142857
08NM134,2025-01-10,NA,0.0332758620689655
08NM134,2025-01-11,NA,0.034
08NM134,2025-01-12,NA,0.033
08NM134,2025-01-13,NA,0.0318
08NM134,2025-01-14,NA,0.026
08NM134,2025-01-15,NA,0.0242857142857143
08NM134,2025-01-16,NA,0.029
08NM134,2025-01-17,NA,0.03
08NM134,2025-01-18,NA,0.031
08NM134,2025-01-19,NA,0.031
08NM134,2025-01-20,NA,0.031
08NM134,2025-01-21,NA,0.031
08NM134,2025-01-22,NA,0.031
08NM134,2025-01-23,NA,0.03
08NM134,2025-01-24,NA,0.03
08NM134,2025-01-25,NA,0.029
08NM134,2025-01-26,NA,0.0280555555555556
08NM134,2025-01-27,NA,0.028
08NM134,2025-01-28,NA,0.0271111111111111
08NM134,2025-01-29,NA,0.0269166666666667
08NM134,2025-01-30,NA,0.026
08NM134,2025-01-31,NA,0.0254270833333333
08NM134,2025-02-01,NA,0.0248090277777778
08NM134,2025-02-02,NA,0.024
08NM134,2025-02-03,NA,0.0230347222222222
08NM134,2025-02-04,NA,0.02265625
08NM134,2025-02-05,NA,0.0219756944444444
08NM134,2025-02-06,NA,0.021
08NM134,2025-02-07,NA,0.0205486111111111
08NM134,2025-02-08,NA,0.0199027777777778
08NM134,2025-02-09,NA,0.019
08NM134,2025-02-10,NA,0.0182638888888889
08NM134,2025-02-11,NA,0.018
08NM134,2025-02-12,NA,0.0171215277777778
08NM134,2025-02-13,NA,0.017
08NM134,2025-02-14,NA,0.017
08NM134,2025-02-15,NA,0.017
08NM134,2025-02-16,NA,0.017
08NM134,2025-02-17,NA,0.017
08NM134,2025-02-18,NA,0.017
08NM134,2025-02-19,NA,0.017
08NM134,2025-02-20,NA,0.017
08NM134,2025-02-21,NA,0.017
08NM134,2025-02-22,NA,0.017
08NM134,2025-02-23,NA,0.017
08NM134,2025-02-24,NA,0.017
08NM134,2025-02-25,NA,0.017
08NM134,2025-02-26,NA,0.017
08NM134,2025-02-27,NA,0.017
08NM134,2025-02-28,NA,0.017
08NM134,2025-03-01,NA,0.017
08NM134,2025-03-02,NA,0.0174826388888889
08NM134,2025-03-03,NA,0.018
08NM134,2025-03-04,NA,0.0189652777777778
08NM134,2025-03-05,NA,0.0207708333333333
08NM134,2025-03-06,NA,0.0212881944444444
08NM134,2025-03-07,NA,0.0199826388888889
08NM134,2025-03-08,NA,0.0194409722222222
08NM134,2025-03-09,NA,0.0205694444444444
08NM134,2025-03-10,NA,0.0219236111111111
08NM134,2025-03-11,NA,0.0207013888888889
08NM134,2025-03-12,NA,0.0204895833333333
08NM134,2025-03-13,NA,0.0228645833333333
08NM134,2025-03-14,NA,0.0244201388888889
08NM134,2025-03-15,NA,0.0265381944444444
08NM134,2025-03-16,NA,0.0290069444444444
08NM134,2025-03-17,NA,0.0289305555555556
08NM134,2025-03-18,NA,0.0284548611111111
08NM134,2025-03-19,NA,0.0280173611111111
08NM134,2025-03-20,NA,0.0286076388888889
08NM134,2025-03-21,NA,0.0289965277777778
08NM134,2025-03-22,NA,0.0295625
08NM134,2025-03-23,NA,0.0292986111111111
08NM134,2025-03-24,NA,0.0300902777777778
08NM134,2025-03-25,NA,0.0353680555555556
08NM134,2025-03-26,NA,0.0420243055555556
08NM134,2025-03-27,NA,0.0428854166666667
08NM134,2025-03-28,NA,0.0615729166666667
08NM134,2025-03-29,NA,0.0772083333333333
08NM134,2025-03-30,NA,0.0623923611111111
08NM134,2025-03-31,NA,0.059375
08NM134,2025-04-01,NA,0.0613020833333333
08NM134,2025-04-02,NA,0.0612708333333333
08NM134,2025-04-03,NA,0.0598402777777778
08NM134,2025-04-04,NA,0.0538923611111111
08NM134,2025-04-05,NA,0.0560868055555556
08NM134,2025-04-06,NA,0.0594201388888889
08NM134,2025-04-07,NA,0.0707986111111111
08NM134,2025-04-08,NA,0.0871076388888889
08NM134,2025-04-09,NA,0.0823229166666667
08NM134,2025-04-10,NA,0.0788611111111111
08NM134,2025-04-11,NA,0.0821909722222222
08NM134,2025-04-12,NA,0.0870416666666667
08NM134,2025-04-13,NA,0.0866041666666667
08NM134,2025-04-14,NA,0.0893194444444444
08NM134,2025-04-15,NA,0.104041666666667
08NM134,2025-04-16,NA,0.145194444444444
08NM134,2025-04-17,NA,0.159628472222222
08NM134,2025-04-18,NA,0.164694444444444
08NM134,2025-04-19,NA,0.239743055555556
08NM134,2025-04-20,NA,0.304083333333333
08NM134,2025-04-21,NA,0.277725694444444
08NM134,2025-04-22,NA,0.243805555555556
08NM134,2025-04-23,NA,0.219125
08NM134,2025-04-24,NA,0.20415625
08NM134,2025-04-25,NA,0.230895833333333
08NM134,2025-04-26,NA,0.312753472222222
08NM134,2025-04-27,NA,0.403361111111111
08NM134,2025-04-28,NA,0.436829861111111
08NM134,2025-04-29,NA,0.432097222222222
08NM134,2025-04-30,NA,0.419229166666667
08NM134,2025-05-01,NA,0.422020833333333
08NM134,2025-05-02,NA,0.492013888888889
08NM134,2025-05-03,NA,0.583420289855072
08NM134,2025-05-04,NA,0.541916666666667
08NM134,2025-05-05,NA,0.451128472222222
08NM134,2025-05-06,NA,0.408350694444444
08NM134,2025-05-07,NA,0.414572916666667
08NM134,2025-05-08,NA,0.431243055555556
08NM134,2025-05-09,NA,0.393423611111111
08NM134,2025-05-10,NA,0.360472222222222
08NM134,2025-05-11,NA,0.338597222222222
08NM134,2025-05-12,NA,0.332239583333333
08NM134,2025-05-13,NA,0.395819444444444
08NM134,2025-05-14,NA,0.423319444444444
08NM134,2025-05-15,NA,0.387638888888889
08NM134,2025-05-16,NA,0.345590277777778
08NM134,2025-05-17,NA,0.319868055555556
08NM134,2025-05-18,NA,0.474798611111111
08NM134,2025-05-19,NA,0.413475694444444
08NM134,2025-05-20,NA,0.405857638888889
08NM134,2025-05-21,NA,0.362336805555556
08NM134,2025-05-22,NA,0.327902777777778
08NM134,2025-05-23,NA,0.293663194444444
08NM134,2025-05-24,NA,0.26440625
08NM134,2025-05-25,NA,0.243315972222222
08NM134,2025-05-26,NA,0.239100694444444
08NM134,2025-05-27,NA,0.222402777777778
08NM134,2025-05-28,NA,0.201583333333333
08NM134,2025-05-29,NA,0.187690972222222
08NM134,2025-05-30,NA,0.173079861111111
08NM134,2025-05-31,NA,0.158354166666667
08NM134,2025-06-01,NA,0.150524305555556
08NM134,2025-06-02,NA,0.138944444444444
08NM134,2025-06-03,NA,0.127326388888889
08NM134,2025-06-04,NA,0.116475694444444
08NM134,2025-06-05,NA,0.108555555555556
08NM134,2025-06-06,NA,0.101614583333333
08NM134,2025-06-07,NA,0.0963888888888889
08NM134,2025-06-08,NA,0.0879826388888889
08NM134,2025-06-09,NA,0.0820868055555556
08NM134,2025-06-10,NA,0.0763368055555556
08NM134,2025-06-11,NA,0.0708819444444444
08NM134,2025-06-12,NA,0.0660208333333333
08NM134,2025-06-13,NA,0.0635868055555556
08NM134,2025-06-14,NA,0.0625173611111111
08NM134,2025-06-15,NA,0.0718159722222222
08NM134,2025-06-16,NA,0.0614826388888889
08NM134,2025-06-17,NA,0.0567395833333333
08NM134,2025-06-18,NA,0.0544305555555556
08NM134,2025-06-19,NA,0.0548402777777778
08NM134,2025-06-20,NA,0.0501215277777778
08NM134,2025-06-21,NA,0.0757083333333333
08NM134,2025-06-22,NA,0.0737361111111111
08NM134,2025-06-23,NA,0.0656215277777778
08NM134,2025-06-24,NA,0.0620763888888889
08NM134,2025-06-25,NA,0.0603472222222222
08NM134,2025-06-26,NA,0.0560625
08NM134,2025-06-27,NA,0.0554791666666667
08NM134,2025-06-28,NA,0.0522118055555556
08NM134,2025-06-29,NA,0.049625
08NM134,2025-06-30,NA,0.0471770833333333
08NM134,2025-07-01,NA,0.0451041666666667
08NM134,2025-07-02,NA,0.0425347222222222
08NM134,2025-07-03,NA,0.0403402777777778
08NM134,2025-07-04,NA,0.0390173611111111
08NM134,2025-07-05,NA,0.0379826388888889
08NM134,2025-07-06,NA,0.0362013888888889
08NM134,2025-07-07,NA,0.0362013888888889
08NM134,2025-07-08,NA,0.0349201388888889
08NM134,2025-07-09,NA,0.03409375
08NM134,2025-07-10,NA,0.0349305555555556
08NM134,2025-07-11,NA,0.0342083333333333
08NM134,2025-07-12,NA,0.0326597222222222
08NM134,2025-07-13,NA,0.0315034722222222
08NM134,2025-07-14,NA,0.0356493055555556
08NM134,2025-07-15,NA,0.0383298611111111
08NM134,2025-07-16,NA,0.0334027777777778
08NM134,2025-07-17,NA,0.0311319444444444
08NM134,2025-07-18,NA,0.0285173611111111
08NM134,2025-07-19,NA,0.0294027777777778
08NM134,2025-07-20,NA,0.0294652777777778
08NM134,2025-07-21,NA,0.0314826388888889
08NM134,2025-07-22,NA,0.0637569444444444
08NM134,2025-07-23,NA,0.0390520833333333
08NM134,2025-07-24,NA,0.0338993055555556
08NM134,2025-07-25,NA,0.0320138888888889
08NM134,2025-07-26,NA,0.0310138888888889
08NM134,2025-07-27,NA,0.031
08NM134,2025-07-28,NA,0.0300520833333333
08NM134,2025-07-29,NA,0.028875
08NM134,2025-07-30,NA,0.0274826388888889
08NM134,2025-07-31,NA,0.0269791666666667
08NM134,2025-08-01,NA,0.02690625
08NM134,2025-08-02,NA,0.0325902777777778
08NM134,2025-08-03,NA,0.0275381944444444
08NM134,2025-08-04,NA,0.0263472222222222
08NM134,2025-08-05,NA,0.0281180555555556
08NM134,2025-08-06,NA,0.0293576388888889
08NM134,2025-08-07,NA,0.0422083333333333
08NM134,2025-08-08,NA,0.0334375
08NM134,2025-08-09,NA,0.029875
08NM134,2025-08-10,NA,0.0280659722222222
08NM134,2025-08-11,NA,0.0278020833333333
08NM134,2025-08-12,NA,0.02671875
08NM134,2025-08-13,NA,0.0249270833333333
08NM134,2025-08-14,NA,0.0244652777777778
08NM134,2025-08-15,NA,0.0297673611111111
08NM134,2025-08-16,NA,0.0361423611111111
08NM134,2025-08-17,NA,0.0301805555555556
08NM134,2025-08-18,NA,0.0275520833333333
08NM134,2025-08-19,NA,0.0259930555555556
08NM134,2025-08-20,NA,0.0259270833333333
08NM134,2025-08-21,NA,0.0248819444444444
08NM134,2025-08-22,NA,0.0242118055555556
08NM134,2025-08-23,NA,0.0238576388888889
08NM134,2025-08-24,NA,0.0238402777777778
08NM134,2025-08-25,NA,0.0230763888888889
08NM134,2025-08-26,NA,0.0225034722222222
08NM134,2025-08-27,NA,0.0222013888888889
08NM134,2025-08-28,NA,0.0227743055555556
08NM134,2025-08-29,NA,0.0227465277777778
08NM134,2025-08-30,NA,0.0234652777777778
08NM134,2025-08-31,NA,0.0221076388888889
08NM134,2025-09-01,NA,0.0220972222222222
08NM134,2025-09-02,NA,0.022
08NM134,2025-09-03,NA,0.0219965277777778
08NM134,2025-09-04,NA,0.0218680555555556
08NM134,2025-09-05,NA,0.0219097222222222
08NM134,2025-09-06,NA,0.022
08NM134,2025-09-07,NA,0.0229409722222222
08NM134,2025-09-08,NA,0.0364513888888889
08NM134,2025-09-09,NA,0.02728125
08NM134,2025-09-10,NA,0.02684375
08NM134,2025-09-11,NA,0.0254861111111111
08NM134,2025-09-12,NA,0.0239791666666667
08NM134,2025-09-13,NA,0.0238298611111111
08NM134,2025-09-14,NA,0.0237395833333333
08NM134,2025-09-15,NA,0.0238923611111111
08NM134,2025-09-16,NA,0.0233541666666667
08NM134,2025-09-17,NA,0.0227465277777778
08NM134,2025-09-18,NA,0.0227291666666667
08NM134,2025-09-19,NA,0.0222777777777778
08NM134,2025-09-20,NA,0.0223888888888889
08NM134,2025-09-21,NA,0.0221006944444444
08NM134,2025-09-22,NA,0.022
08NM134,2025-09-23,NA,0.0220243055555556
08NM134,2025-09-24,NA,0.02246875
08NM134,2025-09-25,NA,0.0219965277777778
08NM134,2025-09-26,NA,0.0220486111111111
08NM134,2025-09-27,NA,0.0221840277777778
08NM134,2025-09-28,NA,0.0223090277777778
08NM134,2025-09-29,NA,0.0222361111111111
08NM134,2025-09-30,NA,0.0239861111111111
08NM134,2025-10-01,NA,0.0233854166666667
08NM134,2025-10-02,NA,0.0235520833333333
08NM134,2025-10-03,NA,0.0234027777777778
08NM134,2025-10-04,NA,0.0245729166666667
08NM134,2025-10-05,NA,0.0249826388888889
08NM134,2025-10-06,NA,0.0241284722222222
08NM134,2025-10-07,NA,0.024
08NM134,2025-10-08,NA,0.024
08NM134,2025-10-09,NA,0.0240034722222222
08NM134,2025-10-10,NA,0.024
08NM134,2025-10-11,NA,0.0250277777777778
08NM134,2025-10-12,NA,0.0265625
08NM134,2025-10-13,NA,0.0260486111111111
08NM134,2025-10-14,NA,0.0251111111111111
08NM134,2025-10-15,NA,0.0252361111111111
08NM134,2025-10-16,NA,0.0257256944444444
08NM134,2025-10-17,NA,0.0287256944444444
08NM134,2025-10-18,NA,0.0301701388888889
08NM134,2025-10-19,NA,0.0314305555555556
08NM134,2025-10-20,NA,0.0399895833333333
08NM134,2025-10-21,NA,0.0300173611111111
08NM134,2025-10-22,NA,0.0281319444444444
08NM134,2025-10-23,NA,0.0275
08NM134,2025-10-24,NA,0.0273229166666667
08NM134,2025-10-25,NA,0.0324895833333333
08NM134,2025-10-26,NA,0.0272951388888889
08NM134,2025-10-27,NA,0.0274965277777778
08NM134,2025-10-28,NA,0.0279375
08NM134,2025-10-29,NA,0.0316388888888889
08NM134,2025-10-30,NA,0.0335277777777778
08NM134,2025-10-31,NA,0.0300208333333333
08NM134,2025-11-01,NA,0.03078125
08NM134,2025-11-02,NA,0.03421875
08NM134,2025-11-03,NA,0.0292787456445993
08NM134,2025-11-04,NA,0.028
08NM134,2025-11-05,NA,0.028
08NM134,2025-11-06,NA,0.02796875
08NM134,2025-11-07,NA,0.0313576388888889
08NM134,2025-11-08,NA,0.0281076388888889
08NM134,2025-11-09,NA,0.0279444444444444
08NM134,2025-11-10,NA,0.0289583333333333
08NM134,2025-11-11,NA,0.0286284722222222
08NM134,2025-11-12,NA,0.028
08NM134,2025-11-13,NA,0.0280243055555556
08NM134,2025-11-14,NA,0.0320243055555556
08NM134,2025-11-15,NA,0.03128125
08NM134,2025-11-16,NA,0.0312777777777778
08NM134,2025-11-17,NA,0.0300972222222222
08NM134,2025-11-18,NA,0.0388333333333333
08NM134,2025-11-19,NA,0.0335520833333333
08NM134,2025-11-20,NA,0.0314652777777778
08NM134,2025-11-21,NA,0.0302118055555556
08NM134,2025-11-22,NA,0.0302083333333333
08NM134,2025-11-23,NA,0.0309375
08NM134,2025-11-24,NA,0.0308784722222222
08NM134,2025-11-25,NA,0.0291909722222222
08NM134,2025-11-26,NA,0.0291006944444444
08NM134,2025-11-27,NA,0.0299444444444444
08NM134,2025-11-28,NA,0.0314861111111111
08NM134,2025-11-29,NA,0.0318506944444444
08NM134,2025-11-30,NA,0.0304131944444444
08NM134,2025-12-01,NA,0.0332326388888889
08NM134,2025-12-02,NA,0.0314826388888889
08NM134,2025-12-03,NA,0.0284583333333333
08NM134,2025-12-04,NA,0.0285347222222222
08NM134,2025-12-05,NA,0.0306006944444444
08NM134,2025-12-06,NA,0.0305798611111111
08NM134,2025-12-07,NA,0.0296736111111111
08NM134,2025-12-08,NA,0.0293194444444444
08NM134,2025-12-09,NA,0.0317361111111111
08NM134,2025-12-10,NA,0.0313715277777778
08NM134,2025-12-11,NA,0.0492534722222222
08NM134,2025-12-12,NA,0.0407256944444444
08NM134,2025-12-13,NA,0.0418472222222222
08NM134,2025-12-14,NA,0.040125
08NM134,2025-12-15,NA,0.0419826388888889
08NM134,2025-12-16,NA,0.0507430555555556
08NM134,2025-12-17,NA,0.0501076388888889
08NM134,2025-12-18,NA,0.0448784722222222
08NM134,2025-12-19,NA,0.0434305555555556
08NM134,2025-12-20,NA,0.0405243055555556
08NM134,2025-12-21,NA,0.0389270833333333
08NM134,2025-12-22,NA,0.0364479166666667
08NM134,2025-12-23,NA,0.037
08NM134,2025-12-24,NA,0.0362777777777778
08NM134,2025-12-25,NA,0.0363715277777778
08NM134,2025-12-26,NA,0.0353576388888889
08NM134,2025-12-27,NA,0.0347048611111111
08NM134,2025-12-28,NA,0.0341840277777778
08NM134,2025-12-29,NA,0.035
08NM134,2025-12-30,NA,0.035
08NM134,2025-12-31,NA,0.035
08NM134,2026-01-01,NA,0.035
08NM134,2026-01-02,NA,0.035
08NM134,2026-01-03,NA,0.0348854166666667
08NM134,2026-01-04,NA,0.0336840277777778
08NM134,2026-01-05,NA,0.0330798611111111
08NM134,2026-01-06,NA,0.032
08NM134,2026-01-07,NA,0.032
08NM134,2026-01-08,NA,0.032
08NM134,2026-01-09,NA,0.0318819444444444
08NM134,2026-01-10,NA,0.0310034722222222
08NM134,2026-01-11,NA,0.0311215277777778
08NM134,2026-01-12,NA,0.0313194444444444
08NM134,2026-01-13,NA,0.0313993055555556
08NM134,2026-01-14,NA,0.0313576388888889
08NM134,2026-01-15,NA,0.0315451388888889
08NM134,2026-01-16,NA,0.0307569444444444
08NM134,2026-01-17,NA,0.0294513888888889
08NM134,2026-01-18,NA,0.0250277777777778
08NM134,2026-01-19,NA,0.0238611111111111
08NM134,2026-01-20,NA,0.0219479166666667
08NM134,2026-01-21,NA,0.0136840277777778
08NM134,2026-01-22,NA,0.00944444444444444
08NM134,2026-01-23,NA,0.009
08NM134,2026-01-24,NA,0.009
08NM134,2026-01-25,NA,0.009
08NM134,2026-01-26,NA,0.00914236111111111
08NM134,2026-01-27,NA,0.0120381944444444
08NM134,2026-01-28,NA,0.0148923611111111
08NM134,2026-01-29,NA,0.0196944444444444
08NM134,2026-01-30,NA,0.0237604166666667
08NM134,2026-01-31,NA,0.0279756944444444
08NM134,2026-02-01,NA,0.0312534722222222
08NM134,2026-02-02,NA,0.0324305555555556
08NM134,2026-02-03,NA,0.0324513888888889
08NM134,2026-02-04,NA,0.0331805555555556
08NM134,2026-02-05,NA,0.0343472222222222
08NM134,2026-02-06,NA,0.0344479166666667
08NM134,2026-02-07,NA,0.0340069444444444
08NM134,2026-02-08,NA,0.0337708333333333
08NM134,2026-02-09,NA,0.0328993055555556
08NM134,2026-02-10,NA,0.0327465277777778
08NM134,2026-02-11,NA,0.0324965277777778
08NM134,2026-02-12,NA,0.0317256944444444
08NM134,2026-02-13,NA,0.032
08NM134,2026-02-14,NA,0.0322222222222222
08NM134,2026-02-15,NA,0.0307673611111111
08NM134,2026-02-16,NA,0.0327048611111111
08NM134,2026-02-17,NA,0.0319027777777778
08NM134,2026-02-18,NA,0.0310173611111111
08NM134,2026-02-19,NA,0.0298298611111111
08NM134,2026-02-20,NA,0.0197013888888889
08NM134,2026-02-21,NA,0.0189513888888889
08NM134,2026-02-22,NA,0.0228055555555556
08NM134,2026-02-23,NA,0.0266493055555556
08NM134,2026-02-24,NA,0.0282847222222222
08NM134,2026-02-25,NA,0.0291423611111111
08NM134,2026-02-26,NA,0.0294375
08NM134,2026-02-27,NA,0.0308854166666667
08NM134,2026-02-28,NA,0.0309444444444444
08NM134,2026-03-01,NA,0.0309826388888889
08NM134,2026-03-02,NA,0.0310034722222222
08NM134,2026-03-03,NA,0.0309756944444444
08NM134,2026-03-04,NA,0.0333333333333333
08NM134,2026-03-05,NA,0.0345138888888889
08NM134,2026-03-06,NA,0.03421875
08NM134,2026-03-07,NA,0.0532638888888889
08NM134,2026-03-08,NA,0.0662986111111111
08NM134,2026-03-09,NA,0.0537048611111111
08NM134,2026-03-10,NA,0.0460659722222222
08NM134,2026-03-11,NA,0.0429201388888889
08NM134,2026-03-12,NA,0.0418680555555556
08NM134,2026-03-13,NA,0.03965625
08NM134,2026-03-14,NA,0.0395451388888889
08NM134,2026-03-15,NA,0.0372326388888889
08NM134,2026-03-16,NA,0.0391770833333333
08NM134,2026-03-17,NA,0.0406909722222222
08NM134,2026-03-18,NA,0.04703125
08NM134,2026-03-19,NA,0.0711145833333333
08NM134,2026-03-20,NA,0.124868055555556
08NM134,2026-03-21,NA,0.185208333333333
08NM134,2026-03-22,NA,0.174711805555556
08NM134,2026-03-23,NA,0.162791666666667
08NM134,2026-03-24,NA,0.156694444444444
08NM134,2026-03-25,NA,0.160809027777778
08NM134,2026-03-26,NA,0.145256944444444
08NM134,2026-03-27,NA,0.135003472222222
08NM134,2026-03-28,NA,0.129232638888889
08NM134,2026-03-29,NA,0.123288194444444
08NM134,2026-03-30,NA,0.110045138888889
08NM134,2026-03-31,NA,0.110288194444444
08NM134,2026-04-01,NA,0.108173611111111
08NM134,2026-04-02,NA,0.10565625
08NM134,2026-04-03,NA,0.103104166666667
08NM134,2026-04-04,NA,0.100194444444444
08NM134,2026-04-05,NA,0.104659722222222
08NM134,2026-04-06,NA,0.119447916666667
08NM134,2026-04-07,NA,0.15109756097561
08NM134,2026-04-08,NA,0.164159722222222
08NM134,2026-04-09,NA,0.175819444444444
08NM134,2026-04-10,NA,0.202190972222222
08NM134,2026-04-11,NA,0.263652777777778
08NM134,2026-04-12,NA,0.437652777777778
08NM134,2026-04-13,NA,0.554024305555556
08NM134,2026-04-14,NA,0.576572916666667
08NM134,2026-04-15,NA,0.498628472222222
08NM134,2026-04-16,NA,0.421045138888889
08NM134,2026-04-17,NA,0.374388888888889
08NM134,2026-04-18,NA,0.339940972222222
08NM134,2026-04-19,NA,0.327381944444444
08NM134,2026-04-20,NA,0.348732638888889
08NM134,2026-04-21,NA,0.43075
08NM134,2026-04-22,NA,0.524229166666667
08NM134,2026-04-23,NA,0.54198951048951
08NM134,2026-04-24,NA,0.46584375
08NM134,2026-04-25,NA,0.407520833333333
08NM134,2026-04-26,NA,0.370597222222222
08NM134,2026-04-27,NA,0.341940972222222
08NM134,2026-04-28,NA,0.323576388888889
08NM134,2026-04-29,NA,0.336878472222222
08NM134,2026-04-30,NA,0.341850694444444
08NM134,2026-05-01,NA,0.355954861111111
08NM134,2026-05-02,NA,0.380416666666667
08NM134,2026-05-03,NA,0.397673611111111
08NM134,2026-05-04,NA,0.411829861111111
08NM134,2026-05-05,NA,0.409743055555556
08NM134,2026-05-06,NA,0.385236111111111
08NM134,2026-05-07,NA,0.362138888888889
08NM134,2026-05-08,NA,0.322475694444444
08NM134,2026-05-09,NA,0.282930555555556
08NM134,2026-05-10,NA,0.2521875
08NM134,2026-05-11,NA,0.227201388888889
08NM134,2026-05-12,NA,0.206635416666667
08NM134,2026-05-13,NA,0.210548611111111
08NM134,2026-05-14,NA,0.320149305555556
08NM134,2026-05-15,NA,0.250888888888889
08NM134,2026-05-16,NA,0.225583333333333
08NM134,2026-05-17,NA,0.214822916666667
08NM134,2026-05-18,NA,0.200204861111111
08NM134,2026-05-19,NA,0.176899305555556
08NM134,2026-05-20,NA,0.166076388888889
08NM134,2026-05-21,NA,0.151211805555556
08NM134,2026-05-22,NA,0.143069444444444
08NM134,2026-05-23,NA,0.135402777777778
08NM134,2026-05-24,NA,0.1245
08NM134,2026-05-25,NA,0.116201388888889
08NM134,2026-05-26,NA,0.115611111111111
08NM134,2026-05-27,NA,0.115114583333333
08NM134,2026-05-28,NA,0.107385416666667
08NM134,2026-05-29,NA,0.122555555555556
08NM134,2026-05-30,NA,0.120243055555556
08NM134,2026-05-31,NA,0.103982638888889
08NM134,2026-06-01,NA,0.0938229166666667
08NM134,2026-06-02,NA,0.0916111111111111
08NM134,2026-06-03,NA,0.0873576388888889
08NM134,2026-06-04,NA,0.106826388888889
08NM134,2026-06-05,NA,0.093829861111111107
08NM134,2026-06-06,NA,0.0877881944444444
08NM134,2026-06-07,NA,0.0846979166666667
08NM134,2026-06-08,NA,0.0819583333333333
08NM134,2026-06-09,NA,0.0812881944444444
08NM134,2026-06-10,NA,0.0812916666666667
08NM134,2026-06-11,NA,0.0778784722222222
08NM134,2026-06-12,NA,0.0727118055555556
08NM134,2026-06-13,NA,0.0705243055555556
08NM134,2026-06-14,NA,0.0675868055555556
08NM134,2026-06-15,NA,0.0640868055555556
08NM134,2026-06-16,NA,0.0613819444444444
08NM134,2026-06-17,NA,0.0583854166666667
08NM134,2026-06-18,NA,0.0572986111111111
08NM134,2026-06-19,NA,0.0549340277777778
08NM134,2026-06-20,NA,0.0515173611111111
08NM134,2026-06-21,NA,0.0495416666666667
08NM134,2026-06-22,NA,0.0481944444444444
08NM134,2026-06-23,NA,0.0455486111111111
08NM134,2026-06-24,NA,0.0437708333333333
08NM134,2026-06-25,NA,0.0434826388888889
08NM134,2026-06-26,NA,0.0412777777777778
08NM134,2026-06-27,NA,0.0386041666666667
08NM134,2026-06-28,NA,0.0377604166666667
08NM134,2026-06-29,NA,0.0360902777777778
08NM134,2026-06-30,NA,0.0352638888888889
08NM134,2026-07-01,NA,0.035
08NM134,2026-07-02,NA,0.0349409722222222
08NM134,2026-07-03,NA,0.0345138888888889
08NM134,2026-07-04,NA,0.0326875
08NM134,2026-07-05,NA,0.0317847222222222
08NM134,2026-07-06,NA,0.0310659722222222
08NM134,2026-07-07,NA,0.0300520833333333
08NM134,2026-07-08,NA,0.0279479166666667
08NM134,2026-07-09,NA,0.0271388888888889
08NM134,2026-07-10,NA,0.0269583333333333
08NM134,2026-07-11,NA,0.0266215277777778
08NM134,2026-07-12,NA,0.0259722222222222
08NM134,2026-07-13,NA,0.0253333333333333
08NM134,2026-07-14,NA,0.0245243055555556
08NM134,2026-07-15,NA,0.02421875
08NM134,2026-07-16,NA,0.0233923611111111
08NM134,2026-07-17,NA,0.0227673611111111
08NM134,2026-07-18,NA,0.0218715277777778
08NM134,2026-07-19,NA,0.0219826388888889
08NM134,2026-07-20,NA,0.0218819444444444
08NM134,2026-07-21,NA,0.0211909722222222
08NM134,2026-07-22,NA,0.0210902777777778
08NM134,2026-07-23,NA,0.0200798611111111
08NM134,2026-07-24,NA,0.0206875
08NM134,2026-07-25,NA,0.0198784722222222
08NM134,2026-07-26,NA,0.0206805555555556
08NM134,2026-07-27,NA,0.02009375
08NM134,2026-07-28,NA,0.0200798611111111
08NM134,2026-07-29,NA,0.0194097222222222
08NM134,2026-07-30,NA,0.01934375
08NM134,2026-07-31,NA,0.0189965277777778
08NM134,2026-08-01,NA,0.0185347222222222
08NM134,2026-08-02,NA,0.0188055555555556
08NM134,2026-08-03,NA,0.0193958333333333
08NM134,2026-08-04,NA,0.0188402777777778
08NM134,2026-08-05,NA,0.0187222222222222
08NM134,2026-08-06,NA,0.0182638888888889
08NM134,2026-08-07,NA,0.01784375
08NM134,2026-08-08,NA,0.0177361111111111
08NM134,2026-08-09,NA,0.0179548611111111
08NM134,2026-08-10,NA,0.0171145833333333
08NM134,2026-08-11,NA,0.0167881944444444
08NM134,2026-08-12,NA,0.0172395833333333
08NM134,2026-08-13,NA,0.0179791666666667
08NM134,2026-08-14,NA,0.0187118055555556
08NM134,2026-08-15,NA,0.0182638888888889
08NM134,2026-08-16,NA,0.01840625
08NM134,2026-08-17,NA,0.01834375
08NM134,2026-08-18,NA,0.0175763888888889
08NM134,2026-08-19,NA,0.0168819444444444
08NM134,2026-08-20,NA,0.0173055555555556
08NM134,2026-08-21,NA,0.0172673611111111
08NM134,2026-08-22,NA,0.0173090277777778
08NM134,2026-08-23,NA,0.0235694444444444
08NM134,2026-08-24,NA,0.0214895833333333
08NM134,2026-08-25,NA,0.0195972222222222
08NM134,2026-08-26,NA,0.0192361111111111
08NM134,2026-08-27,NA,0.018655737704918
08NM139,2024-10-19,1.535,0.00140196078431373
08NM139,2024-10-20,4.38,0.008
08NM139,2024-10-21,4.195,0.0102903225806452
08NM139,2024-10-22,2.88,0.009
08NM139,2024-10-23,1.505,0.006
08NM139,2024-10-24,1.4,0.005
08NM139,2024-10-25,0.4,0.004
08NM139,2024-10-26,1.585,0.003
08NM139,2024-10-27,2.79,0.011
08NM139,2024-10-28,2.18,0.014
08NM139,2024-10-29,1.79,0.011
08NM139,2024-10-30,1.35,0.009
08NM139,2024-10-31,0.59,0.009
08NM139,2024-11-01,0.2,0.008
08NM139,2024-11-02,0.276,0.008
08NM139,2024-11-03,0.3,0.008
08NM139,2024-11-04,0.13,0.007
08NM139,2024-11-05,0.045,0.007
08NM139,2024-11-06,0,0.007
08NM139,2024-11-07,0.08,0.007
08NM139,2024-11-08,0.09,0.007
08NM139,2024-11-09,0.095,0.007
08NM139,2024-11-10,0.1,0.008
08NM139,2024-11-11,0,0.0114210526315789
08NM139,2024-11-12,0.133333333333333,0.011253164556962
08NM139,2024-11-13,0.018,0.012
08NM139,2024-11-14,0.13,0.015
08NM139,2024-11-15,0,0.0134505494505495
08NM139,2024-11-16,0,0.0103684210526316
08NM139,2024-11-17,0,0.01
08NM139,2024-11-18,0.05,0.01
08NM139,2024-11-19,0,0.009
08NM139,2024-11-20,0,0.009
08NM139,2024-11-21,0.06,0.009
08NM139,2024-11-22,0.09,0.009
08NM139,2024-11-23,0.09,0.01
08NM139,2024-11-24,0,0.009
08NM139,2024-11-25,0.0708333333333333,0.009
08NM139,2024-11-26,0.08125,0.00907986111111111
08NM139,2024-11-27,0.00916666666666667,0.009
08NM139,2024-11-28,0,0.009
08NM139,2024-11-29,0,0.009
08NM139,2024-11-30,0,0.009
08NM139,2024-12-01,0,0.008
08NM139,2024-12-02,0,0.008
08NM139,2024-12-03,0,0.008
08NM139,2024-12-04,0,0.007
08NM139,2024-12-05,0,0.007
08NM139,2024-12-06,0,0.007
08NM139,2024-12-07,0,0.008
08NM139,2024-12-08,0,0.008
08NM139,2024-12-09,0,0.008
08NM139,2024-12-10,0,0.007
08NM139,2024-12-11,0,0.007
08NM139,2024-12-12,0,0.007
08NM139,2024-12-13,0,0.007
08NM139,2024-12-14,0,0.00796774193548387
08NM139,2024-12-15,0,0.007
08NM139,2024-12-16,0,0.007
08NM139,2024-12-17,0,0.007
08NM139,2024-12-18,0,0.007
08NM139,2024-12-19,NA,0.007
08NM139,2024-12-20,NA,0.008
08NM139,2024-12-21,0,0.008
08NM139,2024-12-22,0,0.008
08NM139,2024-12-23,0,0.008
08NM139,2024-12-24,0,0.008
08NM139,2024-12-25,0,0.00866666666666667
08NM139,2024-12-26,0,0.009
08NM139,2024-12-27,0,0.009
08NM139,2024-12-28,0,0.01
08NM139,2024-12-29,0,0.01
08NM139,2024-12-30,0,0.01
08NM139,2024-12-31,0,0.01
08NM139,2025-01-01,0,0.01
08NM139,2025-01-02,0,0.01
08NM139,2025-01-03,0,0.01
08NM139,2025-01-04,0,0.01
08NM139,2025-01-05,0,0.01
08NM139,2025-01-06,0,0.01
08NM139,2025-01-07,0,0.01
08NM139,2025-01-08,0,0.01
08NM139,2025-01-09,0,0.01
08NM139,2025-01-10,0,0.01
08NM139,2025-01-11,0,0.00989236111111111
08NM139,2025-01-12,0,0.01
08NM139,2025-01-13,0,0.01
08NM139,2025-01-14,0,0.01
08NM139,2025-01-15,0,0.01
08NM139,2025-01-16,0,0.01
08NM139,2025-01-17,0,0.01
08NM139,2025-01-18,0,0.00966666666666667
08NM139,2025-01-19,0,0.01
08NM139,2025-01-20,0,0.00876086956521739
08NM139,2025-01-21,0,0.00921014492753623
08NM139,2025-01-22,0,0.00916319444444444
08NM139,2025-01-23,0,0.009
08NM139,2025-01-24,0,0.009
08NM139,2025-01-25,0,0.00892682926829268
08NM139,2025-01-26,0,0.009
08NM139,2025-01-27,0,0.009
08NM139,2025-01-28,0,0.009
08NM139,2025-01-29,0,0.009
08NM139,2025-01-30,0,0.00934722222222222
08NM139,2025-01-31,0,0.00953472222222222
08NM139,2025-02-01,0,0.00918402777777778
08NM139,2025-02-02,0,0.009
08NM139,2025-02-03,0,0.00872916666666667
08NM139,2025-02-04,0,0.008
08NM139,2025-02-05,0,0.008
08NM139,2025-02-06,0,0.008
08NM139,2025-02-07,0,0.00760069444444444
08NM139,2025-02-08,0,0.00762152777777778
08NM139,2025-02-09,0,0.007
08NM139,2025-02-10,0,0.007
08NM139,2025-02-11,0,0.00604861111111111
08NM139,2025-02-12,0,0.006
08NM139,2025-02-13,0,0.006
08NM139,2025-02-14,0,0.006
08NM139,2025-02-15,0,0.00600694444444444
08NM139,2025-02-16,0,0.00715625
08NM139,2025-02-17,0,0.008
08NM139,2025-02-18,0,0.008
08NM139,2025-02-19,0,0.00872916666666667
08NM139,2025-02-20,0,0.009
08NM139,2025-02-21,0,0.009
08NM139,2025-02-22,0,0.009
08NM139,2025-02-23,0,0.009
08NM139,2025-02-24,0,0.009
08NM139,2025-02-25,0,0.009
08NM139,2025-02-26,0,0.009
08NM139,2025-02-27,0,0.00904861111111111
08NM139,2025-02-28,0,0.01
08NM139,2025-03-01,0,0.0101666666666667
08NM139,2025-03-02,0,0.011
08NM139,2025-03-03,0,0.0114201388888889
08NM139,2025-03-04,0,0.012
08NM139,2025-03-05,0,0.012
08NM139,2025-03-06,0,0.012
08NM139,2025-03-07,0,0.012
08NM139,2025-03-08,0,0.012
08NM139,2025-03-09,0,0.012
08NM139,2025-03-10,0,0.0120138888888889
08NM139,2025-03-11,0,0.0127395833333333
08NM139,2025-03-12,0,0.013
08NM139,2025-03-13,0,0.013
08NM139,2025-03-14,0,0.0134756944444444
08NM139,2025-03-15,0,0.014
08NM139,2025-03-16,0,0.014
08NM139,2025-03-17,0,0.0135
08NM139,2025-03-18,0,0.0132777777777778
08NM139,2025-03-19,0,0.0130381944444444
08NM139,2025-03-20,0,0.0133090277777778
08NM139,2025-03-21,0,0.0135972222222222
08NM139,2025-03-22,0,0.0132847222222222
08NM139,2025-03-23,0,0.0135034722222222
08NM139,2025-03-24,0,0.0144027777777778
08NM139,2025-03-25,0,0.0189131944444444
08NM139,2025-03-26,0,0.0295798611111111
08NM139,2025-03-27,0,0.0386111111111111
08NM139,2025-03-28,0,0.0689826388888889
08NM139,2025-03-29,0,0.106951388888889
08NM139,2025-03-30,0,0.0835381944444444
08NM139,2025-03-31,0,0.0710104166666667
08NM139,2025-04-01,0,0.066125
08NM139,2025-04-02,0,0.0654981684981685
08NM139,2025-04-03,0,0.0669190140845071
08NM139,2025-04-04,0,0.0595798611111111
08NM139,2025-04-05,0,0.0554201388888889
08NM139,2025-04-06,0,0.0607048611111111
08NM139,2025-04-07,0,0.103851985559567
08NM139,2025-04-08,0,0.198854166666667
08NM139,2025-04-09,0,0.169482638888889
08NM139,2025-04-10,0,0.148572916666667
08NM139,2025-04-11,0,0.177629370629371
08NM139,2025-04-12,0,0.192277777777778
08NM139,2025-04-13,0.02,0.168857638888889
08NM139,2025-04-14,0.0754166666666667,0.171496527777778
08NM139,2025-04-15,0.136666666666667,0.191673611111111
08NM139,2025-04-16,0.0625,0.261157342657343
08NM139,2025-04-17,0.193333333333333,0.261135416666667
08NM139,2025-04-18,0.29875,0.264454861111111
08NM139,2025-04-19,0.04875,0.368237226277372
08NM139,2025-04-20,0.09875,0.438581881533101
08NM139,2025-04-21,0.297083333333333,0.365756944444444
08NM139,2025-04-22,0.3725,0.3095625
08NM139,2025-04-23,0.505833333333333,0.261211805555556
08NM139,2025-04-24,0.735833333333333,0.249385416666667
08NM139,2025-04-25,0.93875,0.340381944444444
08NM139,2025-04-26,0.752083333333333,0.520247311827957
08NM139,2025-04-27,0.725833333333333,0.687201388888889
08NM139,2025-04-28,0.76,0.76071875
08NM139,2025-04-29,0.959166666666667,0.759361111111111
08NM139,2025-04-30,1.35625,0.75240625
08NM139,2025-05-01,1.88125,0.786159722222222
08NM139,2025-05-02,2.275,0.940600694444444
08NM139,2025-05-03,2.28375,1.15201388888889
08NM139,2025-05-04,1.84083333333333,0.927993055555556
08NM139,2025-05-05,2.45083333333333,0.713496527777778
08NM139,2025-05-06,3.34958333333333,0.681864583333333
08NM139,2025-05-07,4.02666666666667,0.786347222222222
08NM139,2025-05-08,3.48708333333333,0.8670625
08NM139,2025-05-09,3.4575,0.712684027777778
08NM139,2025-05-10,3.90125,0.685357638888889
08NM139,2025-05-11,3.4775,0.679774305555556
08NM139,2025-05-12,4.035,0.73088850174216
08NM139,2025-05-13,4.14375,0.8735625
08NM139,2025-05-14,4.45958333333333,0.836034722222222
08NM139,2025-05-15,4.29666666666667,0.787381944444444
08NM139,2025-05-16,4.21833333333333,0.666104166666667
08NM139,2025-05-17,3.71541666666667,0.657670138888889
08NM139,2025-05-18,3.78791666666667,0.789503472222222
08NM139,2025-05-19,3.61083333333333,0.679114583333333
08NM139,2025-05-20,3.61291666666667,0.595798611111111
08NM139,2025-05-21,4.2875,0.501621527777778
08NM139,2025-05-22,4.27,0.457510416666667
08NM139,2025-05-23,5.17875,0.422013888888889
08NM139,2025-05-24,6.32625,0.4130625
08NM139,2025-05-25,7.4475,0.424472222222222
08NM139,2025-05-26,8.11583333333333,0.458993055555556
08NM139,2025-05-27,7.085,0.449802083333333
08NM139,2025-05-28,8.74875,0.379184027777778
08NM139,2025-05-29,9.65416666666667,0.365861111111111
08NM139,2025-05-30,8.12,0.371645833333333
08NM139,2025-05-31,9.695,0.297496527777778
08NM139,2025-06-01,7.8775,0.255045138888889
08NM139,2025-06-02,7.09708333333333,0.220697916666667
08NM139,2025-06-03,7.72782608695652,0.193470383275261
08NM139,2025-06-04,8.55625,0.171274305555556
08NM139,2025-06-05,8.93333333333333,0.15484375
08NM139,2025-06-06,10.5358333333333,0.135801393728223
08NM139,2025-06-07,10.6058333333333,0.120913194444444
08NM139,2025-06-08,11.4383333333333,0.107489583333333
08NM139,2025-06-09,13.1466666666667,0.09115625
08NM139,2025-06-10,13.43375,0.0777986111111111
08NM139,2025-06-11,13.5779166666667,0.0670520833333333
08NM139,2025-06-12,13.5391666666667,0.0589236111111111
08NM139,2025-06-13,12.105,0.0530590277777778
08NM139,2025-06-14,11.3079166666667,0.0483402777777778
08NM139,2025-06-15,10.6975,0.0486597222222222
08NM139,2025-06-16,11.4133333333333,0.0465520833333333
08NM139,2025-06-17,11.27875,0.0392673611111111
08NM139,2025-06-18,11.4841666666667,0.0328784722222222
08NM139,2025-06-19,10.05,0.0299444444444444
08NM139,2025-06-20,10.64125,0.0267986111111111
08NM139,2025-06-21,9.01125,0.0735555555555556
08NM139,2025-06-22,8.76,0.123753472222222
08NM139,2025-06-23,9.71666666666667,0.0931145833333333
08NM139,2025-06-24,9.11708333333333,0.0781388888888889
08NM139,2025-06-25,10.9845833333333,0.0643888888888889
08NM139,2025-06-26,10.6570833333333,0.0527847222222222
08NM139,2025-06-27,10.4633333333333,0.0442048611111111
08NM139,2025-06-28,10.0816666666667,0.0386111111111111
08NM139,2025-06-29,10.1108333333333,0.0332361111111111
08NM139,2025-06-30,11.49,0.0281597222222222
08NM139,2025-07-01,13.27125,0.0234166666666667
08NM139,2025-07-02,13.9833333333333,0.0190590277777778
08NM139,2025-07-03,12.7558333333333,0.0148993055555556
08NM139,2025-07-04,11.31625,0.0121805555555556
08NM139,2025-07-05,12.1558333333333,0.0102118055555556
08NM139,2025-07-06,11.9891666666667,0.00854166666666667
08NM139,2025-07-07,11.3654166666667,0.00717013888888889
08NM139,2025-07-08,12.5133333333333,0.00585763888888889
08NM139,2025-07-09,13.07,0.00476041666666667
08NM139,2025-07-10,11.9558333333333,0.005
08NM139,2025-07-11,10.54,0.00457638888888889
08NM139,2025-07-12,12.2833333333333,0.00390625
08NM139,2025-07-13,13.15,0.00297569444444444
08NM139,2025-07-14,13.825,0.002
08NM139,2025-07-15,11.7045833333333,0.002
08NM139,2025-07-16,11.2708333333333,0.002
08NM139,2025-07-17,12.115,0.002
08NM139,2025-07-18,11.4629166666667,0.00164930555555556
08NM139,2025-07-19,11.1945833333333,0.001
08NM139,2025-07-20,11.0454166666667,0.00123611111111111
08NM139,2025-07-21,10.79125,0.00287152777777778
08NM139,2025-07-22,12.0320833333333,0.0151215277777778
08NM139,2025-07-23,12.2341666666667,0.0599507042253521
08NM139,2025-07-24,13.5945833333333,0.0836284722222222
08NM139,2025-07-25,13.9895833333333,0.0769270833333333
08NM139,2025-07-26,12.75875,0.0721076388888889
08NM139,2025-07-27,12.8070833333333,0.0668472222222222
08NM139,2025-07-28,13.0720833333333,0.0622881944444444
08NM139,2025-07-29,13.5966666666667,0.05665625
08NM139,2025-07-30,14.2408333333333,0.0512569444444444
08NM139,2025-07-31,14.7116666666667,0.0469895833333333
08NM139,2025-08-01,15.0916666666667,0.0500208333333333
08NM139,2025-08-02,14.7633333333333,0.0707222222222222
08NM139,2025-08-03,14.6075,0.0619097222222222
08NM139,2025-08-04,14.2966666666667,0.0473125
08NM139,2025-08-05,12.0929166666667,0.0678472222222222
08NM139,2025-08-06,12.8954166666667,0.0466840277777778
08NM139,2025-08-07,11.6858333333333,0.0518194444444444
08NM139,2025-08-08,11.905,0.0422013888888889
08NM139,2025-08-09,12.5841666666667,0.0314756944444444
08NM139,2025-08-10,13.52,0.0240138888888889
08NM139,2025-08-11,14.1166666666667,0.0188680555555556
08NM139,2025-08-12,13.2866666666667,0.01503125
08NM139,2025-08-13,13.645,0.0120347222222222
08NM139,2025-08-14,12.1325,0.0108680555555556
08NM139,2025-08-15,12.0825,0.0106354166666667
08NM139,2025-08-16,12.275,0.0250034722222222
08NM139,2025-08-17,11.5883333333333,0.0248472222222222
08NM139,2025-08-18,11.3195833333333,0.0180590277777778
08NM139,2025-08-19,11.5841666666667,0.0130277777777778
08NM139,2025-08-20,10.94125,0.00996527777777778
08NM139,2025-08-21,9.665,0.00727083333333333
08NM139,2025-08-22,9.00666666666667,0.00522569444444444
08NM139,2025-08-23,9.09083333333333,0.00406597222222222
08NM139,2025-08-24,9.72291666666667,0.00301736111111111
08NM139,2025-08-25,10.2079166666667,0.00202777777777778
08NM139,2025-08-26,10.69,0.00119444444444444
08NM139,2025-08-27,10.7541666666667,0.001
08NM139,2025-08-28,11.6654166666667,3.75e-4
08NM139,2025-08-29,12.2208333333333,0
08NM139,2025-08-30,11.93125,0
08NM139,2025-08-31,10.6941666666667,0
08NM139,2025-09-01,10.8020833333333,0
08NM139,2025-09-02,11.5283333333333,0
08NM139,2025-09-03,11.5175,0
08NM139,2025-09-04,11.73125,0
08NM139,2025-09-05,9.04666666666667,0
08NM139,2025-09-06,10.3116666666667,0
08NM139,2025-09-07,11.75875,0
08NM139,2025-09-08,10.19,2.77777777777778e-4
08NM139,2025-09-09,9.48791666666667,0
08NM139,2025-09-10,8.76291666666667,0
08NM139,2025-09-11,8.47125,0
08NM139,2025-09-12,8.30833333333333,0
08NM139,2025-09-13,8.64,0
08NM139,2025-09-14,9.6475,0
08NM139,2025-09-15,9.545,0
08NM139,2025-09-16,8.34291666666667,0
08NM139,2025-09-17,8.325,0
08NM139,2025-09-18,8.20583333333333,0
08NM139,2025-09-19,6.63875,0
08NM139,2025-09-20,6.45333333333333,0
08NM139,2025-09-21,9.2225,0
08NM139,2025-09-22,4.78125,0
08NM139,2025-09-23,5.75875,0
08NM139,2025-09-24,7.00833333333333,0
08NM139,2025-09-25,5.47333333333333,0
08NM139,2025-09-26,4.68458333333333,0
08NM139,2025-09-27,7.5125,0
08NM139,2025-09-28,7.80625,0
08NM139,2025-09-29,8.10083333333333,0
08NM139,2025-09-30,8.5875,0
08NM139,2025-10-01,6.01375,0
08NM139,2025-10-02,6.4825,0
08NM139,2025-10-03,3.791,0
08NM139,2025-10-04,4.00916666666667,0
08NM139,2025-10-05,1.7785,0
08NM139,2025-10-06,4.01291666666667,0
08NM139,2025-10-07,4.135,0
08NM139,2025-10-08,4.44083333333333,0
08NM139,2025-10-09,3.35333333333333,0
08NM139,2025-10-10,4.22833333333333,0
08NM139,2025-10-11,3.62434782608696,0
08NM139,2025-10-12,1.34857142857143,0
08NM139,2025-10-13,0.0921428571428571,0
08NM139,2025-10-14,-0.242,0
08NM139,2025-10-15,-0.102142857142857,0
08NM139,2025-10-16,0.0104166666666667,0
08NM139,2025-10-17,0.0275,0
08NM139,2025-10-18,0.0679166666666667,0
08NM139,2025-10-19,0.13625,0
08NM139,2025-10-20,0.326666666666667,1.35416666666667e-4
08NM139,2025-10-21,0.324166666666667,0
08NM139,2025-10-22,0.329583333333333,0
08NM139,2025-10-23,0.74625,4.86111111111111e-5
08NM139,2025-10-24,1.76958333333333,7.11805555555556e-4
08NM139,2025-10-25,2.01666666666667,0.001
08NM139,2025-10-26,1.24541666666667,0.00226736111111111
08NM139,2025-10-27,0.63875,0.003
08NM139,2025-10-28,0.140416666666667,0.00227430555555556
08NM139,2025-10-29,0.12625,0.002
08NM139,2025-10-30,0.08,0.002
08NM139,2025-10-31,0.0716666666666667,0.002
08NM139,2025-11-01,0.204583333333333,0.00213888888888889
08NM139,2025-11-02,0.0720833333333333,0.003
08NM139,2025-11-03,0.0516666666666667,0.003
08NM139,2025-11-04,0.0104166666666667,0.00236805555555556
08NM139,2025-11-05,4.16666666666667e-4,0.002
08NM139,2025-11-06,0.0170833333333333,0.00350694444444444
08NM139,2025-11-07,0,0.00771875
08NM139,2025-11-08,-0.00208333333333333,0.00885069444444444
08NM139,2025-11-09,0.09875,0.00762152777777778
08NM139,2025-11-10,0.379166666666667,0.00673958333333333
08NM139,2025-11-11,0.629166666666667,0.006125
08NM139,2025-11-12,0.530833333333333,0.00594791666666667
08NM139,2025-11-13,1.07666666666667,0.00651672862453532
08NM139,2025-11-14,1.27916666666667,0.0109826388888889
08NM139,2025-11-15,0.716666666666667,0.014375
08NM139,2025-11-16,1.38916666666667,0.0147361111111111
08NM139,2025-11-17,2.23583333333333,0.0192916666666667
08NM139,2025-11-18,2.08333333333333,0.0347916666666667
08NM139,2025-11-19,0.90375,0.0380416666666667
08NM139,2025-11-20,0.817916666666667,0.0269618055555556
08NM139,2025-11-21,0.617916666666667,0.0206006944444444
08NM139,2025-11-22,0.690833333333333,0.0167430555555556
08NM139,2025-11-23,0.992916666666667,0.0156006944444444
08NM139,2025-11-24,0.525833333333333,0.0151979166666667
08NM139,2025-11-25,0.0025,0.0118368055555556
08NM139,2025-11-26,0.0129166666666667,0.0104166666666667
08NM139,2025-11-27,0.00625,0.00860416666666667
08NM139,2025-11-28,0,0.00893055555555555
08NM139,2025-11-29,0,0.00885416666666667
08NM139,2025-11-30,0,0.00978125
08NM139,2025-12-01,0,0.0101423611111111
08NM139,2025-12-02,0,0.0105902777777778
08NM139,2025-12-03,0,0.00867708333333333
08NM139,2025-12-04,0,0.0083125
08NM139,2025-12-05,0,0.00863541666666667
08NM139,2025-12-06,0,0.00872569444444444
08NM139,2025-12-07,0,0.00896180555555555
08NM139,2025-12-08,0,0.009
08NM139,2025-12-09,0,0.00951736111111111
08NM139,2025-12-10,0,0.01009375
08NM139,2025-12-11,-0.0025,0.0235347222222222
08NM139,2025-12-12,-0.00791666666666667,0.0335520833333333
08NM139,2025-12-13,-0.00166666666666667,0.0266388888888889
08NM139,2025-12-14,0,0.0219305555555556
08NM139,2025-12-15,0,0.0271701388888889
08NM139,2025-12-16,-0.00458333333333333,0.0626006944444445
08NM139,2025-12-17,-4.16666666666667e-4,0.060239852398524
08NM139,2025-12-18,-5.26315789473684e-4,0.0455243055555556
08NM139,2025-12-19,-0.01,0.0367604166666667
08NM139,2025-12-20,-0.00368421052631579,0.0308472222222222
08NM139,2025-12-21,0,0.0283611111111111
08NM139,2025-12-22,0,0.02359375
08NM139,2025-12-23,0,0.0210173611111111
08NM139,2025-12-24,0,0.0200069444444444
08NM139,2025-12-25,0,0.01971875
08NM139,2025-12-26,NA,0.0190208333333333
08NM139,2025-12-27,0.06,0.0178333333333333
08NM139,2025-12-28,NA,0.0147256944444444
08NM139,2025-12-29,NA,0.0134166666666667
08NM139,2025-12-30,NA,0.0134826388888889
08NM139,2025-12-31,NA,0.01478125
08NM139,2026-01-01,NA,0.0143611111111111
08NM139,2026-01-02,0,0.014
08NM139,2026-01-03,0,0.0140694444444444
08NM139,2026-01-04,0,0.0140659722222222
08NM139,2026-01-05,0,0.0142256944444444
08NM139,2026-01-06,0,0.01375
08NM139,2026-01-07,0,0.0129513888888889
08NM139,2026-01-08,0,0.0130694444444444
08NM139,2026-01-09,0,0.0122517482517483
08NM139,2026-01-10,0,0.012
08NM139,2026-01-11,0,0.012
08NM139,2026-01-12,0.034,0.0120625
08NM139,2026-01-13,0,0.0152326388888889
08NM139,2026-01-14,-0.00708333333333333,0.0243923611111111
08NM139,2026-01-15,-0.00125,0.0252534722222222
08NM139,2026-01-16,0,0.0225590277777778
08NM139,2026-01-17,0,0.0233784722222222
08NM139,2026-01-18,0,0.0300347222222222
08NM139,2026-01-19,0,0.0357430555555556
08NM139,2026-01-20,-0.00375,0.0427256944444444
08NM139,2026-01-21,-0.00625,0.0511458333333333
08NM139,2026-01-22,-0.00708333333333333,0.0562291666666667
08NM139,2026-01-23,-0.00625,0.0485625
08NM139,2026-01-24,-0.0075,0.0693125
08NM139,2026-01-25,-0.0075,0.0639548611111111
08NM139,2026-01-26,-0.00666666666666667,0.091875
08NM139,2026-01-27,-0.00666666666666667,0.066645833333333293
08NM139,2026-01-28,-0.00708333333333333,0.0274444444444444
08NM139,2026-01-29,-0.00833333333333333,0.0217222222222222
08NM139,2026-01-30,-0.00875,0.0162743055555556
08NM139,2026-01-31,-0.00416666666666667,0.0141284722222222
08NM139,2026-02-01,0,0.0143125
08NM139,2026-02-02,0,0.0146701388888889
08NM139,2026-02-03,0,0.0136319444444444
08NM139,2026-02-04,0,0.013
08NM139,2026-02-05,0,0.0134791666666667
08NM139,2026-02-06,0,0.0134930555555556
08NM139,2026-02-07,0,0.0131145833333333
08NM139,2026-02-08,0,0.013
08NM139,2026-02-09,0,0.0126701388888889
08NM139,2026-02-10,0,0.012
08NM139,2026-02-11,0,0.012
08NM139,2026-02-12,0,0.0111180555555556
08NM139,2026-02-13,0,0.011
08NM139,2026-02-14,0,0.011
08NM139,2026-02-15,-0.00458333333333333,0.011
08NM139,2026-02-16,-8.33333333333333e-4,0.011
08NM139,2026-02-17,0,0.011
08NM139,2026-02-18,-0.005,0.0101666666666667
08NM139,2026-02-19,-0.01,0.00941666666666667
08NM139,2026-02-20,-0.01,0.00749652777777778
08NM139,2026-02-21,-0.01,0.007
08NM139,2026-02-22,-0.01,0.00793402777777778
08NM139,2026-02-23,-0.01,0.00927083333333333
08NM139,2026-02-24,-0.01,0.01059375
08NM139,2026-02-25,-0.01,0.0102638888888889
08NM139,2026-02-26,-0.01,0.01
08NM139,2026-02-27,-0.01,0.01
08NM139,2026-02-28,-0.00791666666666667,0.01
08NM139,2026-03-01,-0.00666666666666667,0.01
08NM139,2026-03-02,-0.01,0.01
08NM139,2026-03-03,0,0.01
08NM139,2026-03-04,0,0.0100208333333333
08NM139,2026-03-05,0,0.0109965277777778
08NM139,2026-03-06,0,0.011
08NM139,2026-03-07,-0.00625,0.0151076388888889
08NM139,2026-03-08,-0.01,0.0832777777777778
08NM139,2026-03-09,-0.01,0.127319444444444
08NM139,2026-03-10,-0.01,0.061
08NM139,2026-03-11,-0.01,0.0460208333333333
08NM139,2026-03-12,-0.01,0.02990625
08NM139,2026-03-13,-0.01,0.0251770833333333
08NM139,2026-03-14,-0.01,0.0229548611111111
08NM139,2026-03-15,-0.00958333333333333,0.0212222222222222
08NM139,2026-03-16,0,0.0209930555555556
08NM139,2026-03-17,0,0.0212847222222222
08NM139,2026-03-18,-0.01,0.0458958333333333
08NM139,2026-03-19,-0.01,0.17671875
08NM139,2026-03-20,-0.01,0.5733125
08NM139,2026-03-21,-0.01,0.739079861111111
08NM139,2026-03-22,-0.01,0.743829861111111
08NM139,2026-03-23,-0.01,0.618138888888889
08NM139,2026-03-24,-0.01,0.329753472222222
08NM139,2026-03-25,-0.01,0.191177083333333
08NM139,2026-03-26,-0.01,0.143871527777778
08NM139,2026-03-27,-0.01,0.108875
08NM139,2026-03-28,-0.01,0.088625
08NM139,2026-03-29,-0.01,0.0785729166666667
08NM139,2026-03-30,-0.01,0.0695486111111111
08NM139,2026-03-31,-0.01,0.0655590277777778
08NM139,2026-04-01,-0.00958333333333333,0.0656770833333333
08NM139,2026-04-02,0,0.0594201388888889
08NM139,2026-04-03,0,0.0569166666666667
08NM139,2026-04-04,0,0.05715625
08NM139,2026-04-05,-0.0025,0.0689756944444444
08NM139,2026-04-06,-0.00625,0.1315625
08NM139,2026-04-07,-0.00708333333333333,0.171642361111111
08NM139,2026-04-08,-0.00375,0.153479166666667
08NM139,2026-04-09,0.0133333333333333,0.149569444444444
08NM139,2026-04-10,0.0133333333333333,0.173538194444444
08NM139,2026-04-11,-0.00291666666666667,0.227850694444444
08NM139,2026-04-12,-0.005,0.4118125
08NM139,2026-04-13,0.0279166666666667,0.612430555555556
08NM139,2026-04-14,0.100833333333333,0.694927083333333
08NM139,2026-04-15,0.15875,0.493711805555556
08NM139,2026-04-16,0.2075,0.364920138888889
08NM139,2026-04-17,0.405416666666667,0.309447916666667
08NM139,2026-04-18,0.5775,0.277673611111111
08NM139,2026-04-19,1.19375,0.297559027777778
08NM139,2026-04-20,1.55208333333333,0.398215277777778
08NM139,2026-04-21,1.72333333333333,0.552038194444444
08NM139,2026-04-22,2.1375,0.657628472222222
08NM139,2026-04-23,1.88333333333333,0.636881944444444
08NM139,2026-04-24,1.53791666666667,0.455607638888889
08NM139,2026-04-25,1.70625,0.376902777777778
08NM139,2026-04-26,1.91041666666667,0.338909722222222
08NM139,2026-04-27,2.19041666666667,0.309111111111111
08NM139,2026-04-28,3.10958333333333,0.303204861111111
08NM139,2026-04-29,3.04875,0.321149305555556
08NM139,2026-04-30,3.10125,0.326829861111111
08NM139,2026-05-01,3.98291666666667,0.3566875
08NM139,2026-05-02,3.91416666666667,0.374861111111111
08NM139,2026-05-03,4.49375,0.398809027777778
08NM139,2026-05-04,5.5175,0.436951388888889
08NM139,2026-05-05,5.54125,0.449097222222222
08NM139,2026-05-06,6.27958333333333,0.417538194444444
08NM139,2026-05-07,6.65166666666667,0.397673611111111
08NM139,2026-05-08,6.51416666666667,0.3455625
08NM139,2026-05-09,5.68,0.29809375
08NM139,2026-05-10,7.07791666666667,0.257899305555556
08NM139,2026-05-11,6.60458333333333,0.228149305555556
08NM139,2026-05-12,6.46,0.200107638888889
08NM139,2026-05-13,7.4275,0.189076388888889
08NM139,2026-05-14,5.61416666666667,0.444368055555556
08NM139,2026-05-15,5.58166666666667,0.2975625
08NM139,2026-05-16,4.46291666666667,0.225034722222222
08NM139,2026-05-17,4.96541666666667,0.199611111111111
08NM139,2026-05-18,5.90666666666667,0.186114583333333
08NM139,2026-05-19,6.10666666666667,0.165024305555556
08NM139,2026-05-20,6.28208333333333,0.153927083333333
08NM139,2026-05-21,7.02666666666667,0.13434375
08NM139,2026-05-22,6.88,0.123784722222222
08NM139,2026-05-23,7.66666666666667,0.128746527777778
08NM139,2026-05-24,8.72458333333333,0.110871527777778
08NM139,2026-05-25,9.79583333333333,0.0942152777777778
08NM139,2026-05-26,8.62541666666667,0.0852430555555556
08NM139,2026-05-27,8.38166666666667,0.0830520833333333
08NM139,2026-05-28,9.73958333333333,0.0774652777777778
08NM139,2026-05-29,12.1158333333333,0.0787256944444445
08NM139,2026-05-30,8.56791666666667,0.0981284722222222
08NM139,2026-05-31,8.21416666666667,0.0825104166666667
08NM139,2026-06-01,9.15333333333333,0.0653090277777778
08NM139,2026-06-02,8.25208333333333,0.0569791666666667
08NM139,2026-06-03,10.63,0.0508923611111111
08NM139,2026-06-04,9.73833333333333,0.0478958333333333
08NM139,2026-06-05,9.23291666666667,0.0431076388888889
08NM139,2026-06-06,8.17333333333333,0.0387326388888889
08NM139,2026-06-07,6.81041666666667,0.0413784722222222
08NM139,2026-06-08,7.10291666666667,0.0410138888888889
08NM139,2026-06-09,8.42916666666667,0.0393958333333333
08NM139,2026-06-10,7.70458333333333,0.0427361111111111
08NM139,2026-06-11,8.60541666666667,0.04265625
08NM139,2026-06-12,9.79916666666667,0.0370208333333333
08NM139,2026-06-13,9.45291666666667,0.0319895833333333
08NM139,2026-06-14,10.0229166666667,0.0275173611111111
08NM139,2026-06-15,11.9016666666667,0.0233472222222222
08NM139,2026-06-16,12.25,0.02028125
08NM139,2026-06-17,11.6770833333333,0.01778125
08NM139,2026-06-18,10.7979166666667,0.0154791666666667
08NM139,2026-06-19,10.5470833333333,0.0137326388888889
08NM139,2026-06-20,11.5341666666667,0.0111701388888889
08NM139,2026-06-21,10.5795833333333,0.00967361111111111
08NM139,2026-06-22,10.3541666666667,0.00837847222222222
08NM139,2026-06-23,10.6525,0.00736458333333333
08NM139,2026-06-24,11.2233333333333,0.00604861111111111
08NM139,2026-06-25,11.8816666666667,0.005
08NM139,2026-06-26,11.5833333333333,0.00413541666666667
08NM139,2026-06-27,10.2654166666667,0.004
08NM139,2026-06-28,10.1854166666667,0.004
08NM139,2026-06-29,11.1158333333333,0.00308680555555556
08NM139,2026-06-30,11.1639130434783,0.003
08NM139,2026-07-01,10.07,0.003
08NM139,2026-07-02,9.01041666666667,0.00252777777777778
08NM139,2026-07-03,9.17625,0.00295833333333333
08NM139,2026-07-04,10.2216666666667,0.003
08NM139,2026-07-05,9.84416666666667,0.00220833333333333
08NM139,2026-07-06,9.48416666666667,0.002
08NM139,2026-07-07,10.6775,0.00140701754385965
08NM139,2026-07-08,12.0925,0.001
08NM139,2026-07-09,11.8808333333333,0.001
08NM139,2026-07-10,11.8895833333333,9.13194444444444e-4
08NM139,2026-07-11,12.0275,0
08NM139,2026-07-12,10.9691666666667,0
08NM139,2026-07-13,10.22375,0
08NM139,2026-07-14,11.6525,0
08NM139,2026-07-15,13.1858333333333,0
08NM139,2026-07-16,14.325,0
08NM139,2026-07-17,15.5508333333333,0
08NM139,2026-07-18,14.1854166666667,0
08NM139,2026-07-19,11.9841666666667,0
08NM139,2026-07-20,12.5941666666667,0
08NM139,2026-07-21,13.0116666666667,0.0307708333333333
08NM139,2026-07-22,14.08875,0.0694097222222222
08NM139,2026-07-23,15.1304166666667,0.0683402777777778
08NM139,2026-07-24,15.2620833333333,0.0642569444444444
08NM139,2026-07-25,15.1829166666667,0.0648055555555556
08NM139,2026-07-26,13.9825,0.0603368055555556
08NM139,2026-07-27,13.7675,0.0527604166666667
08NM139,2026-07-28,13.2516666666667,0.0445833333333333
08NM139,2026-07-29,12.4529166666667,0.0343055555555556
08NM139,2026-07-30,11.9125,0.0248506944444444
08NM139,2026-07-31,12.22625,0.0186701388888889
08NM139,2026-08-01,12.5925,0.0141701388888889
08NM139,2026-08-02,13.2,0.0109479166666667
08NM139,2026-08-03,NA,0.00786458333333333
08NM139,2026-08-04,NA,0.00621180555555556
08NM139,2026-08-05,NA,0.00529166666666667
08NM139,2026-08-06,NA,0.00486458333333333
08NM139,2026-08-07,NA,0.00396527777777778
08NM139,2026-08-08,12.0595,0.003
08NM139,2026-08-09,11.3754166666667,0.00209722222222222
08NM139,2026-08-10,11.51125,0.00132638888888889
08NM139,2026-08-11,NA,0.001
08NM139,2026-08-12,11.5575,8.40277777777778e-4
08NM139,2026-08-13,NA,0
08NM139,2026-08-14,9.68333333333333,0
08NM139,2026-08-15,10.3947058823529,0
08NM139,2026-08-16,NA,0
08NM139,2026-08-19,12.12875,NA
08NM139,2026-08-20,12.48,NA
08NM139,2026-08-21,7.49,NA
08NM139,2026-08-23,10.6455,NA
08NM139,2026-08-24,13.8266666666667,NA
08NM139,2026-08-25,9.70625,NA
08NM139,2026-08-26,11.4320833333333,NA
08NM139,2026-08-27,11.7442857142857,NA
08NM143,2024-10-19,13.3142857142857,NA
08NM143,2024-10-20,14.1,NA
08NM143,2024-10-21,14.4,NA
08NM143,2024-10-22,14.5,NA
08NM143,2024-10-23,14.25,NA
08NM143,2024-10-24,13.6,NA
08NM143,2024-10-25,13.2,NA
08NM143,2024-10-26,13.5,NA
08NM143,2024-10-27,13.2,NA
08NM143,2024-10-28,12.8,NA
08NM143,2024-10-29,13.3,NA
08NM143,2024-10-30,11.95,NA
08NM143,2024-10-31,12.45,NA
08NM143,2024-11-01,11.8,NA
08NM143,2024-11-02,11.96,NA
08NM143,2024-11-03,11.9,NA
08NM143,2024-11-04,10.6833333333333,NA
08NM143,2024-11-05,11.4,NA
08NM143,2024-11-06,11.75,NA
08NM143,2024-11-07,10.85,NA
08NM143,2024-11-08,9.9,NA
08NM143,2024-11-09,10.7,NA
08NM143,2024-11-10,11,NA
08NM143,2024-11-11,10.5,NA
08NM143,2024-11-12,10.6166666666667,NA
08NM143,2024-11-13,10.15,NA
08NM143,2024-11-14,10.15,NA
08NM143,2024-11-15,10.2428571428571,NA
08NM143,2024-11-16,9.3,NA
08NM143,2024-11-17,9.2,NA
08NM143,2024-11-18,9.5,NA
08NM143,2024-11-19,8.9,NA
08NM143,2024-11-20,8.5,NA
08NM143,2024-11-21,9.3,NA
08NM143,2024-11-22,8.6,NA
08NM143,2024-11-23,8.7,NA
08NM143,2024-11-24,8.7,NA
08NM143,2024-11-25,8.02083333333333,NA
08NM143,2024-11-26,8.02916666666667,NA
08NM143,2024-11-27,7.90416666666667,NA
08NM143,2024-11-28,7.325,NA
08NM143,2024-11-29,6.73333333333333,NA
08NM143,2024-11-30,7.3,NA
08NM143,2024-12-01,7.7,NA
08NM143,2024-12-02,7.5,NA
08NM143,2024-12-03,6.3,NA
08NM143,2024-12-04,6.35,NA
08NM143,2024-12-05,6,NA
08NM143,2024-12-06,6.65,NA
08NM143,2024-12-07,6.5,NA
08NM143,2024-12-08,6.95,NA
08NM143,2024-12-09,7.2,NA
08NM143,2024-12-10,5.6,NA
08NM143,2024-12-11,5.95,NA
08NM143,2024-12-12,5.2,NA
08NM143,2024-12-13,5.95,NA
08NM143,2024-12-14,6.8,NA
08NM143,2024-12-15,6.05,NA
08NM143,2024-12-16,5.2,NA
08NM143,2024-12-17,5.4,NA
08NM143,2024-12-18,6.15,NA
08NM143,2024-12-19,5.75,NA
08NM143,2024-12-20,5.7,NA
08NM143,2024-12-21,5.45,NA
08NM143,2024-12-22,5.15,NA
08NM143,2024-12-23,5.48,NA
08NM143,2024-12-24,5.65,NA
08NM143,2024-12-25,5.05,NA
08NM143,2024-12-26,5.75,NA
08NM143,2024-12-27,5.45,NA
08NM143,2024-12-28,6,NA
08NM143,2024-12-29,5.3,NA
08NM143,2024-12-30,5.55,NA
08NM143,2024-12-31,5.5,NA
08NM143,2025-01-01,5.05,NA
08NM143,2025-01-02,4.35,NA
08NM143,2025-01-03,4.7,NA
08NM143,2025-01-04,4.9,NA
08NM143,2025-01-05,5.5,NA
08NM143,2025-01-06,5.4,NA
08NM143,2025-01-07,4.7,NA
08NM143,2025-01-08,4.9,NA
08NM143,2025-01-09,4.9,NA
08NM143,2025-01-10,4.25,NA
08NM143,2025-01-11,5.15,NA
08NM143,2025-01-12,5.2,NA
08NM143,2025-01-13,4.45,NA
08NM143,2025-01-14,4,NA
08NM143,2025-01-15,3.95,NA
08NM143,2025-01-16,4.35,NA
08NM143,2025-01-17,4.35,NA
08NM143,2025-01-18,4.7,NA
08NM143,2025-01-19,3.78,NA
08NM143,2025-01-20,3.75,NA
08NM143,2025-01-21,3.35,NA
08NM143,2025-01-22,3.35,NA
08NM143,2025-01-23,3.25,NA
08NM143,2025-01-24,4,NA
08NM143,2025-01-25,3.9,NA
08NM143,2025-01-26,4.125,NA
08NM143,2025-01-27,3.3,NA
08NM143,2025-01-28,2.79583333333333,NA
08NM143,2025-01-29,2.3875,NA
08NM143,2025-01-30,2.84166666666667,NA
08NM143,2025-01-31,3.20416666666667,NA
08NM143,2025-02-01,3.525,NA
08NM143,2025-02-02,3.3875,NA
08NM143,2025-02-03,3.38333333333333,NA
08NM143,2025-02-04,3.475,NA
08NM143,2025-02-05,3.85416666666667,NA
08NM143,2025-02-06,3.59583333333333,NA
08NM143,2025-02-07,3.05416666666667,NA
08NM143,2025-02-08,2.70833333333333,NA
08NM143,2025-02-09,2.4625,NA
08NM143,2025-02-10,2.43333333333333,NA
08NM143,2025-02-11,2.25,NA
08NM143,2025-02-12,2.40833333333333,NA
08NM143,2025-02-13,2.52608695652174,NA
08NM143,2025-02-14,2.475,NA
08NM143,2025-02-15,2.49166666666667,NA
08NM143,2025-02-16,2.4875,NA
08NM143,2025-02-17,2.34583333333333,NA
08NM143,2025-02-18,2.15833333333333,NA
08NM143,2025-02-19,2.1125,NA
08NM143,2025-02-20,2.13333333333333,NA
08NM143,2025-02-21,2.42083333333333,NA
08NM143,2025-02-22,2.64166666666667,NA
08NM143,2025-02-23,2.37916666666667,NA
08NM143,2025-02-24,2.4,NA
08NM143,2025-02-25,3.4375,NA
08NM143,2025-02-26,3.84583333333333,NA
08NM143,2025-02-27,4.125,NA
08NM143,2025-02-28,4.15,NA
08NM143,2025-03-01,4.8125,NA
08NM143,2025-03-02,4.92083333333333,NA
08NM143,2025-03-03,4.93333333333333,NA
08NM143,2025-03-04,4.89583333333333,NA
08NM143,2025-03-05,4.60416666666667,NA
08NM143,2025-03-06,5.04166666666667,NA
08NM143,2025-03-07,5.1,NA
08NM143,2025-03-08,5.00416666666667,NA
08NM143,2025-03-09,5.19583333333333,NA
08NM143,2025-03-10,4.72083333333333,NA
08NM143,2025-03-11,4.30416666666667,NA
08NM143,2025-03-12,4.45,NA
08NM143,2025-03-13,4.46666666666667,NA
08NM143,2025-03-14,4.74166666666667,NA
08NM143,2025-03-15,5,NA
08NM143,2025-03-16,4.54166666666667,NA
08NM143,2025-03-17,4.97083333333333,NA
08NM143,2025-03-18,4.85416666666667,NA
08NM143,2025-03-19,5.11666666666667,NA
08NM143,2025-03-20,5.25,NA
08NM143,2025-03-21,5.5,NA
08NM143,2025-03-22,5.39166666666667,NA
08NM143,2025-03-23,4.69166666666667,NA
08NM143,2025-03-24,4.5625,NA
08NM143,2025-03-25,5.4,NA
08NM143,2025-03-26,5.8125,NA
08NM143,2025-03-27,5.9875,NA
08NM143,2025-03-28,6.2875,NA
08NM143,2025-03-29,7.31666666666667,NA
08NM143,2025-03-30,6.6125,NA
08NM143,2025-03-31,6.34583333333333,NA
08NM143,2025-04-01,6.19166666666667,NA
08NM143,2025-04-02,6.55,NA
08NM143,2025-04-03,6.31666666666667,NA
08NM143,2025-04-04,6.50833333333333,NA
08NM143,2025-04-05,7.32916666666667,NA
08NM143,2025-04-06,7.55416666666667,NA
08NM143,2025-04-07,7.875,NA
08NM143,2025-04-08,8.39166666666667,NA
08NM143,2025-04-09,7.9875,NA
08NM143,2025-04-10,8.33333333333333,NA
08NM143,2025-04-11,7.78333333333333,NA
08NM143,2025-04-12,7.475,NA
08NM143,2025-04-13,7.6125,NA
08NM143,2025-04-14,8.25833333333333,NA
08NM143,2025-04-15,8.73333333333333,NA
08NM143,2025-04-16,7.725,NA
08NM143,2025-04-17,6.3875,NA
08NM143,2025-04-18,6.8125,NA
08NM143,2025-04-19,7.625,NA
08NM143,2025-04-20,7.60833333333333,NA
08NM143,2025-04-21,7.84583333333333,NA
08NM143,2025-04-22,7.8625,NA
08NM143,2025-04-23,8.9625,NA
08NM143,2025-04-24,9.54583333333333,NA
08NM143,2025-04-25,10.1083333333333,NA
08NM143,2025-04-26,11.320833333333301,NA
08NM143,2025-04-27,12.3041666666667,NA
08NM143,2025-04-28,11.8958333333333,NA
08NM143,2025-04-29,11.2166666666667,NA
08NM143,2025-04-30,11.2041666666667,NA
08NM143,2025-05-01,12.8583333333333,NA
08NM143,2025-05-02,13.175,NA
08NM143,2025-05-03,13.6666666666667,NA
08NM143,2025-05-04,12.6125,NA
08NM143,2025-05-05,11.9625,NA
08NM143,2025-05-06,12.0375,NA
08NM143,2025-05-07,13.4125,NA
08NM143,2025-05-08,13.1083333333333,NA
08NM143,2025-05-09,12.5208333333333,NA
08NM143,2025-05-10,13.1166666666667,NA
08NM143,2025-05-11,12.8125,NA
08NM143,2025-05-12,13.2875,NA
08NM143,2025-05-13,12.508333333333301,NA
08NM143,2025-05-14,13.1875,NA
08NM143,2025-05-15,12.6625,NA
08NM143,2025-05-16,13.4166666666667,NA
08NM143,2025-05-17,13.4291666666667,NA
08NM143,2025-05-18,13.258333333333301,NA
08NM143,2025-05-19,13.0458333333333,NA
08NM143,2025-05-20,13.508333333333301,NA
08NM143,2025-05-21,13.3375,NA
08NM143,2025-05-22,13.9375,NA
08NM143,2025-05-23,15.675,NA
08NM143,2025-05-24,15.9166666666667,NA
08NM143,2025-05-25,16.4625,NA
08NM143,2025-05-26,17.8958333333333,NA
08NM143,2025-05-27,16.5791666666667,NA
08NM143,2025-05-28,16.7375,NA
08NM143,2025-05-29,18.25,NA
08NM143,2025-05-30,17.6958333333333,NA
08NM143,2025-05-31,17.8083333333333,NA
08NM143,2025-06-01,17.4041666666667,NA
08NM143,2025-06-02,16.75,NA
08NM143,2025-06-03,16.6625,NA
08NM143,2025-06-04,17.2833333333333,NA
08NM143,2025-06-05,18.3375,NA
08NM143,2025-06-06,19.2,NA
08NM143,2025-06-07,19.0416666666667,NA
08NM143,2025-06-08,19.0583333333333,NA
08NM143,2025-06-09,20.2541666666667,NA
08NM143,2025-06-10,19.6416666666667,NA
08NM143,2025-06-11,19.9166666666667,NA
08NM143,2025-06-12,20.4166666666667,NA
08NM143,2025-06-13,20.075,NA
08NM143,2025-06-14,19.4833333333333,NA
08NM143,2025-06-15,19.5541666666667,NA
08NM143,2025-06-16,20.3708333333333,NA
08NM143,2025-06-17,20.5458333333333,NA
08NM143,2025-06-18,21.3916666666667,NA
08NM143,2025-06-19,20.9208333333333,NA
08NM143,2025-06-20,20.9333333333333,NA
08NM143,2025-06-21,19.7791666666667,NA
08NM143,2025-06-22,19.6916666666667,NA
08NM143,2025-06-23,19.6541666666667,NA
08NM143,2025-06-24,18.8791666666667,NA
08NM143,2025-06-25,19.4916666666667,NA
08NM143,2025-06-26,19.5458333333333,NA
08NM143,2025-06-27,19.5208333333333,NA
08NM143,2025-06-28,19.4208333333333,NA
08NM143,2025-06-29,19.8,NA
08NM143,2025-06-30,19.9916666666667,NA
08NM143,2025-07-01,21.0416666666667,NA
08NM143,2025-07-02,21.4708333333333,NA
08NM143,2025-07-03,21.15,NA
08NM143,2025-07-04,20.5791666666667,NA
08NM143,2025-07-05,20.85,NA
08NM143,2025-07-06,20.6875,NA
08NM143,2025-07-07,20.8666666666667,NA
08NM143,2025-07-08,21.8958333333333,NA
08NM143,2025-07-09,21.9125,NA
08NM143,2025-07-10,21.0291666666667,NA
08NM143,2025-07-11,21.2125,NA
08NM143,2025-07-12,22.3666666666667,NA
08NM143,2025-07-13,22,NA
08NM143,2025-07-14,21.7666666666667,NA
08NM143,2025-07-15,21.5166666666667,NA
08NM143,2025-07-16,21.6791666666667,NA
08NM143,2025-07-17,21.575,NA
08NM143,2025-07-18,21.9083333333333,NA
08NM143,2025-07-19,21.2458333333333,NA
08NM143,2025-07-20,21.5083333333333,NA
08NM143,2025-07-21,21.9791666666667,NA
08NM143,2025-07-22,21.7666666666667,NA
08NM143,2025-07-23,22.5125,NA
08NM143,2025-07-24,22.7625,NA
08NM143,2025-07-25,22.55,NA
08NM143,2025-07-26,22.025,NA
08NM143,2025-07-27,21.95,NA
08NM143,2025-07-28,22.1625,NA
08NM143,2025-07-29,22.7541666666667,NA
08NM143,2025-07-30,23.0625,NA
08NM143,2025-07-31,23.1375,NA
08NM143,2025-08-01,23.0125,NA
08NM143,2025-08-02,23.0583333333333,NA
08NM143,2025-08-03,23.1708333333333,NA
08NM143,2025-08-04,23.725,NA
08NM143,2025-08-05,23.6958333333333,NA
08NM143,2025-08-06,23.2333333333333,NA
08NM143,2025-08-07,22.6083333333333,NA
08NM143,2025-08-08,22.775,NA
08NM143,2025-08-09,23.15,NA
08NM143,2025-08-10,23.4708333333333,NA
08NM143,2025-08-11,23.9083333333333,NA
08NM143,2025-08-12,23.5875,NA
08NM143,2025-08-13,23.9625,NA
08NM143,2025-08-14,23.1666666666667,NA
08NM143,2025-08-15,23.2583333333333,NA
08NM143,2025-08-16,22.925,NA
08NM143,2025-08-17,22.8708333333333,NA
08NM143,2025-08-18,22.9458333333333,NA
08NM143,2025-08-19,22.9541666666667,NA
08NM143,2025-08-20,22.5166666666667,NA
08NM143,2025-08-21,23.0125,NA
08NM143,2025-08-22,22.35,NA
08NM143,2025-08-23,22.2208333333333,NA
08NM143,2025-08-24,22.3208333333333,NA
08NM143,2025-08-25,22.4958333333333,NA
08NM143,2025-08-26,22.3666666666667,NA
08NM143,2025-08-27,22.4666666666667,NA
08NM143,2025-08-28,22.5541666666667,NA
08NM143,2025-08-29,22.6541666666667,NA
08NM143,2025-08-30,22.7916666666667,NA
08NM143,2025-08-31,22.6541666666667,NA
08NM143,2025-09-01,22.6333333333333,NA
08NM143,2025-09-02,22.7666666666667,NA
08NM143,2025-09-03,23.0833333333333,NA
08NM143,2025-09-04,22.7833333333333,NA
08NM143,2025-09-05,22.2375,NA
08NM143,2025-09-06,22.3708333333333,NA
08NM143,2025-09-07,22.225,NA
08NM143,2025-09-08,22.1583333333333,NA
08NM143,2025-09-09,22.1416666666667,NA
08NM143,2025-09-10,21.8666666666667,NA
08NM143,2025-09-11,22.0875,NA
08NM143,2025-09-12,22.1125,NA
08NM143,2025-09-13,22.0916666666667,NA
08NM143,2025-09-14,22.0416666666667,NA
08NM143,2025-09-15,21.5916666666667,NA
08NM143,2025-09-16,21.7875,NA
08NM143,2025-09-17,21.9041666666667,NA
08NM143,2025-09-18,21.925,NA
08NM143,2025-09-19,21.4375,NA
08NM143,2025-09-20,21.3,NA
08NM143,2025-09-21,20.9375,NA
08NM143,2025-09-22,20.5,NA
08NM143,2025-09-23,20.4666666666667,NA
08NM143,2025-09-24,20.4083333333333,NA
08NM143,2025-09-25,20.1375,NA
08NM143,2025-09-26,19.375,NA
08NM143,2025-09-27,19.0125,NA
08NM143,2025-09-28,19.0208333333333,NA
08NM143,2025-09-29,19.1083333333333,NA
08NM143,2025-09-30,18.9333333333333,NA
08NM143,2025-10-01,18.4625,NA
08NM143,2025-10-02,18.4875,NA
08NM143,2025-10-03,18.3166666666667,NA
08NM143,2025-10-04,18.1,NA
08NM143,2025-10-05,17.7833333333333,NA
08NM143,2025-10-06,17.6583333333333,NA
08NM143,2025-10-07,17.4208333333333,NA
08NM143,2025-10-08,17.3666666666667,NA
08NM143,2025-10-09,17.0791666666667,NA
08NM143,2025-10-10,16.8708333333333,NA
08NM143,2025-10-11,16.3125,NA
08NM143,2025-10-12,15.825,NA
08NM143,2025-10-13,15.5875,NA
08NM143,2025-10-14,15.1791666666667,NA
08NM143,2025-10-15,14.6875,NA
08NM143,2025-10-16,14.4208333333333,NA
08NM143,2025-10-17,14.0666666666667,NA
08NM143,2025-10-18,13.7333333333333,NA
08NM143,2025-10-19,13.2666666666667,NA
08NM143,2025-10-20,13.4041666666667,NA
08NM143,2025-10-21,13.3416666666667,NA
08NM143,2025-10-22,13.2666666666667,NA
08NM143,2025-10-23,13.0125,NA
08NM143,2025-10-24,13.1208333333333,NA
08NM143,2025-10-25,12.5958333333333,NA
08NM143,2025-10-26,12.4875,NA
08NM143,2025-10-27,12.1125,NA
08NM143,2025-10-28,11.6166666666667,NA
08NM143,2025-10-29,11.7416666666667,NA
08NM143,2025-10-30,11.7291666666667,NA
08NM143,2025-10-31,11.1833333333333,NA
08NM143,2025-11-01,10.9916666666667,NA
08NM143,2025-11-02,10.8291666666667,NA
08NM143,2025-11-03,10.4541666666667,NA
08NM143,2025-11-04,10.4583333333333,NA
08NM143,2025-11-05,10.15,NA
08NM143,2025-11-06,10.075,NA
08NM143,2025-11-07,10.1208333333333,NA
08NM143,2025-11-08,9.72916666666667,NA
08NM143,2025-11-09,9.8125,NA
08NM143,2025-11-10,9.62083333333333,NA
08NM143,2025-11-11,9.55833333333333,NA
08NM143,2025-11-12,9.375,NA
08NM143,2025-11-13,9.30416666666667,NA
08NM143,2025-11-14,9.21666666666667,NA
08NM143,2025-11-15,9.15833333333333,NA
08NM143,2025-11-16,9.22083333333333,NA
08NM143,2025-11-17,9.29583333333333,NA
08NM143,2025-11-18,9.10416666666667,NA
08NM143,2025-11-19,8.84583333333333,NA
08NM143,2025-11-20,8.70833333333333,NA
08NM143,2025-11-21,8.2625,NA
08NM143,2025-11-22,8.17083333333333,NA
08NM143,2025-11-23,8.27916666666667,NA
08NM143,2025-11-24,8.30416666666667,NA
08NM143,2025-11-25,7.8,NA
08NM143,2025-11-26,7.71666666666667,NA
08NM143,2025-11-27,7.6,NA
08NM143,2025-11-28,7.54583333333333,NA
08NM143,2025-11-29,6.86666666666667,NA
08NM143,2025-11-30,6.85416666666667,NA
08NM143,2025-12-01,6.46666666666667,NA
08NM143,2025-12-02,6.4,NA
08NM143,2025-12-03,6.5,NA
08NM143,2025-12-04,6.34166666666667,NA
08NM143,2025-12-05,6.20416666666667,NA
08NM143,2025-12-06,6.21666666666667,NA
08NM143,2025-12-07,6.1625,NA
08NM143,2025-12-08,6.19166666666667,NA
08NM143,2025-12-09,6.36666666666667,NA
08NM143,2025-12-10,6.18333333333333,NA
08NM143,2025-12-11,6.27083333333333,NA
08NM143,2025-12-12,6.26666666666667,NA
08NM143,2025-12-13,5.92916666666667,NA
08NM143,2025-12-14,5.7125,NA
08NM143,2025-12-15,6.29166666666667,NA
08NM143,2025-12-16,6.27083333333333,NA
08NM143,2025-12-17,6.16666666666667,NA
08NM143,2025-12-18,5.79583333333333,NA
08NM143,2025-12-19,5.70833333333333,NA
08NM143,2025-12-20,5.65,NA
08NM143,2025-12-21,5.4875,NA
08NM143,2025-12-22,5.40416666666667,NA
08NM143,2025-12-23,5.13333333333333,NA
08NM143,2025-12-24,5.1125,NA
08NM143,2025-12-25,4.97083333333333,NA
08NM143,2025-12-26,4.8125,NA
08NM143,2025-12-27,4.58333333333333,NA
08NM143,2025-12-28,2.84583333333333,NA
08NM143,2025-12-29,3.67916666666667,NA
08NM143,2025-12-30,3.73333333333333,NA
08NM143,2025-12-31,3.1875,NA
08NM143,2026-01-01,3.63333333333333,NA
08NM143,2026-01-02,3.60416666666667,NA
08NM143,2026-01-03,3.90416666666667,NA
08NM143,2026-01-04,4.16666666666667,NA
08NM143,2026-01-05,4.1375,NA
08NM143,2026-01-06,3.95,NA
08NM143,2026-01-07,3.92916666666667,NA
08NM143,2026-01-08,3.69166666666667,NA
08NM143,2026-01-09,4.04166666666667,NA
08NM143,2026-01-10,3.87916666666667,NA
08NM143,2026-01-11,3.66666666666667,NA
08NM143,2026-01-12,3.8875,NA
08NM143,2026-01-13,4.24166666666667,NA
08NM143,2026-01-14,4.6875,NA
08NM143,2026-01-15,5.03333333333333,NA
08NM143,2026-01-16,4.28333333333333,NA
08NM143,2026-01-17,3.70416666666667,NA
08NM143,2026-01-18,3.5875,NA
08NM143,2026-01-19,3.50416666666667,NA
08NM143,2026-01-20,3.37916666666667,NA
08NM143,2026-01-21,3.66666666666667,NA
08NM143,2026-01-22,3.45,NA
08NM143,2026-01-23,3.5125,NA
08NM143,2026-01-24,3.58333333333333,NA
08NM143,2026-01-25,3.3125,NA
08NM143,2026-01-26,2.7625,NA
08NM143,2026-01-27,3.20833333333333,NA
08NM143,2026-01-28,3.29166666666667,NA
08NM143,2026-01-29,3.60833333333333,NA
08NM143,2026-01-30,3.91666666666667,NA
08NM143,2026-01-31,3.75416666666667,NA
08NM143,2026-02-01,4.05416666666667,NA
08NM143,2026-02-02,3.77916666666667,NA
08NM143,2026-02-03,4.02916666666667,NA
08NM143,2026-02-04,4.225,NA
08NM143,2026-02-05,3.83333333333333,NA
08NM143,2026-02-06,4.17916666666667,NA
08NM143,2026-02-07,4.2875,NA
08NM143,2026-02-08,4.125,NA
08NM143,2026-02-09,4.32916666666667,NA
08NM143,2026-02-10,4.35,NA
08NM143,2026-02-11,4.525,NA
08NM143,2026-02-12,4.5125,NA
08NM143,2026-02-13,4.39166666666667,NA
08NM143,2026-02-14,4.3375,NA
08NM143,2026-02-15,4.3875,NA
08NM143,2026-02-16,4.33333333333333,NA
08NM143,2026-02-17,4.15833333333333,NA
08NM143,2026-02-18,4.16666666666667,NA
08NM143,2026-02-19,3.77083333333333,NA
08NM143,2026-02-20,3.675,NA
08NM143,2026-02-21,3.5,NA
08NM143,2026-02-22,3.5,NA
08NM143,2026-02-23,3.8625,NA
08NM143,2026-02-24,4.19583333333333,NA
08NM143,2026-02-25,4.17083333333333,NA
08NM143,2026-02-26,4.03333333333333,NA
08NM143,2026-02-27,4.07916666666667,NA
08NM143,2026-02-28,4.3375,NA
08NM143,2026-03-01,4.59583333333333,NA
08NM143,2026-03-02,4.56666666666667,NA
08NM143,2026-03-03,4.38333333333333,NA
08NM143,2026-03-04,4.70833333333333,NA
08NM143,2026-03-05,5.03333333333333,NA
08NM143,2026-03-06,4.9,NA
08NM143,2026-03-07,5.34583333333333,NA
08NM143,2026-03-08,4.70416666666667,NA
08NM143,2026-03-09,4.5125,NA
08NM143,2026-03-10,4.5375,NA
08NM143,2026-03-11,4.30833333333333,NA
08NM143,2026-03-12,4.22083333333333,NA
08NM143,2026-03-13,4.225,NA
08NM143,2026-03-14,4.70416666666667,NA
08NM143,2026-03-15,3.97916666666667,NA
08NM143,2026-03-16,3.61666666666667,NA
08NM143,2026-03-17,4.30833333333333,NA
08NM143,2026-03-18,5.31666666666667,NA
08NM143,2026-03-19,5.47916666666667,NA
08NM143,2026-03-20,6.1875,NA
08NM143,2026-03-21,5.29166666666667,NA
08NM143,2026-03-22,4.8875,NA
08NM143,2026-03-23,5.04166666666667,NA
08NM143,2026-03-24,5.3625,NA
08NM143,2026-03-25,5.39166666666667,NA
08NM143,2026-03-26,5.06666666666667,NA
08NM143,2026-03-27,5.55833333333333,NA
08NM143,2026-03-28,5.6375,NA
08NM143,2026-03-29,5.31666666666667,NA
08NM143,2026-03-30,5.1375,NA
08NM143,2026-03-31,5.975,NA
08NM143,2026-04-01,5.85,NA
08NM143,2026-04-02,5.99166666666667,NA
08NM143,2026-04-03,5.80416666666667,NA
08NM143,2026-04-04,6.8875,NA
08NM143,2026-04-05,7.82083333333333,NA
08NM143,2026-04-06,7.90416666666667,NA
08NM143,2026-04-07,7.20833333333333,NA
08NM143,2026-04-08,6.6375,NA
08NM143,2026-04-09,6.95,NA
08NM143,2026-04-10,8.02083333333333,NA
08NM143,2026-04-11,8.2625,NA
08NM143,2026-04-12,8.1625,NA
08NM143,2026-04-13,8.23333333333333,NA
08NM143,2026-04-14,7.69583333333333,NA
08NM143,2026-04-15,7.7875,NA
08NM143,2026-04-16,7.53333333333333,NA
08NM143,2026-04-17,8.06666666666667,NA
08NM143,2026-04-18,8.95,NA
08NM143,2026-04-19,9.65,NA
08NM143,2026-04-20,9.84583333333333,NA
08NM143,2026-04-21,11.1666666666667,NA
08NM143,2026-04-22,7.37916666666667,NA
08NM143,2026-04-23,6.58333333333333,NA
08NM143,2026-04-24,5.82083333333333,NA
08NM143,2026-04-25,6.38333333333333,NA
08NM143,2026-04-26,6.95,NA
08NM143,2026-04-27,8.275,NA
08NM143,2026-04-28,9.35833333333333,NA
08NM143,2026-04-29,9.39583333333333,NA
08NM143,2026-04-30,11.0541666666667,NA
08NM143,2026-05-01,12.3875,NA
08NM143,2026-05-02,13,NA
08NM143,2026-05-03,12.4291666666667,NA
08NM143,2026-05-04,13.5875,NA
08NM143,2026-05-05,11.5958333333333,NA
08NM143,2026-05-06,12.4347826086957,NA
08NM143,2026-05-07,14.7375,NA
08NM143,2026-05-08,15.5041666666667,NA
08NM143,2026-05-09,14.4833333333333,NA
08NM143,2026-05-10,15.2416666666667,NA
08NM143,2026-05-11,15.2125,NA
08NM143,2026-05-12,14.6166666666667,NA
08NM143,2026-05-13,14.6208333333333,NA
08NM143,2026-05-14,13.2782608695652,NA
08NM143,2026-05-15,13.0833333333333,NA
08NM143,2026-05-16,12.95,NA
08NM143,2026-05-17,13.5958333333333,NA
08NM143,2026-05-18,14.4708333333333,NA
08NM143,2026-05-19,13.9125,NA
08NM143,2026-05-20,13.9916666666667,NA
08NM143,2026-05-21,14.2083333333333,NA
08NM143,2026-05-22,14.625,NA
08NM143,2026-05-23,15.5041666666667,NA
08NM143,2026-05-24,15.3791666666667,NA
08NM143,2026-05-25,16.4,NA
08NM143,2026-05-26,15.0695652173913,NA
08NM143,2026-05-27,15.8478260869565,NA
08NM143,2026-05-28,16.6208333333333,NA
08NM143,2026-05-29,18.3541666666667,NA
08NM143,2026-05-30,16.2416666666667,NA
08NM143,2026-05-31,16.2541666666667,NA
08NM143,2026-06-01,16.2,NA
08NM143,2026-06-02,14.7541666666667,NA
08NM143,2026-06-03,17.3625,NA
08NM143,2026-06-04,16.9875,NA
08NM143,2026-06-05,16.5416666666667,NA
08NM143,2026-06-06,16.5083333333333,NA
08NM143,2026-06-07,16.3041666666667,NA
08NM143,2026-06-08,16.3833333333333,NA
08NM143,2026-06-09,17.025,NA
08NM143,2026-06-10,16.3375,NA
08NM143,2026-06-11,16.7166666666667,NA
08NM143,2026-06-12,16.8041666666667,NA
08NM143,2026-06-13,16.7583333333333,NA
08NM143,2026-06-14,16.825,NA
08NM143,2026-06-15,17.2958333333333,NA
08NM143,2026-06-16,18.0375,NA
08NM143,2026-06-17,17.675,NA
08NM143,2026-06-18,18.3,NA
08NM143,2026-06-19,19.7125,NA
08NM143,2026-06-20,19.1875,NA
08NM143,2026-06-21,18.5916666666667,NA
08NM143,2026-06-22,18.3708333333333,NA
08NM143,2026-06-23,18.75,NA
08NM143,2026-06-24,19.6916666666667,NA
08NM143,2026-06-25,20.5,NA
08NM143,2026-06-26,20.1791666666667,NA
08NM143,2026-06-27,19.9583333333333,NA
08NM143,2026-06-28,19.675,NA
08NM143,2026-06-29,19.7958333333333,NA
08NM143,2026-06-30,20.1208333333333,NA
08NM143,2026-07-01,19.6583333333333,NA
08NM143,2026-07-02,19.675,NA
08NM143,2026-07-03,20.0625,NA
08NM143,2026-07-04,21.125,NA
08NM143,2026-07-05,20.525,NA
08NM143,2026-07-06,20.5,NA
08NM143,2026-07-07,20.9958333333333,NA
08NM143,2026-07-08,21.0583333333333,NA
08NM143,2026-07-09,21.3916666666667,NA
08NM143,2026-07-10,21.4333333333333,NA
08NM143,2026-07-11,21.0875,NA
08NM143,2026-07-12,21.2333333333333,NA
08NM143,2026-07-13,21.1291666666667,NA
08NM143,2026-07-14,21.25,NA
08NM143,2026-07-15,22.6375,NA
08NM143,2026-07-16,22.8916666666667,NA
08NM143,2026-07-17,21.975,NA
08NM143,2026-07-18,22.5958333333333,NA
08NM143,2026-07-19,22.3041666666667,NA
08NM143,2026-07-20,22.225,NA
08NM143,2026-07-21,23.125,NA
08NM143,2026-07-22,22.7,NA
08NM143,2026-07-23,22.0375,NA
08NM143,2026-07-24,22.4083333333333,NA
08NM143,2026-07-25,23.4291666666667,NA
08NM143,2026-07-26,23.0583333333333,NA
08NM143,2026-07-27,23.3458333333333,NA
08NM143,2026-07-28,23.6458333333333,NA
08NM143,2026-07-29,23.2541666666667,NA
08NM143,2026-07-30,23.4833333333333,NA
08NM143,2026-07-31,23.4958333333333,NA
08NM143,2026-08-01,23.9458333333333,NA
08NM143,2026-08-02,22.4666666666667,NA
08NM143,2026-08-03,22.3833333333333,NA
08NM143,2026-08-04,22.6166666666667,NA
08NM143,2026-08-05,23.1375,NA
08NM143,2026-08-06,22.9458333333333,NA
08NM143,2026-08-07,22.5916666666667,NA
08NM143,2026-08-08,23.0583333333333,NA
08NM143,2026-08-09,22.6625,NA
08NM143,2026-08-10,22.4166666666667,NA
08NM143,2026-08-11,23.0208333333333,NA
08NM143,2026-08-12,22.7916666666667,NA
08NM143,2026-08-13,22.7125,NA
08NM143,2026-08-14,22.4583333333333,NA
08NM143,2026-08-15,22.2375,NA
08NM143,2026-08-16,22.525,NA
08NM143,2026-08-17,22.3125,NA
08NM143,2026-08-18,22.6791666666667,NA
08NM143,2026-08-19,23,NA
08NM143,2026-08-20,22.575,NA
08NM143,2026-08-21,23.3583333333333,NA
08NM143,2026-08-22,23.5166666666667,NA
08NM143,2026-08-23,22.4916666666667,NA
08NM143,2026-08-24,22.3333333333333,NA
08NM143,2026-08-25,22.4875,NA
08NM143,2026-08-26,23.3083333333333,NA
08NM143,2026-08-27,22.8727272727273,NA
08NM146,2024-10-19,NA,0.00168269230769231
08NM146,2024-10-20,NA,0.002
08NM146,2024-10-21,NA,0.002
08NM146,2024-10-22,NA,0.002
08NM146,2024-10-23,NA,0.002
08NM146,2024-10-24,NA,0.001
08NM146,2024-10-25,NA,0.001
08NM146,2024-10-26,NA,0.001
08NM146,2024-10-27,NA,0.00405263157894737
08NM146,2024-10-28,NA,0.002
08NM146,2024-10-29,NA,0.002
08NM146,2024-10-30,NA,0.002
08NM146,2024-10-31,NA,0.002
08NM146,2024-11-01,NA,0.002
08NM146,2024-11-02,NA,0.002
08NM146,2024-11-03,NA,0.002
08NM146,2024-11-04,NA,0.002
08NM146,2024-11-05,NA,0.002
08NM146,2024-11-06,NA,0.001
08NM146,2024-11-07,NA,0.001
08NM146,2024-11-08,NA,0.001
08NM146,2024-11-09,NA,0.001
08NM146,2024-11-10,NA,0.001
08NM146,2024-11-11,NA,0.001
08NM146,2024-11-12,NA,0.001
08NM146,2024-11-13,NA,0.001
08NM146,2024-11-14,NA,0.001
08NM146,2024-11-15,NA,0.001
08NM146,2024-11-16,NA,0.001
08NM146,2024-11-17,NA,0.001
08NM146,2024-11-18,NA,0.001
08NM146,2024-11-19,NA,0.001
08NM146,2024-11-20,NA,0.001
08NM146,2024-11-21,NA,0.001
08NM146,2024-11-22,NA,0.001
08NM146,2024-11-23,NA,0.001
08NM146,2024-11-24,NA,0.001
08NM146,2024-11-25,NA,0.00111805555555556
08NM146,2024-11-26,NA,0.00100347222222222
08NM146,2024-11-27,NA,0.001
08NM146,2024-11-28,NA,0.001
08NM146,2024-11-29,NA,0.001
08NM146,2024-11-30,NA,0.001
08NM146,2024-12-01,NA,0.001
08NM146,2024-12-02,NA,0.0011
08NM146,2024-12-03,NA,0.001
08NM146,2024-12-04,NA,0.002
08NM146,2024-12-05,NA,0.002
08NM146,2024-12-06,NA,0.002
08NM146,2024-12-07,NA,0.003
08NM146,2024-12-08,NA,0.002
08NM146,2024-12-09,NA,0.001
08NM146,2024-12-10,NA,0.001
08NM146,2024-12-11,NA,0.001
08NM146,2024-12-12,NA,0.001
08NM146,2024-12-13,NA,0.002
08NM146,2024-12-14,NA,0.002
08NM146,2024-12-15,NA,0.002
08NM146,2024-12-16,NA,0.001
08NM146,2024-12-17,NA,0.00146875
08NM146,2024-12-18,NA,0.002
08NM146,2024-12-19,NA,0.002
08NM146,2024-12-20,NA,0.002
08NM146,2024-12-21,NA,0.002
08NM146,2024-12-22,NA,0.002
08NM146,2024-12-23,NA,0.002
08NM146,2024-12-24,NA,0.002
08NM146,2024-12-25,NA,0.002
08NM146,2024-12-26,NA,0.002
08NM146,2024-12-27,NA,0.002
08NM146,2024-12-28,NA,0.002
08NM146,2024-12-29,NA,0.002
08NM146,2024-12-30,NA,0.002
08NM146,2024-12-31,NA,0.002
08NM146,2025-01-01,NA,0.002
08NM146,2025-01-02,NA,0.002
08NM146,2025-01-03,NA,0.002
08NM146,2025-01-04,NA,0.002
08NM146,2025-01-05,NA,0.002
08NM146,2025-01-06,NA,0.002
08NM146,2025-01-07,NA,0.002
08NM146,2025-01-08,NA,0.002
08NM146,2025-01-09,NA,0.002
08NM146,2025-01-10,NA,0.002
08NM146,2025-01-11,NA,0.002
08NM146,2025-01-12,NA,0.002
08NM146,2025-01-13,NA,0.002
08NM146,2025-01-14,NA,0.002
08NM146,2025-01-15,NA,0.002
08NM146,2025-01-16,NA,0.002
08NM146,2025-01-17,NA,0.002
08NM146,2025-01-18,NA,0.001
08NM146,2025-01-19,NA,0.001
08NM146,2025-01-20,NA,0.001
08NM146,2025-01-21,NA,0.001
08NM146,2025-01-22,NA,0.001
08NM146,2025-01-23,NA,0.001
08NM146,2025-01-24,NA,0.001
08NM146,2025-01-25,NA,0.001
08NM146,2025-01-26,NA,0.001
08NM146,2025-01-27,NA,0.001
08NM146,2025-01-28,NA,0.001
08NM146,2025-01-29,NA,0.001
08NM146,2025-01-30,NA,0.001
08NM146,2025-01-31,NA,0.001
08NM146,2025-02-01,NA,0.001
08NM146,2025-02-02,NA,0.001
08NM146,2025-02-03,NA,0.001
08NM146,2025-02-04,NA,0.001
08NM146,2025-02-05,NA,0.001
08NM146,2025-02-06,NA,0.001
08NM146,2025-02-07,NA,0.001
08NM146,2025-02-08,NA,0.001
08NM146,2025-02-09,NA,0.001
08NM146,2025-02-10,NA,0.001
08NM146,2025-02-11,NA,0.001
08NM146,2025-02-12,NA,0.001
08NM146,2025-02-13,NA,0.001
08NM146,2025-02-14,NA,0.001
08NM146,2025-02-15,NA,0.001
08NM146,2025-02-16,NA,0.00136458333333333
08NM146,2025-02-17,NA,0.002
08NM146,2025-02-18,NA,0.002
08NM146,2025-02-19,NA,0.002
08NM146,2025-02-20,NA,0.002
08NM146,2025-02-21,NA,0.002
08NM146,2025-02-22,NA,0.002
08NM146,2025-02-23,NA,0.002
08NM146,2025-02-24,NA,0.002
08NM146,2025-02-25,NA,0.002
08NM146,2025-02-26,NA,0.002
08NM146,2025-02-27,NA,0.002
08NM146,2025-02-28,NA,0.002
08NM146,2025-03-01,NA,0.002
08NM146,2025-03-02,NA,0.002
08NM146,2025-03-03,NA,0.002
08NM146,2025-03-04,NA,0.002
08NM146,2025-03-05,NA,0.002
08NM146,2025-03-06,NA,0.002
08NM146,2025-03-07,NA,0.00140972222222222
08NM146,2025-03-08,NA,0.00153125
08NM146,2025-03-09,NA,0.002
08NM146,2025-03-10,NA,0.002
08NM146,2025-03-11,NA,0.002
08NM146,2025-03-12,NA,0.002
08NM146,2025-03-13,NA,0.002
08NM146,2025-03-14,NA,0.002
08NM146,2025-03-15,NA,0.002
08NM146,2025-03-16,NA,0.002
08NM146,2025-03-17,NA,0.002
08NM146,2025-03-18,NA,0.002
08NM146,2025-03-19,NA,0.002
08NM146,2025-03-20,NA,0.002
08NM146,2025-03-21,NA,0.00213888888888889
08NM146,2025-03-22,NA,0.003
08NM146,2025-03-23,NA,0.003
08NM146,2025-03-24,NA,0.00307638888888889
08NM146,2025-03-25,NA,0.00521527777777778
08NM146,2025-03-26,NA,0.00962152777777778
08NM146,2025-03-27,NA,0.0144236111111111
08NM146,2025-03-28,NA,0.0261840277777778
08NM146,2025-03-29,NA,0.0498333333333333
08NM146,2025-03-30,NA,0.07440625
08NM146,2025-03-31,NA,0.0832743055555556
08NM146,2025-04-01,NA,0.0922083333333333
08NM146,2025-04-02,NA,0.0947847222222222
08NM146,2025-04-03,NA,0.0916909090909091
08NM146,2025-04-04,NA,0.0868958333333333
08NM146,2025-04-05,NA,0.0898229166666667
08NM146,2025-04-06,NA,0.11109375
08NM146,2025-04-07,NA,0.289434027777778
08NM146,2025-04-08,NA,0.587163763066202
08NM146,2025-04-09,NA,0.514753472222222
08NM146,2025-04-10,NA,0.454784722222222
08NM146,2025-04-11,NA,0.484385416666667
08NM146,2025-04-12,NA,0.453315972222222
08NM146,2025-04-13,NA,0.343989583333333
08NM146,2025-04-14,NA,0.292628472222222
08NM146,2025-04-15,NA,0.299538732394366
08NM146,2025-04-16,NA,0.34928125
08NM146,2025-04-17,NA,0.297753472222222
08NM146,2025-04-18,NA,0.267357638888889
08NM146,2025-04-19,NA,0.327017361111111
08NM146,2025-04-20,NA,0.356993055555556
08NM146,2025-04-21,NA,0.326607638888889
08NM146,2025-04-22,NA,0.272048611111111
08NM146,2025-04-23,NA,0.240263888888889
08NM146,2025-04-24,NA,0.232534722222222
08NM146,2025-04-25,NA,0.244173611111111
08NM146,2025-04-26,NA,0.276899305555556
08NM146,2025-04-27,NA,0.298663194444444
08NM146,2025-04-28,NA,0.303913194444444
08NM146,2025-04-29,NA,0.368642361111111
08NM146,2025-04-30,NA,0.329496527777778
08NM146,2025-05-01,NA,0.29496875
08NM146,2025-05-02,NA,0.290649305555556
08NM146,2025-05-03,NA,0.310822916666667
08NM146,2025-05-04,NA,0.324003472222222
08NM146,2025-05-05,NA,0.26621875
08NM146,2025-05-06,NA,0.229767361111111
08NM146,2025-05-07,NA,0.213600694444444
08NM146,2025-05-08,NA,0.204944444444444
08NM146,2025-05-09,NA,0.181545138888889
08NM146,2025-05-10,NA,0.163534722222222
08NM146,2025-05-11,NA,0.152361111111111
08NM146,2025-05-12,NA,0.175545138888889
08NM146,2025-05-13,NA,0.221885416666667
08NM146,2025-05-14,NA,0.188506944444444
08NM146,2025-05-15,NA,0.171958333333333
08NM146,2025-05-16,NA,0.150381944444444
08NM146,2025-05-17,NA,0.137291666666667
08NM146,2025-05-18,NA,0.19
08NM146,2025-05-19,NA,0.15465625
08NM146,2025-05-20,NA,0.142184027777778
08NM146,2025-05-21,NA,0.126416666666667
08NM146,2025-05-22,NA,0.111527777777778
08NM146,2025-05-23,NA,0.0971458333333333
08NM146,2025-05-24,NA,0.0850173611111111
08NM146,2025-05-25,NA,0.0761666666666667
08NM146,2025-05-26,NA,0.0881597222222222
08NM146,2025-05-27,NA,0.0880243055555556
08NM146,2025-05-28,NA,0.0731354166666667
08NM146,2025-05-29,NA,0.0673958333333333
08NM146,2025-05-30,NA,0.09009375
08NM146,2025-05-31,NA,0.0719166666666667
08NM146,2025-06-01,NA,0.0621006944444444
08NM146,2025-06-02,NA,0.0545208333333333
08NM146,2025-06-03,NA,0.0486354166666667
08NM146,2025-06-04,NA,0.0438784722222222
08NM146,2025-06-05,NA,0.0394375
08NM146,2025-06-06,NA,0.0354826388888889
08NM146,2025-06-07,NA,0.0321701388888889
08NM146,2025-06-08,NA,0.0275694444444444
08NM146,2025-06-09,NA,0.0242673611111111
08NM146,2025-06-10,NA,0.0204722222222222
08NM146,2025-06-11,NA,0.0177881944444444
08NM146,2025-06-12,NA,0.0156180555555556
08NM146,2025-06-13,NA,0.0141388888888889
08NM146,2025-06-14,NA,0.0123854166666667
08NM146,2025-06-15,NA,0.0110243055555556
08NM146,2025-06-16,NA,0.0100451388888889
08NM146,2025-06-17,NA,0.00954513888888889
08NM146,2025-06-18,NA,0.009
08NM146,2025-06-19,NA,0.00919791666666667
08NM146,2025-06-20,NA,0.00810763888888889
08NM146,2025-06-21,NA,0.0149618055555556
08NM146,2025-06-22,NA,0.0132847222222222
08NM146,2025-06-23,NA,0.01090625
08NM146,2025-06-24,NA,0.00898611111111111
08NM146,2025-06-25,NA,0.008
08NM146,2025-06-26,NA,0.00721180555555556
08NM146,2025-06-27,NA,0.007
08NM146,2025-06-28,NA,0.007
08NM146,2025-06-29,NA,0.00600347222222222
08NM146,2025-06-30,NA,0.006
08NM146,2025-07-01,NA,0.00505555555555556
08NM146,2025-07-02,NA,0.005
08NM146,2025-07-03,NA,0.00403819444444444
08NM146,2025-07-04,NA,0.004
08NM146,2025-07-05,NA,0.00368055555555556
08NM146,2025-07-06,NA,0.00317013888888889
08NM146,2025-07-07,NA,0.003
08NM146,2025-07-08,NA,0.00300347222222222
08NM146,2025-07-09,NA,0.00331597222222222
08NM146,2025-07-10,NA,0.00435416666666667
08NM146,2025-07-11,NA,0.00301041666666667
08NM146,2025-07-12,NA,0.00299652777777778
08NM146,2025-07-13,NA,0.003
08NM146,2025-07-14,NA,0.00279861111111111
08NM146,2025-07-15,NA,0.003
08NM146,2025-07-16,NA,0.00286458333333333
08NM146,2025-07-17,NA,0.00200347222222222
08NM146,2025-07-18,NA,0.002
08NM146,2025-07-19,NA,0.002
08NM146,2025-07-20,NA,0.002
08NM146,2025-07-21,NA,0.00224305555555556
08NM146,2025-07-22,NA,0.0126898954703833
08NM146,2025-07-23,NA,0.00352083333333333
08NM146,2025-07-24,NA,0.002
08NM146,2025-07-25,NA,0.00105902777777778
08NM146,2025-07-26,NA,0.001
08NM146,2025-07-27,NA,0.001
08NM146,2025-07-28,NA,0.001
08NM146,2025-07-29,NA,0.001
08NM146,2025-07-30,NA,0.001
08NM146,2025-07-31,NA,0.001
08NM146,2025-08-01,NA,0.001
08NM146,2025-08-02,NA,0.001
08NM146,2025-08-03,NA,0.001
08NM146,2025-08-04,NA,0.001
08NM146,2025-08-05,NA,0.001
08NM146,2025-08-06,NA,9.75694444444445e-4
08NM146,2025-08-07,NA,8.75e-4
08NM146,2025-08-08,NA,0
08NM146,2025-08-09,NA,0
08NM146,2025-08-10,NA,2.5e-4
08NM146,2025-08-11,NA,7.70833333333333e-4
08NM146,2025-08-12,NA,0
08NM146,2025-08-13,NA,1.77083333333333e-4
08NM146,2025-08-14,NA,9.23611111111111e-4
08NM146,2025-08-15,NA,0.00104513888888889
08NM146,2025-08-16,NA,0.00154861111111111
08NM146,2025-08-17,NA,0.001
08NM146,2025-08-18,NA,0.001
08NM146,2025-08-19,NA,0.001
08NM146,2025-08-20,NA,0.001
08NM146,2025-08-21,NA,8.33333333333333e-4
08NM146,2025-08-22,NA,1.97916666666667e-4
08NM146,2025-08-23,NA,0
08NM146,2025-08-24,NA,0
08NM146,2025-08-25,NA,0
08NM146,2025-08-26,NA,0
08NM146,2025-08-27,NA,0
08NM146,2025-08-28,NA,0
08NM146,2025-08-29,NA,0
08NM146,2025-08-30,NA,0
08NM146,2025-08-31,NA,0
08NM146,2025-09-01,NA,0
08NM146,2025-09-02,NA,0
08NM146,2025-09-03,NA,0
08NM146,2025-09-04,NA,0
08NM146,2025-09-05,NA,0
08NM146,2025-09-06,NA,0
08NM146,2025-09-07,NA,0
08NM146,2025-09-08,NA,0
08NM146,2025-09-09,NA,0
08NM146,2025-09-10,NA,0
08NM146,2025-09-11,NA,0
08NM146,2025-09-12,NA,0
08NM146,2025-09-13,NA,0
08NM146,2025-09-14,NA,0
08NM146,2025-09-15,NA,0
08NM146,2025-09-16,NA,0
08NM146,2025-09-17,NA,0
08NM146,2025-09-18,NA,0
08NM146,2025-09-19,NA,0
08NM146,2025-09-20,NA,0
08NM146,2025-09-21,NA,0
08NM146,2025-09-22,NA,0
08NM146,2025-09-23,NA,0
08NM146,2025-09-24,NA,0
08NM146,2025-09-25,NA,0
08NM146,2025-09-26,NA,0
08NM146,2025-09-27,NA,0
08NM146,2025-09-28,NA,0
08NM146,2025-09-29,NA,0
08NM146,2025-09-30,NA,5.3125e-4
08NM146,2025-10-01,NA,0.001
08NM146,2025-10-02,NA,0.001
08NM146,2025-10-03,NA,0.001
08NM146,2025-10-04,NA,0.00103125
08NM146,2025-10-05,NA,0.001
08NM146,2025-10-06,NA,6.59722222222222e-4
08NM146,2025-10-07,NA,1.04166666666667e-5
08NM146,2025-10-08,NA,2.25694444444444e-4
08NM146,2025-10-09,NA,9.93055555555556e-4
08NM146,2025-10-10,NA,9.82638888888889e-4
08NM146,2025-10-11,NA,0.001
08NM146,2025-10-12,NA,0.001
08NM146,2025-10-13,NA,0.001
08NM146,2025-10-14,NA,9.46236559139785e-4
08NM146,2025-10-15,NA,9.75694444444445e-4
08NM146,2025-10-16,NA,0.001
08NM146,2025-10-17,NA,0.001
08NM146,2025-10-18,NA,0.001
08NM146,2025-10-19,NA,0.001
08NM146,2025-10-20,NA,0.001
08NM146,2025-10-21,NA,0.001
08NM146,2025-10-22,NA,0.001
08NM146,2025-10-23,NA,0.001
08NM146,2025-10-24,NA,0.001
08NM146,2025-10-25,NA,0.00245486111111111
08NM146,2025-10-26,NA,0.00115972222222222
08NM146,2025-10-27,NA,0.001
08NM146,2025-10-28,NA,0.001
08NM146,2025-10-29,NA,0.001
08NM146,2025-10-30,NA,0.001
08NM146,2025-10-31,NA,0.001
08NM146,2025-11-01,NA,0.001
08NM146,2025-11-02,NA,0.001
08NM146,2025-11-03,NA,0.001
08NM146,2025-11-04,NA,0.001
08NM146,2025-11-05,NA,0.001
08NM146,2025-11-06,NA,0.001
08NM146,2025-11-07,NA,0.001
08NM146,2025-11-08,NA,0.001
08NM146,2025-11-09,NA,0.001
08NM146,2025-11-10,NA,0.001
08NM146,2025-11-11,NA,0.001
08NM146,2025-11-12,NA,0.001
08NM146,2025-11-13,NA,0.001
08NM146,2025-11-14,NA,0.001
08NM146,2025-11-15,NA,0.001
08NM146,2025-11-16,NA,0.001
08NM146,2025-11-17,NA,0.001
08NM146,2025-11-18,NA,0.00346875
08NM146,2025-11-19,NA,0.00206944444444444
08NM146,2025-11-20,NA,0.002
08NM146,2025-11-21,NA,0.00134375
08NM146,2025-11-22,NA,0.001
08NM146,2025-11-23,NA,0.00103819444444444
08NM146,2025-11-24,NA,0.00119097222222222
08NM146,2025-11-25,NA,0.001
08NM146,2025-11-26,NA,0.001
08NM146,2025-11-27,NA,0.001
08NM146,2025-11-28,NA,0.001
08NM146,2025-11-29,NA,0.001
08NM146,2025-11-30,NA,0.001
08NM146,2025-12-01,NA,0.001
08NM146,2025-12-02,NA,0.001
08NM146,2025-12-03,NA,0.001
08NM146,2025-12-04,NA,0.001
08NM146,2025-12-05,NA,0.001
08NM146,2025-12-06,NA,0.001
08NM146,2025-12-07,NA,0.001
08NM146,2025-12-08,NA,0.001
08NM146,2025-12-09,NA,0.001
08NM146,2025-12-10,NA,0.001
08NM146,2025-12-11,NA,0.001
08NM146,2025-12-12,NA,0.001
08NM146,2025-12-13,NA,0.001
08NM146,2025-12-14,NA,0.001
08NM146,2025-12-15,NA,0.001
08NM146,2025-12-16,NA,0.001
08NM146,2025-12-17,NA,0.001
08NM146,2025-12-18,NA,0.001
08NM146,2025-12-19,NA,0.001
08NM146,2025-12-20,NA,0.001
08NM146,2025-12-21,NA,0.001
08NM146,2025-12-22,NA,0.001
08NM146,2025-12-23,NA,0.001
08NM146,2025-12-24,NA,0.001
08NM146,2025-12-25,NA,0.001
08NM146,2025-12-26,NA,0.001
08NM146,2025-12-27,NA,0.001
08NM146,2025-12-28,NA,1.14583333333333e-4
08NM146,2025-12-29,NA,3.33333333333333e-4
08NM146,2025-12-30,NA,0.001
08NM146,2025-12-31,NA,0.00180208333333333
08NM146,2026-01-01,NA,0.00219097222222222
08NM146,2026-01-02,NA,0.003
08NM146,2026-01-03,NA,0.00323263888888889
08NM146,2026-01-04,NA,0.004
08NM146,2026-01-05,NA,0.004
08NM146,2026-01-06,NA,0.0034375
08NM146,2026-01-07,NA,0.003
08NM146,2026-01-08,NA,0.003
08NM146,2026-01-09,NA,0.003
08NM146,2026-01-10,NA,0.003
08NM146,2026-01-11,NA,0.003
08NM146,2026-01-12,NA,0.003
08NM146,2026-01-13,NA,0.00363888888888889
08NM146,2026-01-14,NA,0.00387847222222222
08NM146,2026-01-15,NA,0.003
08NM146,2026-01-16,NA,0.00346875
08NM146,2026-01-17,NA,0.003
08NM146,2026-01-18,NA,0.003
08NM146,2026-01-19,NA,0.00847569444444444
08NM146,2026-01-20,NA,0.00545486111111111
08NM146,2026-01-21,NA,0.00339930555555556
08NM146,2026-01-22,NA,0.00445138888888889
08NM146,2026-01-23,NA,0.00471764705882353
08NM146,2026-01-29,NA,0.00270967741935484
08NM146,2026-01-30,NA,0.0038125
08NM146,2026-01-31,NA,0.00306944444444444
08NM146,2026-02-01,NA,0.003
08NM146,2026-02-02,NA,0.00202430555555556
08NM146,2026-02-03,NA,0.002
08NM146,2026-02-04,NA,0.002
08NM146,2026-02-05,NA,0.002
08NM146,2026-02-06,NA,0.002
08NM146,2026-02-07,NA,0.002
08NM146,2026-02-08,NA,0.002
08NM146,2026-02-09,NA,0.002
08NM146,2026-02-10,NA,0.002
08NM146,2026-02-11,NA,0.002
08NM146,2026-02-12,NA,0.002
08NM146,2026-02-13,NA,0.002
08NM146,2026-02-14,NA,0.002
08NM146,2026-02-15,NA,0.002
08NM146,2026-02-16,NA,0.002
08NM146,2026-02-17,NA,0.002
08NM146,2026-02-18,NA,0.002
08NM146,2026-02-19,NA,0.0010625
08NM146,2026-02-20,NA,0.001
08NM146,2026-02-21,NA,0.00177430555555556
08NM146,2026-02-22,NA,0.002
08NM146,2026-02-23,NA,0.002
08NM146,2026-02-24,NA,0.002
08NM146,2026-02-25,NA,0.00177430555555556
08NM146,2026-02-26,NA,0.00143055555555556
08NM146,2026-02-27,NA,0.002
08NM146,2026-02-28,NA,0.002
08NM146,2026-03-01,NA,0.00156944444444444
08NM146,2026-03-02,NA,0.00111458333333333
08NM146,2026-03-03,NA,0.00135069444444444
08NM146,2026-03-04,NA,0.002
08NM146,2026-03-05,NA,0.002
08NM146,2026-03-06,NA,0.002
08NM146,2026-03-07,NA,0.002875
08NM146,2026-03-08,NA,0.00750347222222222
08NM146,2026-03-09,NA,0.00913888888888889
08NM146,2026-03-10,NA,0.00834722222222222
08NM146,2026-03-11,NA,0.00845138888888889
08NM146,2026-03-12,NA,0.00748958333333333
08NM146,2026-03-13,NA,0.00655902777777778
08NM146,2026-03-14,NA,0.006
08NM146,2026-03-15,NA,0.00527777777777778
08NM146,2026-03-16,NA,0.00514236111111111
08NM146,2026-03-17,NA,0.00594791666666667
08NM146,2026-03-18,NA,0.0133993055555556
08NM146,2026-03-19,NA,0.0365104166666667
08NM146,2026-03-20,NA,0.113263888888889
08NM146,2026-03-21,NA,0.151246527777778
08NM146,2026-03-22,NA,0.0907714285714286
08NM146,2026-03-23,NA,0.0687735191637631
08NM146,2026-03-24,NA,0.0667447552447552
08NM146,2026-03-25,NA,0.0588715277777778
08NM146,2026-03-26,NA,0.0556805555555556
08NM146,2026-03-27,NA,0.0508923611111111
08NM146,2026-03-28,NA,0.0498923611111111
08NM146,2026-03-29,NA,0.0487048611111111
08NM146,2026-03-30,NA,0.0420520833333333
08NM146,2026-03-31,NA,0.0396770833333333
08NM146,2026-04-01,NA,0.0389270833333333
08NM146,2026-04-02,NA,0.0377916666666667
08NM146,2026-04-03,NA,0.0363020833333333
08NM146,2026-04-04,NA,0.0396666666666667
08NM146,2026-04-05,NA,0.0479618055555556
08NM146,2026-04-06,NA,0.0579548611111111
08NM146,2026-04-07,NA,0.0678125
08NM146,2026-04-08,NA,0.0595173611111111
08NM146,2026-04-09,NA,0.0544618055555556
08NM146,2026-04-10,NA,0.0530381944444444
08NM146,2026-04-11,NA,0.0576423611111111
08NM146,2026-04-12,NA,0.104770833333333
08NM146,2026-04-13,NA,0.129079861111111
08NM146,2026-04-14,NA,0.113100694444444
08NM146,2026-04-15,NA,0.100048611111111
08NM146,2026-04-16,NA,0.0862604166666667
08NM146,2026-04-17,NA,0.0781770833333333
08NM146,2026-04-18,NA,0.0722916666666667
08NM146,2026-04-19,NA,0.0690798611111111
08NM146,2026-04-20,NA,0.0692291666666667
08NM146,2026-04-21,NA,0.0717743055555556
08NM146,2026-04-22,NA,0.0736631944444444
08NM146,2026-04-23,NA,0.06821875
08NM146,2026-04-24,NA,0.0586180555555556
08NM146,2026-04-25,NA,0.0523993055555556
08NM146,2026-04-26,NA,0.0482083333333333
08NM146,2026-04-27,NA,0.0445104166666667
08NM146,2026-04-28,NA,0.0415833333333333
08NM146,2026-04-29,NA,0.0391736111111111
08NM146,2026-04-30,NA,0.03715625
08NM146,2026-05-01,NA,0.0351041666666667
08NM146,2026-05-02,NA,0.0324097222222222
08NM146,2026-05-03,NA,0.0293993055555556
08NM146,2026-05-04,NA,0.0262638888888889
08NM146,2026-05-05,NA,0.0226736111111111
08NM146,2026-05-06,NA,0.02025
08NM146,2026-05-07,NA,0.0177743055555556
08NM146,2026-05-08,NA,0.0155
08NM146,2026-05-09,NA,0.0142118055555556
08NM146,2026-05-10,NA,0.0129305555555556
08NM146,2026-05-11,NA,0.0116458333333333
08NM146,2026-05-12,NA,0.0103541666666667
08NM146,2026-05-13,NA,0.0119270833333333
08NM146,2026-05-14,NA,0.0338194444444444
08NM146,2026-05-15,NA,0.0286284722222222
08NM146,2026-05-16,NA,0.0225347222222222
08NM146,2026-05-17,NA,0.0193194444444444
08NM146,2026-05-18,NA,0.0172777777777778
08NM146,2026-05-19,NA,0.0147986111111111
08NM146,2026-05-20,NA,0.0140451388888889
08NM146,2026-05-21,NA,0.0119444444444444
08NM146,2026-05-22,NA,0.0102673611111111
08NM146,2026-05-23,NA,0.00923263888888889
08NM146,2026-05-24,NA,0.00898611111111111
08NM146,2026-05-25,NA,0.008
08NM146,2026-05-26,NA,0.00712152777777778
08NM146,2026-05-27,NA,0.007
08NM146,2026-05-28,NA,0.00659375
08NM146,2026-05-29,NA,0.00909027777777778
08NM146,2026-05-30,NA,0.00894097222222222
08NM146,2026-05-31,NA,0.00698611111111111
08NM146,2026-06-01,NA,0.00556597222222222
08NM146,2026-06-02,NA,0.005
08NM146,2026-06-03,NA,0.005
08NM146,2026-06-04,NA,0.00535763888888889
08NM146,2026-06-05,NA,0.00401388888888889
08NM146,2026-06-06,NA,0.004
08NM146,2026-06-07,NA,0.004
08NM146,2026-06-08,NA,0.004
08NM146,2026-06-09,NA,0.00474305555555556
08NM146,2026-06-10,NA,0.00529166666666667
08NM146,2026-06-11,NA,0.00483680555555556
08NM146,2026-06-12,NA,0.00488194444444444
08NM146,2026-06-13,NA,0.004
08NM146,2026-06-14,NA,0.00349305555555556
08NM146,2026-06-15,NA,0.00334375
08NM146,2026-06-16,NA,0.00345138888888889
08NM146,2026-06-17,NA,0.00288888888888889
08NM146,2026-06-18,NA,0.00259375
08NM146,2026-06-19,NA,0.00255902777777778
08NM146,2026-06-20,NA,0.003
08NM146,2026-06-21,NA,0.00217708333333333
08NM146,2026-06-22,NA,0.00257638888888889
08NM146,2026-06-23,NA,0.00212152777777778
08NM146,2026-06-24,NA,0.002
08NM146,2026-06-25,NA,0.002
08NM146,2026-06-26,NA,0.002
08NM146,2026-06-27,NA,0.00290972222222222
08NM146,2026-06-28,NA,0.00180902777777778
08NM146,2026-06-29,NA,0.00199652777777778
08NM146,2026-06-30,NA,0.00187108013937282
08NM146,2026-07-01,NA,0.00138194444444444
08NM146,2026-07-02,NA,0.001
08NM146,2026-07-03,NA,0.00144791666666667
08NM146,2026-07-04,NA,0.001
08NM146,2026-07-05,NA,0.001
08NM146,2026-07-06,NA,0.001
08NM146,2026-07-07,NA,0.001
08NM146,2026-07-08,NA,0.001
08NM146,2026-07-09,NA,0.001
08NM146,2026-07-10,NA,0.001
08NM146,2026-07-11,NA,0.001
08NM146,2026-07-12,NA,0.001
08NM146,2026-07-13,NA,0.001
08NM146,2026-07-14,NA,0.001
08NM146,2026-07-15,NA,0.001
08NM146,2026-07-16,NA,7.1875e-4
08NM146,2026-07-17,NA,0
08NM146,2026-07-18,NA,0
08NM146,2026-07-19,NA,0
08NM146,2026-07-20,NA,0
08NM146,2026-07-21,NA,0
08NM146,2026-07-22,NA,0
08NM146,2026-07-23,NA,0
08NM146,2026-07-24,NA,0
08NM146,2026-07-25,NA,0
08NM146,2026-07-26,NA,0
08NM146,2026-07-27,NA,0
08NM146,2026-07-28,NA,0
08NM146,2026-07-29,NA,0
08NM146,2026-07-30,NA,0
08NM146,2026-07-31,NA,3.47222222222222e-6
08NM146,2026-08-01,NA,8.02083333333333e-4
08NM146,2026-08-02,NA,5.68421052631579e-4
08NM146,2026-08-03,NA,8.75e-4
08NM146,2026-08-04,NA,3.40277777777778e-4
08NM146,2026-08-05,NA,9.72222222222222e-5
08NM146,2026-08-06,NA,5.9375e-4
08NM146,2026-08-07,NA,2.60416666666667e-4
08NM146,2026-08-08,NA,0
08NM146,2026-08-09,NA,0
08NM146,2026-08-10,NA,5.24305555555556e-4
08NM146,2026-08-11,NA,8.125e-4
08NM146,2026-08-12,NA,0.001
08NM146,2026-08-13,NA,0.001
08NM146,2026-08-14,NA,0.001
08NM146,2026-08-15,NA,4.65277777777778e-4
08NM146,2026-08-16,NA,1.875e-4
08NM146,2026-08-17,NA,9.23611111111111e-4
08NM146,2026-08-18,NA,0
08NM146,2026-08-19,NA,0
08NM146,2026-08-20,NA,6.59722222222222e-5
08NM146,2026-08-21,NA,0
08NM146,2026-08-22,NA,0
08NM146,2026-08-23,NA,1.38888888888889e-4
08NM146,2026-08-24,NA,9.47916666666667e-4
08NM146,2026-08-25,NA,0.001
08NM146,2026-08-26,NA,1.14583333333333e-4
08NM146,2026-08-27,NA,0
08NM158,2024-10-19,7.7625,0.452319587628866
08NM158,2024-10-20,10.75,0.47436
08NM158,2024-10-21,10.1,0.54216
08NM158,2024-10-22,7.55,0.4944
08NM158,2024-10-23,5.45,0.46604
08NM158,2024-10-24,5.04,0.42876
08NM158,2024-10-25,4.3,0.39904
08NM158,2024-10-26,7.05,0.37616
08NM158,2024-10-27,8.55,0.47036
08NM158,2024-10-28,7.9,0.48356
08NM158,2024-10-29,7,0.41784
08NM158,2024-10-30,5.36666666666667,0.387810810810811
08NM158,2024-10-31,6.85666666666667,0.359081081081081
08NM158,2024-11-01,5.3,0.376153846153846
08NM158,2024-11-02,6.28333333333333,0.407904109589041
08NM158,2024-11-03,5.4,0.395538461538462
08NM158,2024-11-04,5.02571428571429,0.395929411764706
08NM158,2024-11-05,4.25,0.40188
08NM158,2024-11-06,3.45,0.39256
08NM158,2024-11-07,3.55,0.41448
08NM158,2024-11-08,4.45,0.39532
08NM158,2024-11-09,4.55,0.39752
08NM158,2024-11-10,4.9,0.403428571428571
08NM158,2024-11-11,6.25,0.42848
08NM158,2024-11-12,5.50142857142857,0.426176470588235
08NM158,2024-11-13,5.836,0.426
08NM158,2024-11-14,6.4,0.42024
08NM158,2024-11-15,4.79714285714286,0.419164705882353
08NM158,2024-11-16,2.5,0.38116
08NM158,2024-11-17,3.25,0.3966
08NM158,2024-11-18,2.8,0.408384615384615
08NM158,2024-11-19,1.6,0.26328
08NM158,2024-11-20,2.2,0.5144
08NM158,2024-11-21,2.65,0.43856
08NM158,2024-11-22,3,0.42888
08NM158,2024-11-23,3.65,0.39992
08NM158,2024-11-24,3.5,0.3812
08NM158,2024-11-25,3.10625,0.407704861111111
08NM158,2024-11-26,2.45625,0.403076388888889
08NM158,2024-11-27,2.02416666666667,0.366569444444444
08NM158,2024-11-28,1.50833333333333,0.284711805555556
08NM158,2024-11-29,1.18416666666667,0.403677083333333
08NM158,2024-11-30,1.6,0.35224
08NM158,2024-12-01,1.6,0.37676
08NM158,2024-12-02,1.44,0.41728
08NM158,2024-12-03,1.3,0.36484
08NM158,2024-12-04,1.26666666666667,0.357756756756757
08NM158,2024-12-05,0.9,0.335810810810811
08NM158,2024-12-06,0.8,0.309125
08NM158,2024-12-07,1.05,0.36884
08NM158,2024-12-08,0.8,0.23412
08NM158,2024-12-09,-0.1,0.1314
08NM158,2024-12-10,-0.1,0.166837837837838
08NM158,2024-12-11,-0.1,0.201710526315789
08NM158,2024-12-12,-0.1,0.133783783783784
08NM158,2024-12-13,-0.1,0.220513513513514
08NM158,2024-12-14,2.1,0.356945945945946
08NM158,2024-12-15,0.7,0.293307692307692
08NM158,2024-12-16,-0.1,0.14948
08NM158,2024-12-17,-0.1,0.0955405405405405
08NM158,2024-12-18,1.24333333333333,0.219378378378378
08NM158,2024-12-19,0.366666666666667,0.292684210526316
08NM158,2024-12-20,1.15,0.31744
08NM158,2024-12-21,0.6,0.35996
08NM158,2024-12-22,1.65,0.38564
08NM158,2024-12-23,1.52,0.38758064516129
08NM158,2024-12-24,2.65,0.386846153846154
08NM158,2024-12-25,0.866666666666667,0.332837837837838
08NM158,2024-12-26,1.75666666666667,0.425675675675676
08NM158,2024-12-27,1.15,0.32125
08NM158,2024-12-28,2.13333333333333,0.262805555555556
08NM158,2024-12-29,1.26666666666667,0.405305555555556
08NM158,2024-12-30,2.03333333333333,0.324555555555556
08NM158,2024-12-31,1.13333333333333,0.294888888888889
08NM158,2025-01-01,1.26666666666667,0.29475
08NM158,2025-01-02,0.7,0.276555555555556
08NM158,2025-01-03,1.3,0.330384615384615
08NM158,2025-01-04,1.45,0.33
08NM158,2025-01-05,2,0.340538461538462
08NM158,2025-01-06,1.8,0.285208333333333
08NM158,2025-01-07,1.69,0.113111111111111
08NM158,2025-01-08,1.16666666666667,0.368527777777778
08NM158,2025-01-09,0.133333333333333,0.208388888888889
08NM158,2025-01-10,1.23333333333333,0.347222222222222
08NM158,2025-01-11,0.9,0.379805555555556
08NM158,2025-01-12,1.26666666666667,0.313805555555556
08NM158,2025-01-13,-0.1,0.204138888888889
08NM158,2025-01-14,-0.0333333333333333,0.0900277777777778
08NM158,2025-01-15,-0.0666666666666667,0.155805555555556
08NM158,2025-01-16,-0.0333333333333333,0.267083333333333
08NM158,2025-01-17,-0.1,0.262166666666667
08NM158,2025-01-18,-0.0666666666666667,0.288611111111111
08NM158,2025-01-19,-0.1,0.302361111111111
08NM158,2025-01-20,-0.0333333333333333,0.2805
08NM158,2025-01-21,-0.1,0.264514285714286
08NM158,2025-01-22,-0.1,0.254777777777778
08NM158,2025-01-23,-0.1,0.254
08NM158,2025-01-24,-0.1,0.254
08NM158,2025-01-25,-0.1,0.247888888888889
08NM158,2025-01-26,-0.1,0.242576271186441
08NM158,2025-01-27,-0.1,0.238083333333333
08NM158,2025-01-28,-0.1,0.225541666666667
08NM158,2025-01-29,-0.1,0.208458333333333
08NM158,2025-01-30,-0.1,0.200791666666667
08NM158,2025-01-31,-0.1,0.1855625
08NM158,2025-02-01,-0.1,0.171104166666667
08NM158,2025-02-02,-0.1,0.1629375
08NM158,2025-02-03,-0.1,0.153375
08NM158,2025-02-04,-0.1,0.136322916666667
08NM158,2025-02-05,-0.0958333333333333,0.13384375
08NM158,2025-02-06,-0.0991666666666667,0.133395833333333
08NM158,2025-02-07,-0.09875,0.128614583333333
08NM158,2025-02-08,-0.1,0.122708333333333
08NM158,2025-02-09,-0.1,0.116291666666667
08NM158,2025-02-10,-0.0991666666666667,0.110979166666667
08NM158,2025-02-11,-0.0958333333333333,0.1080625
08NM158,2025-02-12,-0.0970833333333333,0.107
08NM158,2025-02-13,-0.0991666666666667,0.107
08NM158,2025-02-14,-0.1,0.107729166666667
08NM158,2025-02-15,-0.1,0.110770833333333
08NM158,2025-02-16,-0.1,0.115510416666667
08NM158,2025-02-17,-0.1,0.121177083333333
08NM158,2025-02-18,-0.1,0.126520833333333
08NM158,2025-02-19,-0.1,0.134385416666667
08NM158,2025-02-20,-0.1,0.149760416666667
08NM158,2025-02-21,-0.1,0.179598591549296
08NM158,2025-02-22,-0.1,0.218947916666667
08NM158,2025-02-23,-0.1,0.246822916666667
08NM158,2025-02-24,-0.1,0.264461805555556
08NM158,2025-02-25,-0.1,0.268600694444444
08NM158,2025-02-26,-0.1,0.275663194444444
08NM158,2025-02-27,-0.1,0.284434027777778
08NM158,2025-02-28,-0.1,0.298881944444444
08NM158,2025-03-01,-0.0895833333333333,0.336569444444444
08NM158,2025-03-02,-0.0875,0.354354166666667
08NM158,2025-03-03,0.133333333333333,0.388975694444444
08NM158,2025-03-04,0.425,0.377732638888889
08NM158,2025-03-05,0.93875,0.356423611111111
08NM158,2025-03-06,0.918333333333333,0.354680555555556
08NM158,2025-03-07,0.804166666666667,0.341875
08NM158,2025-03-08,1.58708333333333,0.349243055555556
08NM158,2025-03-09,2.51041666666667,0.35075
08NM158,2025-03-10,2.07,0.354847222222222
08NM158,2025-03-11,1.24541666666667,0.330472222222222
08NM158,2025-03-12,2.09166666666667,0.341190972222222
08NM158,2025-03-13,2.61166666666667,0.402440972222222
08NM158,2025-03-14,1.82083333333333,0.382649305555556
08NM158,2025-03-15,1.68666666666667,0.370947916666667
08NM158,2025-03-16,1.98208333333333,0.349982638888889
08NM158,2025-03-17,2.3575,0.326909722222222
08NM158,2025-03-18,2.33416666666667,0.321114583333333
08NM158,2025-03-19,1.65416666666667,0.294878472222222
08NM158,2025-03-20,3.0875,0.331770833333333
08NM158,2025-03-21,4.1925,0.328875
08NM158,2025-03-22,4.48416666666667,0.334392361111111
08NM158,2025-03-23,4.45833333333333,0.335666666666667
08NM158,2025-03-24,5.20291666666667,0.342628472222222
08NM158,2025-03-25,6.29333333333333,0.373805555555556
08NM158,2025-03-26,6.49833333333333,0.432767361111111
08NM158,2025-03-27,6.81541666666667,0.489194444444444
08NM158,2025-03-28,7.56458333333333,0.603777777777778
08NM158,2025-03-29,6.86,0.721017361111111
08NM158,2025-03-30,5.7625,0.674451388888889
08NM158,2025-03-31,6.38583333333333,0.606427083333333
08NM158,2025-04-01,6.23166666666667,0.628472222222222
08NM158,2025-04-02,6.68666666666667,0.569604166666667
08NM158,2025-04-03,6.66791666666667,0.538732638888889
08NM158,2025-04-04,5.99083333333333,0.497298611111111
08NM158,2025-04-05,6.46708333333333,0.473892361111111
08NM158,2025-04-06,7.63333333333333,0.490774305555556
08NM158,2025-04-07,8.83458333333333,0.533909722222222
08NM158,2025-04-08,8.6125,0.783434027777778
08NM158,2025-04-09,7.71666666666667,0.895024305555556
08NM158,2025-04-10,7.0075,0.841225694444444
08NM158,2025-04-11,7.87125,0.83428125
08NM158,2025-04-12,7.83041666666667,0.954017361111111
08NM158,2025-04-13,6.38666666666667,0.958079861111111
08NM158,2025-04-14,6.8,0.905427083333333
08NM158,2025-04-15,7.92916666666667,0.987871527777778
08NM158,2025-04-16,8.84041666666667,1.22211805555556
08NM158,2025-04-17,6.90541666666667,1.31756944444444
08NM158,2025-04-18,7.11291666666667,1.29013888888889
08NM158,2025-04-19,9.15833333333333,1.59809027777778
08NM158,2025-04-20,8.21583333333333,2.06565972222222
08NM158,2025-04-21,6.94958333333333,1.83
08NM158,2025-04-22,5.95916666666667,1.71711805555556
08NM158,2025-04-23,6.2116666666666696,1.50111111111111
08NM158,2025-04-24,7.81041666666667,1.34743055555556
08NM158,2025-04-25,8.70958333333333,1.35979166666667
08NM158,2025-04-26,9.60416666666667,1.690625
08NM158,2025-04-27,10.0920833333333,2.0803125
08NM158,2025-04-28,9.29833333333333,2.24107638888889
08NM158,2025-04-29,8.32916666666667,2.26315972222222
08NM158,2025-04-30,8.90833333333333,2.21875
08NM158,2025-05-01,9.73875,2.14024305555556
08NM158,2025-05-02,10.7491666666667,2.25666666666667
08NM158,2025-05-03,11.4520833333333,2.48548611111111
08NM158,2025-05-04,8.43416666666667,2.62795138888889
08NM158,2025-05-05,7.61583333333333,2.16298611111111
08NM158,2025-05-06,9.57625,1.75986111111111
08NM158,2025-05-07,11.1616666666667,1.73326388888889
08NM158,2025-05-08,10.8083333333333,2.06138888888889
08NM158,2025-05-09,10.25,1.92996527777778
08NM158,2025-05-10,10.3629166666667,1.78826388888889
08NM158,2025-05-11,9.93125,1.72954861111111
08NM158,2025-05-12,10.52125,1.75972222222222
08NM158,2025-05-13,10.425,2.44020833333333
08NM158,2025-05-14,10.6045833333333,2.77892361111111
08NM158,2025-05-15,10.414583333333301,2.26645833333333
08NM158,2025-05-16,10.8925,1.97611111111111
08NM158,2025-05-17,10.6766666666667,1.86135416666667
08NM158,2025-05-18,9.50833333333333,2.94923611111111
08NM158,2025-05-19,8.69125,4.61961805555556
08NM158,2025-05-20,9.07875,4.6165625
08NM158,2025-05-21,9.74166666666667,4.47052083333333
08NM158,2025-05-22,10.7845833333333,3.6621875
08NM158,2025-05-23,11.5754166666667,3.18440972222222
08NM158,2025-05-24,12.2166666666667,2.81552083333333
08NM158,2025-05-25,13.7054166666667,2.42694444444444
08NM158,2025-05-26,14.76875,2.34993055555556
08NM158,2025-05-27,13.2708333333333,2.62892361111111
08NM158,2025-05-28,14.20875,2.56072916666667
08NM158,2025-05-29,15.9554166666667,2.20604166666667
08NM158,2025-05-30,13.8120833333333,2.36982638888889
08NM158,2025-05-31,15.4041666666667,2.02239583333333
08NM158,2025-06-01,14.3083333333333,1.94079861111111
08NM158,2025-06-02,13.2375,1.55760416666667
08NM158,2025-06-03,13.5733333333333,1.55447916666667
08NM158,2025-06-04,14.2970833333333,1.31118055555556
08NM158,2025-06-05,15.4375,1.17951388888889
08NM158,2025-06-06,17.2625,1.05820138888889
08NM158,2025-06-07,17.3433333333333,0.936288194444444
08NM158,2025-06-08,17.6995833333333,0.841618055555556
08NM158,2025-06-09,19.1704166666667,0.644416666666667
08NM158,2025-06-10,19.64375,0.718770833333333
08NM158,2025-06-11,19.4941666666667,0.595513888888889
08NM158,2025-06-12,19.0478260869565,0.627243055555556
08NM158,2025-06-13,17.9133333333333,0.601118055555556
08NM158,2025-06-14,18.2229166666667,0.680763888888889
08NM158,2025-06-15,17.79875,0.544180555555556
08NM158,2025-06-16,18.2979166666667,0.580756944444444
08NM158,2025-06-17,17.34625,0.463354166666667
08NM158,2025-06-18,18.28875,0.353027777777778
08NM158,2025-06-19,16.2852173913043,0.413833333333333
08NM158,2025-06-20,16.7366666666667,0.509430555555556
08NM158,2025-06-21,14.6683333333333,0.884190972222222
08NM158,2025-06-22,13.9520833333333,0.824371527777778
08NM158,2025-06-23,15.55,0.70359375
08NM158,2025-06-24,17.3179166666667,0.591170138888889
08NM158,2025-06-25,18.12625,0.554548611111111
08NM158,2025-06-26,17.7175,0.51396875
08NM158,2025-06-27,17.2083333333333,0.48046875
08NM158,2025-06-28,17.4145833333333,0.499392361111111
08NM158,2025-06-29,17.50125,0.549104166666667
08NM158,2025-06-30,19.5541666666667,0.460388888888889
08NM158,2025-07-01,21.1483333333333,0.489
08NM158,2025-07-02,21.4375,0.425697916666667
08NM158,2025-07-03,19.7258333333333,0.492486111111111
08NM158,2025-07-04,19.1575,0.485118055555556
08NM158,2025-07-05,19.6795833333333,0.405961805555556
08NM158,2025-07-06,19.4445833333333,0.491850694444444
08NM158,2025-07-07,19.80875,0.424434027777778
08NM158,2025-07-08,21.0441666666667,0.456934027777778
08NM158,2025-07-09,20.9695833333333,0.446618055555556
08NM158,2025-07-10,19.32625,0.439006944444444
08NM158,2025-07-11,18.1604166666667,0.540923611111111
08NM158,2025-07-12,20.8458333333333,0.373177083333333
08NM158,2025-07-13,22.535,0.364621527777778
08NM158,2025-07-14,22.625,0.381861111111111
08NM158,2025-07-15,20.6916666666667,0.511923611111111
08NM158,2025-07-16,20.2204166666667,0.624378472222222
08NM158,2025-07-17,20.18,0.474479166666667
08NM158,2025-07-18,19.5420833333333,0.370680555555556
08NM158,2025-07-19,18.2158333333333,0.493961805555556
08NM158,2025-07-20,18.5545833333333,0.537413194444444
08NM158,2025-07-21,19.58125,0.402482638888889
08NM158,2025-07-22,20.17625,0.53140625
08NM158,2025-07-23,20.1170833333333,0.856378472222222
08NM158,2025-07-24,20.4304166666667,0.491878472222222
08NM158,2025-07-25,20.87625,0.361447916666667
08NM158,2025-07-26,19.5179166666667,0.367017361111111
08NM158,2025-07-27,18.9991666666667,0.359770833333333
08NM158,2025-07-28,19.3395833333333,0.382791666666667
08NM158,2025-07-29,20.82875,0.360371527777778
08NM158,2025-07-30,21.5075,0.360684027777778
08NM158,2025-07-31,21.6679166666667,0.365694444444444
08NM158,2025-08-01,22.045,0.349621527777778
08NM158,2025-08-02,21.0166666666667,0.594534722222222
08NM158,2025-08-03,21.02,0.683649305555556
08NM158,2025-08-04,20.3766666666667,0.498166666666667
08NM158,2025-08-05,19.5358333333333,0.555572916666667
08NM158,2025-08-06,19.21375,0.374565972222222
08NM158,2025-08-07,18.7679166666667,0.524716845878136
08NM158,2025-08-08,18.2791666666667,0.462114391143911
08NM158,2025-08-09,19.1366666666667,0.319111111111111
08NM158,2025-08-10,21.18375,0.285013888888889
08NM158,2025-08-11,22.3191666666667,0.256158844765343
08NM158,2025-08-12,21.4208333333333,0.269909722222222
08NM158,2025-08-13,21.6229166666667,0.285102941176471
08NM158,2025-08-14,20.81375,0.25243956043956
08NM158,2025-08-15,19.925,0.329097472924188
08NM158,2025-08-16,19.2945833333333,0.5545
08NM158,2025-08-17,18.7970833333333,0.438399305555556
08NM158,2025-08-18,18.5591666666667,0.309981751824818
08NM158,2025-08-19,18.9858333333333,0.284186567164179
08NM158,2025-08-20,18.9758333333333,0.262076388888889
08NM158,2025-08-21,17.8229166666667,0.305211805555556
08NM158,2025-08-22,17.3170833333333,0.317871527777778
08NM158,2025-08-23,17.595,0.31515625
08NM158,2025-08-24,18.1195833333333,0.36346875
08NM158,2025-08-25,18.7654166666667,0.32334375
08NM158,2025-08-26,19.41,0.287673611111111
08NM158,2025-08-27,19.1745833333333,0.277653571428571
08NM158,2025-08-28,18.2870833333333,0.288652777777778
08NM158,2025-08-29,19.295,0.357961805555556
08NM158,2025-08-30,19.40125,0.308461805555556
08NM158,2025-08-31,18.9970833333333,0.391944444444444
08NM158,2025-09-01,18.5179166666667,0.326607638888889
08NM158,2025-09-02,18.9295454545455,0.295246527777778
08NM158,2025-09-03,NA,0.340850694444444
08NM158,2025-09-04,20.645,0.369340277777778
08NM158,2025-09-05,17.9558333333333,0.300857638888889
08NM158,2025-09-06,17.3770833333333,0.296170138888889
08NM158,2025-09-07,17.5520833333333,0.305395833333333
08NM158,2025-09-08,17.865,0.504274305555556
08NM158,2025-09-09,17.42375,0.567621527777778
08NM158,2025-09-10,17.4125,0.329041666666667
08NM158,2025-09-11,17.1779166666667,0.281042553191489
08NM158,2025-09-12,17.0579166666667,0.311451388888889
08NM158,2025-09-13,17.0970833333333,0.30740625
08NM158,2025-09-14,17.42875,0.307652777777778
08NM158,2025-09-15,16.9108333333333,0.404222222222222
08NM158,2025-09-16,16.6058333333333,0.469809027777778
08NM158,2025-09-17,16.57625,0.3555625
08NM158,2025-09-18,16.45,0.324423611111111
08NM158,2025-09-19,15.8595833333333,0.311555555555556
08NM158,2025-09-20,14.9625,0.308944444444444
08NM158,2025-09-21,15.51625,0.373055555555556
08NM158,2025-09-22,14.03,0.387875
08NM158,2025-09-23,13.2929166666667,0.420291666666667
08NM158,2025-09-24,13.2891666666667,0.380864583333333
08NM158,2025-09-25,13.2995833333333,0.326569444444444
08NM158,2025-09-26,12.115,0.304597222222222
08NM158,2025-09-27,12.4879166666667,0.306461805555556
08NM158,2025-09-28,12.8170833333333,0.313194444444444
08NM158,2025-09-29,12.9954166666667,0.316638888888889
08NM158,2025-09-30,14.008333333333301,0.340048611111111
08NM158,2025-10-01,13.5583333333333,0.365979166666667
08NM158,2025-10-02,12.99,0.490461805555556
08NM158,2025-10-03,11.5608333333333,0.300350694444444
08NM158,2025-10-04,11.35375,0.283263888888889
08NM158,2025-10-05,10.1179166666667,0.307295138888889
08NM158,2025-10-06,9.98958333333333,0.296770833333333
08NM158,2025-10-07,9.73041666666667,0.300628472222222
08NM158,2025-10-08,10.5929166666667,0.308611111111111
08NM158,2025-10-09,10.67,0.301479166666667
08NM158,2025-10-10,10.45,0.286395833333333
08NM158,2025-10-11,10.0404166666667,0.280152777777778
08NM158,2025-10-12,9.18458333333333,0.429972222222222
08NM158,2025-10-13,7.845,0.47653125
08NM158,2025-10-14,5.71041666666667,0.318416666666667
08NM158,2025-10-15,4.53083333333333,0.279024305555556
08NM158,2025-10-16,4.38333333333333,0.449493055555556
08NM158,2025-10-17,5.2425,0.3398125
08NM158,2025-10-18,5.11666666666667,0.257239583333333
08NM158,2025-10-19,6.4758333333333304,0.271253472222222
08NM158,2025-10-20,6.51416666666667,0.319927083333333
08NM158,2025-10-21,7.2875,0.318131944444444
08NM158,2025-10-22,6.14708333333333,0.280017361111111
08NM158,2025-10-23,6.375,0.270309027777778
08NM158,2025-10-24,7.76375,0.250121527777778
08NM158,2025-10-25,7.46708333333333,0.240159722222222
08NM158,2025-10-26,7.26666666666667,0.25303125
08NM158,2025-10-27,6.1125,0.251142361111111
08NM158,2025-10-28,4.6125,0.233180555555556
08NM158,2025-10-29,5.18666666666667,0.22525
08NM158,2025-10-30,4.38125,0.253229166666667
08NM158,2025-10-31,3.5125,0.243208333333333
08NM158,2025-11-01,5.145,0.235600694444444
08NM158,2025-11-02,4.12791666666667,0.261347222222222
08NM158,2025-11-03,3.96583333333333,0.291479166666667
08NM158,2025-11-04,3.60333333333333,0.276041666666667
08NM158,2025-11-05,3.59083333333333,0.256482638888889
08NM158,2025-11-06,4.99875,0.252427083333333
08NM158,2025-11-07,5.83625,0.261951388888889
08NM158,2025-11-08,4.22833333333333,0.26875
08NM158,2025-11-09,3.80791666666667,0.249152777777778
08NM158,2025-11-10,4.65125,0.2433125
08NM158,2025-11-11,4.53666666666667,0.246392361111111
08NM158,2025-11-12,4.42083333333333,0.258555555555556
08NM158,2025-11-13,5.24125,0.259065972222222
08NM158,2025-11-14,6.21666666666667,0.250527777777778
08NM158,2025-11-15,5.95416666666667,0.294649305555556
08NM158,2025-11-16,6.27541666666667,0.301201388888889
08NM158,2025-11-17,6.35833333333333,0.280996527777778
08NM158,2025-11-18,6.58541666666667,0.388267361111111
08NM158,2025-11-19,5.72833333333333,0.370319444444444
08NM158,2025-11-20,5.2825,0.319087108013937
08NM158,2025-11-21,4.16166666666667,0.287798611111111
08NM158,2025-11-22,4.64166666666667,0.269319444444444
08NM158,2025-11-23,5.1125,0.264736111111111
08NM158,2025-11-24,5.0554166666666696,0.274951388888889
08NM158,2025-11-25,3.4,0.276440972222222
08NM158,2025-11-26,3.50333333333333,0.245972222222222
08NM158,2025-11-27,3.49166666666667,0.266527777777778
08NM158,2025-11-28,2.40541666666667,0.320010416666667
08NM158,2025-11-29,0.654166666666667,0.224944444444444
08NM158,2025-11-30,0.566666666666667,0.098
08NM158,2025-12-01,1.20875,0.177138888888889
08NM158,2025-12-02,1.07708333333333,0.264996527777778
08NM158,2025-12-03,1.32083333333333,0.26053125
08NM158,2025-12-04,1.46458333333333,0.261763888888889
08NM158,2025-12-05,1.1625,0.250628472222222
08NM158,2025-12-06,1.08458333333333,0.247388888888889
08NM158,2025-12-07,1.32083333333333,0.247635416666667
08NM158,2025-12-08,2.45083333333333,0.246565972222222
08NM158,2025-12-09,3.34166666666667,0.254017361111111
08NM158,2025-12-10,3.2375,0.317065972222222
08NM158,2025-12-11,3.26875,0.368055555555556
08NM158,2025-12-12,3.28166666666667,0.61509375
08NM158,2025-12-13,3.48333333333333,0.503586805555556
08NM158,2025-12-14,3.47833333333333,0.449055555555556
08NM158,2025-12-15,4.55958333333333,0.425555555555556
08NM158,2025-12-16,4.12083333333333,0.518625
08NM158,2025-12-17,3.73958333333333,0.702083333333333
08NM158,2025-12-18,2.83541666666667,0.618659722222222
08NM158,2025-12-19,1.97916666666667,0.521739583333333
08NM158,2025-12-20,0.574166666666667,0.295225694444444
08NM158,2025-12-21,0.88875,0.155527777777778
08NM158,2025-12-22,1.0625,0.27665625
08NM158,2025-12-23,0.648333333333333,0.301583333333333
08NM158,2025-12-24,0.759166666666667,0.296909722222222
08NM158,2025-12-25,0.857083333333333,0.348482638888889
08NM158,2025-12-26,1.295,0.374378472222222
08NM158,2025-12-27,0.25,0.345173611111111
08NM158,2025-12-28,-0.1,0.335086805555556
08NM158,2025-12-29,-0.1,0.3368125
08NM158,2025-12-30,-0.1,0.33765625
08NM158,2025-12-31,-0.1,0.328625
08NM158,2026-01-01,-0.1,0.31825
08NM158,2026-01-02,-0.1,0.31703125
08NM158,2026-01-03,-0.1,0.317059027777778
08NM158,2026-01-04,-0.1,0.320125
08NM158,2026-01-05,-0.09875,0.313034722222222
08NM158,2026-01-06,0.208333333333333,0.295788194444444
08NM158,2026-01-07,0.2,0.271670138888889
08NM158,2026-01-08,0.07625,0.274815972222222
08NM158,2026-01-09,0.133333333333333,0.240878472222222
08NM158,2026-01-10,0.645833333333333,0.2790625
08NM158,2026-01-11,1.15583333333333,0.274006944444444
08NM158,2026-01-12,1.86916666666667,0.278895833333333
08NM158,2026-01-13,2.09458333333333,0.288704861111111
08NM158,2026-01-14,1.07083333333333,0.32959375
08NM158,2026-01-15,0.792083333333333,0.455913194444444
08NM158,2026-01-16,0.0125,0.377472222222222
08NM158,2026-01-17,-0.1,0.298555555555556
08NM158,2026-01-18,-0.00166666666666667,0.325104166666667
08NM158,2026-01-19,0.438333333333333,0.338361111111111
08NM158,2026-01-20,0.23125,0.341336805555556
08NM158,2026-01-21,0.157826086956522,0.322526132404181
08NM158,2026-01-22,0.322916666666667,0.291628472222222
08NM158,2026-01-23,0.0625,0.284951388888889
08NM158,2026-01-24,-0.1,0.289586805555556
08NM158,2026-01-25,-0.1,0.308420138888889
08NM158,2026-01-26,-0.1,0.311121527777778
08NM158,2026-01-27,-0.1,0.315722222222222
08NM158,2026-01-28,-0.1,0.314315972222222
08NM158,2026-01-29,-0.1,0.308277777777778
08NM158,2026-01-30,-0.0875,0.302100694444444
08NM158,2026-01-31,0.270833333333333,0.324371527777778
08NM158,2026-02-01,1.26125,0.348309027777778
08NM158,2026-02-02,1.43958333333333,0.326263888888889
08NM158,2026-02-03,2.20541666666667,0.291611111111111
08NM158,2026-02-04,2.83333333333333,0.287958333333333
08NM158,2026-02-05,2.8025,0.29364236111111103
08NM158,2026-02-06,2.99583333333333,0.308430555555556
08NM158,2026-02-07,2.84208333333333,0.3088125
08NM158,2026-02-08,2.4425,0.302694444444444
08NM158,2026-02-09,1.05333333333333,0.262236111111111
08NM158,2026-02-10,1.59208333333333,0.272322916666667
08NM158,2026-02-11,1.32875,0.280079861111111
08NM158,2026-02-12,0.795833333333333,0.231972222222222
08NM158,2026-02-13,1.65875,0.281711805555556
08NM158,2026-02-14,2.38208333333333,0.320295138888889
08NM158,2026-02-15,0.998333333333333,0.249697916666667
08NM158,2026-02-16,0.770833333333333,0.193815972222222
08NM158,2026-02-17,1.06375,0.359340277777778
08NM158,2026-02-18,0.661666666666667,0.337840277777778
08NM158,2026-02-19,-0.0375,0.305423611111111
08NM158,2026-02-20,-0.0720833333333333,0.29403125
08NM158,2026-02-21,-0.0958333333333333,0.29609375
08NM158,2026-02-22,-0.1,0.292447916666667
08NM158,2026-02-23,-0.00416666666666667,0.281177083333333
08NM158,2026-02-24,0.116666666666667,0.266628472222222
08NM158,2026-02-25,0.182083333333333,0.253534722222222
08NM158,2026-02-26,0.82625,0.293402777777778
08NM158,2026-02-27,2.58,0.295201388888889
08NM158,2026-02-28,2.82,0.301628472222222
08NM158,2026-03-01,1.85541666666667,0.266416666666667
08NM158,2026-03-02,1.49708333333333,0.245368055555556
08NM158,2026-03-03,1.90416666666667,0.301479166666667
08NM158,2026-03-04,2.83791666666667,0.308670138888889
08NM158,2026-03-05,2.97,0.313121527777778
08NM158,2026-03-06,3.59916666666667,0.329475694444444
08NM158,2026-03-07,4.69916666666667,0.340399305555556
08NM158,2026-03-08,5.315,0.4639375
08NM158,2026-03-09,3.84583333333333,0.615788194444444
08NM158,2026-03-10,2.6125,0.529288194444444
08NM158,2026-03-11,2.09208333333333,0.439815972222222
08NM158,2026-03-12,3.08166666666667,0.465180555555556
08NM158,2026-03-13,2.96291666666667,0.437763888888889
08NM158,2026-03-14,2.9325,0.398239583333333
08NM158,2026-03-15,1.70541666666667,0.350541666666667
08NM158,2026-03-16,2.7925,0.339315972222222
08NM158,2026-03-17,4.13041666666667,0.418302083333333
08NM158,2026-03-18,6.51458333333333,0.418239583333333
08NM158,2026-03-19,7.89708333333333,0.824864583333333
08NM158,2026-03-20,7.61041666666667,1.5675
08NM158,2026-03-21,6.26541666666667,1.97708333333333
08NM158,2026-03-22,3.88083333333333,1.71239583333333
08NM158,2026-03-23,3.66166666666667,1.42559027777778
08NM158,2026-03-24,4.31083333333333,1.30763888888889
08NM158,2026-03-25,4.67083333333333,1.28552083333333
08NM158,2026-03-26,3.92916666666667,1.21881944444444
08NM158,2026-03-27,3.6575,1.12225694444444
08NM158,2026-03-28,4.26166666666667,1.10024305555556
08NM158,2026-03-29,4.33333333333333,1.09027777777778
08NM158,2026-03-30,3.92791666666667,1.0425
08NM158,2026-03-31,3.18875,0.950805555555556
08NM158,2026-04-01,3.465,1.00058333333333
08NM158,2026-04-02,4.30958333333333,0.990527777777778
08NM158,2026-04-03,5.4758333333333304,0.961215277777778
08NM158,2026-04-04,6.68125,0.941236111111111
08NM158,2026-04-05,7.43958333333333,0.980920138888889
08NM158,2026-04-06,7.8820833333333304,1.14322916666667
08NM158,2026-04-07,7.72083333333333,1.44006944444444
08NM158,2026-04-08,6.51333333333333,1.57048611111111
08NM158,2026-04-09,6.14,1.47489583333333
08NM158,2026-04-10,6.58458333333333,1.50444444444444
08NM158,2026-04-11,7.9025,1.69267361111111
08NM158,2026-04-12,8.5475,2.50659722222222
08NM158,2026-04-13,7.25291666666667,3.66204861111111
08NM158,2026-04-14,7.28291666666667,3.36732638888889
08NM158,2026-04-15,5.8625,2.9140625
08NM158,2026-04-16,4.59083333333333,2.39493055555556
08NM158,2026-04-17,5.13666666666667,2.12125
08NM158,2026-04-18,5.70416666666667,1.94951388888889
08NM158,2026-04-19,6.95,1.90309027777778
08NM158,2026-04-20,8.4475,2.02746527777778
08NM158,2026-04-21,9.19375,2.30954861111111
08NM158,2026-04-22,9.50416666666667,3.94475694444444
08NM158,2026-04-23,8.375,7.4715625
08NM158,2026-04-24,6.8675,6.64947916666667
08NM158,2026-04-25,6.39833333333333,5.78322916666667
08NM158,2026-04-26,6.4975,5.75701388888889
08NM158,2026-04-27,7.06041666666667,5.31711805555556
08NM158,2026-04-28,7.9925,4.93795138888889
08NM158,2026-04-29,9.19333333333333,4.76614583333333
08NM158,2026-04-30,9.4275,5.20100694444444
08NM158,2026-05-01,9.955,5.27649305555556
08NM158,2026-05-02,10.4191666666667,5.93430555555556
08NM158,2026-05-03,10.9720833333333,6.3525
08NM158,2026-05-04,11.8675,6.80045138888889
08NM158,2026-05-05,12.0520833333333,7.00819444444444
08NM158,2026-05-06,12.3754166666667,6.71930555555556
08NM158,2026-05-07,12.7133333333333,6.62909722222222
08NM158,2026-05-08,12.5566666666667,6.01572916666667
08NM158,2026-05-09,11.38875,5.36131944444444
08NM158,2026-05-10,12.3670833333333,4.73659722222222
08NM158,2026-05-11,11.9983333333333,4.31572916666667
08NM158,2026-05-12,12.3941666666667,3.88399305555556
08NM158,2026-05-13,12.6383333333333,3.5565625
08NM158,2026-05-14,10.425,6.05565972222222
08NM158,2026-05-15,10.2441666666667,5.95885416666667
08NM158,2026-05-16,8.96166666666667,4.83378472222222
08NM158,2026-05-17,9.45375,4.27746527777778
08NM158,2026-05-18,10.23875,4.01892361111111
08NM158,2026-05-19,10.4633333333333,3.62440972222222
08NM158,2026-05-20,11.4554166666667,3.09645833333333
08NM158,2026-05-21,11.9020833333333,2.61861111111111
08NM158,2026-05-22,12.175,2.37520833333333
08NM158,2026-05-23,13.6116666666667,2.16409722222222
08NM158,2026-05-24,14.4541666666667,2.003125
08NM158,2026-05-25,14.7629166666667,1.646875
08NM158,2026-05-26,14.0808333333333,1.59333333333333
08NM158,2026-05-27,13.4158333333333,1.85236111111111
08NM158,2026-05-28,15.6604166666667,1.63958333333333
08NM158,2026-05-29,17.4404166666667,1.79885416666667
08NM158,2026-05-30,13.4782608695652,2.77131944444444
08NM158,2026-05-31,13.34375,2.09920138888889
08NM158,2026-06-01,13.6429166666667,1.865625
08NM158,2026-06-02,13.0825,1.63420138888889
08NM158,2026-06-03,15.4616666666667,1.43680555555556
08NM158,2026-06-04,14.6520833333333,1.52947916666667
08NM158,2026-06-05,14.7208333333333,1.68274305555556
08NM158,2026-06-06,12.88375,1.38590277777778
08NM158,2026-06-07,12.2675,1.36489583333333
08NM158,2026-06-08,12.133333333333301,1.43993055555556
08NM158,2026-06-09,12.9833333333333,1.00025694444444
08NM158,2026-06-10,13.3075,1.4065
08NM158,2026-06-11,13.74375,1.09809027777778
08NM158,2026-06-12,15.43625,0.768149305555555
08NM158,2026-06-13,16.1745833333333,0.587173611111111
08NM158,2026-06-14,17.8116666666667,0.493423611111111
08NM158,2026-06-15,18.9833333333333,0.50840625
08NM158,2026-06-16,18.88375,0.45909375
08NM158,2026-06-17,18.7104166666667,0.461350694444444
08NM158,2026-06-18,18.5204166666667,0.345583333333333
08NM158,2026-06-19,18.8675,0.308180555555556
08NM158,2026-06-20,19.3375,0.283149305555556
08NM158,2026-06-21,19.4104166666667,0.242645833333333
08NM158,2026-06-22,18.8754166666667,0.256604166666667
08NM158,2026-06-23,19.6279166666667,0.316118055555556
08NM158,2026-06-24,20.05125,0.269732638888889
08NM158,2026-06-25,20.5166666666667,0.252881944444444
08NM158,2026-06-26,19.18375,0.343854166666667
08NM158,2026-06-27,18.34625,0.417402777777778
08NM158,2026-06-28,17.2583333333333,0.593795138888889
08NM158,2026-06-29,16.7916666666667,0.471920138888889
08NM158,2026-06-30,18.3882608695652,0.274559027777778
08NM158,2026-07-01,18.47625,0.217083333333333
08NM158,2026-07-02,17.4804166666667,0.248118055555556
08NM158,2026-07-03,18.7108333333333,0.257295138888889
08NM158,2026-07-04,20.1958333333333,0.333659722222222
08NM158,2026-07-05,19.38125,0.243055555555556
08NM158,2026-07-06,19.5570833333333,0.249979166666667
08NM158,2026-07-07,20.5916666666667,0.253482638888889
08NM158,2026-07-08,21.085,0.255677083333333
08NM158,2026-07-09,20.2391666666667,0.310652777777778
08NM158,2026-07-10,20.4904166666667,0.302333333333333
08NM158,2026-07-11,20.8604166666667,0.268829861111111
08NM158,2026-07-12,20.0383333333333,0.271302083333333
08NM158,2026-07-13,20.1416666666667,0.276309027777778
08NM158,2026-07-14,20.4504166666667,0.267670138888889
08NM158,2026-07-15,21.545,0.2615625
08NM158,2026-07-16,22.4804166666667,0.260230769230769
08NM158,2026-07-17,23.6179166666667,0.267194444444444
08NM158,2026-07-18,21.3645833333333,0.289229166666667
08NM158,2026-07-19,19.9483333333333,0.288534722222222
08NM158,2026-07-20,21.03,0.339444444444444
08NM158,2026-07-21,21.6908333333333,0.457739583333333
08NM158,2026-07-22,22.37,0.345868055555556
08NM158,2026-07-23,22.9425,0.25896875
08NM158,2026-07-24,22.8958333333333,0.274722222222222
08NM158,2026-07-25,22.3754166666667,0.248229166666667
08NM158,2026-07-26,20.1808333333333,0.258677083333333
08NM158,2026-07-27,20.19375,0.317461805555556
08NM158,2026-07-28,20.0804166666667,0.367586805555556
08NM158,2026-07-29,19.57,0.307201388888889
08NM158,2026-07-30,19.4266666666667,0.2330625
08NM158,2026-07-31,20.1329166666667,0.2365
08NM158,2026-08-01,20.10625,0.239725694444444
08NM158,2026-08-02,18.4945833333333,0.174277777777778
08NM158,2026-08-03,17.3795833333333,0.252465277777778
08NM158,2026-08-04,18.0283333333333,0.409052083333333
08NM158,2026-08-05,18.4025,0.305965277777778
08NM158,2026-08-06,18.1420833333333,0.282107638888889
08NM158,2026-08-07,18.6275,0.285888888888889
08NM158,2026-08-08,19.5333333333333,0.245465277777778
08NM158,2026-08-09,17.9858333333333,0.351118055555556
08NM158,2026-08-10,18.0029166666667,0.452385416666667
08NM158,2026-08-11,18.5916666666667,0.442479166666667
08NM158,2026-08-12,19.2604166666667,0.411336805555556
08NM158,2026-08-13,19.3933333333333,0.37771875
08NM158,2026-08-14,19.5308333333333,0.365798611111111
08NM158,2026-08-15,18.8708333333333,0.2960625
08NM158,2026-08-16,18.9858333333333,0.383284722222222
08NM158,2026-08-17,19.3416666666667,0.382142361111111
08NM158,2026-08-18,20.1854166666667,0.321232638888889
08NM158,2026-08-19,19.9233333333333,0.515965277777778
08NM158,2026-08-20,19.9654166666667,0.525003472222222
08NM158,2026-08-21,19.8808333333333,0.556388888888889
08NM158,2026-08-22,20.1695833333333,0.462545138888889
08NM158,2026-08-23,19.6929166666667,0.595048611111111
08NM158,2026-08-24,18.0404166666667,0.540263888888889
08NM158,2026-08-25,18.8379166666667,0.523065972222222
08NM158,2026-08-26,19.02375,0.385489583333333
08NM158,2026-08-27,18.6847619047619,0.337626506024096
08NM160,2024-10-19,10.225,0.331868686868687
08NM160,2024-10-20,11.65,0.194333333333333
08NM160,2024-10-21,11.85,0.171444444444444
08NM160,2024-10-22,11.05,0.157777777777778
08NM160,2024-10-23,10.65,0.154185185185185
08NM160,2024-10-24,10.55,0.139925925925926
08NM160,2024-10-25,9.55,0.13637037037037
08NM160,2024-10-26,10.55,0.145333333333333
08NM160,2024-10-27,10.65,0.261740740740741
08NM160,2024-10-28,10.8,0.160925925925926
08NM160,2024-10-29,10.2,0.165407407407407
08NM160,2024-10-30,9.85,0.14937037037037
08NM160,2024-10-31,10.15,0.184037037037037
08NM160,2024-11-01,10,0.392066666666667
08NM160,2024-11-02,9.61666666666667,0.31632
08NM160,2024-11-03,9.6,0.1546
08NM160,2024-11-04,9.03333333333333,0.317552631578947
08NM160,2024-11-05,9.05,0.154888888888889
08NM160,2024-11-06,8.95,0.140148148148148
08NM160,2024-11-07,9.1,0.132666666666667
08NM160,2024-11-08,9.15,0.131185185185185
08NM160,2024-11-09,9.6,0.156740740740741
08NM160,2024-11-10,10,0.1292
08NM160,2024-11-11,9.7,0.591733333333333
08NM160,2024-11-12,9.35714285714286,0.191793103448276
08NM160,2024-11-13,9.74,0.335290322580645
08NM160,2024-11-14,10,0.282666666666667
08NM160,2024-11-15,8.55714285714286,0.164779069767442
08NM160,2024-11-16,7.7,0.283866666666667
08NM160,2024-11-17,6.45,0.563296296296296
08NM160,2024-11-18,7.6,0.2514
08NM160,2024-11-19,7.15,0.185333333333333
08NM160,2024-11-20,8.15,0.173111111111111
08NM160,2024-11-21,8.75,0.175333333333333
08NM160,2024-11-22,8.3,0.291962962962963
08NM160,2024-11-23,8.5,0.185333333333333
08NM160,2024-11-24,8.7,0.167
08NM160,2024-11-25,7.8875,0.181736111111111
08NM160,2024-11-26,7.29583333333333,0.165572916666667
08NM160,2024-11-27,7.1875,0.157916666666667
08NM160,2024-11-28,7.54583333333333,0.153104166666667
08NM160,2024-11-29,7.4375,0.14865625
08NM160,2024-11-30,7.55,0.159222222222222
08NM160,2024-12-01,7.8,0.152888888888889
08NM160,2024-12-02,7.3,0.152538461538462
08NM160,2024-12-03,7.65,0.164481481481481
08NM160,2024-12-04,7.3,0.156444444444444
08NM160,2024-12-05,7.3,0.157555555555556
08NM160,2024-12-06,7.05,0.17063999999999999
08NM160,2024-12-07,7,0.170222222222222
08NM160,2024-12-08,7.65,0.171925925925926
08NM160,2024-12-09,7.65,0.151
08NM160,2024-12-10,6.75,0.199333333333333
08NM160,2024-12-11,6.63333333333333,0.202631578947368
08NM160,2024-12-12,6.13333333333333,0.20674358974359
08NM160,2024-12-13,6.8,0.203178571428571
08NM160,2024-12-14,7.25,0.218555555555556
08NM160,2024-12-15,6.95,0.199107142857143
08NM160,2024-12-16,6.15,0.221464285714286
08NM160,2024-12-17,6.73333333333333,0.22925
08NM160,2024-12-18,3.93333333333333,0.837076923076923
08NM160,2024-12-19,5.96666666666667,0.347358974358974
08NM160,2024-12-20,6.25,0.263
08NM160,2024-12-21,6.25,0.636074074074074
08NM160,2024-12-22,5.95,0.335333333333333
08NM160,2024-12-23,6.4,0.282650793650794
08NM160,2024-12-24,7.2,0.274785714285714
08NM160,2024-12-25,6.3,0.251307692307692
08NM160,2024-12-26,6.85,0.277592592592593
08NM160,2024-12-27,6.35,0.251807692307692
08NM160,2024-12-28,5.05,0.7455
08NM160,2024-12-29,6.26666666666667,0.272763157894737
08NM160,2024-12-30,6.8,0.355884615384615
08NM160,2024-12-31,6,0.32837037037037
08NM160,2025-01-01,5.46666666666667,0.329578947368421
08NM160,2025-01-02,5.25,0.302962962962963
08NM160,2025-01-03,5.4,0.349592592592593
08NM160,2025-01-04,5.75,0.370846153846154
08NM160,2025-01-05,6.25,0.321888888888889
08NM160,2025-01-06,6.6,0.24825
08NM160,2025-01-07,6.2,0.275263157894737
08NM160,2025-01-08,6.1,0.289236842105263
08NM160,2025-01-09,6.06666666666667,0.278631578947368
08NM160,2025-01-10,5.9,0.359947368421053
08NM160,2025-01-11,6.63333333333333,0.267894736842105
08NM160,2025-01-12,6.66666666666667,0.253210526315789
08NM160,2025-01-13,5.4,0.269315789473684
08NM160,2025-01-14,5.4,0.262289473684211
08NM160,2025-01-15,5.7,0.260763157894737
08NM160,2025-01-16,5.3,0.265763157894737
08NM160,2025-01-17,4.9,0.276684210526316
08NM160,2025-01-18,4.1,0.245368421052632
08NM160,2025-01-19,4.3,0.236783783783784
08NM160,2025-01-20,4.33333333333333,0.236131578947368
08NM160,2025-01-21,4.7,0.231894736842105
08NM160,2025-01-22,4.2,0.226763157894737
08NM160,2025-01-23,4.53333333333333,0.229447368421053
08NM160,2025-01-24,4.8,0.228105263157895
08NM160,2025-01-25,4.8,0.221342105263158
08NM160,2025-01-26,3.92,0.218532258064516
08NM160,2025-01-27,3.93333333333333,0.212918918918919
08NM160,2025-01-28,4,0.213927083333333
08NM160,2025-01-29,3.77916666666667,0.21409375
08NM160,2025-01-30,4.1625,0.212027777777778
08NM160,2025-01-31,4.89166666666667,0.224559027777778
08NM160,2025-02-01,4.9,0.27090625
08NM160,2025-02-02,4.04583333333333,0.229944444444444
08NM160,2025-02-03,2.42916666666667,0.209097222222222
08NM160,2025-02-04,1.9625,0.206833333333333
08NM160,2025-02-05,1.84583333333333,0.206625
08NM160,2025-02-06,1.95416666666667,0.206861111111111
08NM160,2025-02-07,2.1,0.200392361111111
08NM160,2025-02-08,2.39583333333333,0.202131944444444
08NM160,2025-02-09,2.23333333333333,0.192329861111111
08NM160,2025-02-10,2.65833333333333,0.195847222222222
08NM160,2025-02-11,2.14166666666667,0.188552083333333
08NM160,2025-02-12,1.9875,0.187274305555556
08NM160,2025-02-13,2.175,0.192333333333333
08NM160,2025-02-14,3.06666666666667,0.192416666666667
08NM160,2025-02-15,3.3,0.187260416666667
08NM160,2025-02-16,3.975,0.193336805555556
08NM160,2025-02-17,4.29583333333333,0.219354166666667
08NM160,2025-02-18,4.01666666666667,0.219277777777778
08NM160,2025-02-19,4.70416666666667,0.211659722222222
08NM160,2025-02-20,4.54583333333333,0.289350694444444
08NM160,2025-02-21,4.49166666666667,0.269402777777778
08NM160,2025-02-22,4.325,0.334947916666667
08NM160,2025-02-23,4.44583333333333,0.360899305555556
08NM160,2025-02-24,3.96666666666667,0.526458333333333
08NM160,2025-02-25,4.7375,0.335454861111111
08NM160,2025-02-26,4.725,0.280107638888889
08NM160,2025-02-27,5.40416666666667,0.255270833333333
08NM160,2025-02-28,5.7875,0.255131944444444
08NM160,2025-03-01,6.1625,0.255479166666667
08NM160,2025-03-02,6.17083333333333,0.252319444444444
08NM160,2025-03-03,6.525,0.2488125
08NM160,2025-03-04,6.1375,0.251621527777778
08NM160,2025-03-05,6.61666666666667,0.2644375
08NM160,2025-03-06,6.9875,0.256798611111111
08NM160,2025-03-07,6.575,0.25671875
08NM160,2025-03-08,6.87916666666667,0.248534722222222
08NM160,2025-03-09,6.975,0.243565972222222
08NM160,2025-03-10,7.4125,0.205770833333333
08NM160,2025-03-11,7.0625,0.234163194444444
08NM160,2025-03-12,6.44166666666667,0.276375
08NM160,2025-03-13,5.175,1.13092013888889
08NM160,2025-03-14,4.9125,0.555447916666667
08NM160,2025-03-15,6.07083333333333,0.405642361111111
08NM160,2025-03-16,5.84166666666667,0.397645833333333
08NM160,2025-03-17,6.34583333333333,0.348083333333333
08NM160,2025-03-18,6.65416666666667,0.358322916666667
08NM160,2025-03-19,6.65416666666667,0.349072916666667
08NM160,2025-03-20,6.975,0.330184027777778
08NM160,2025-03-21,7.95833333333333,0.279704861111111
08NM160,2025-03-22,7.9,0.2565625
08NM160,2025-03-23,6.55833333333333,0.781274305555556
08NM160,2025-03-24,5.10416666666667,0.520204861111111
08NM160,2025-03-25,7.125,0.511645833333333
08NM160,2025-03-26,8.25,0.445510416666667
08NM160,2025-03-27,8.80833333333333,0.479447916666667
08NM160,2025-03-28,8.44166666666667,0.506725694444444
08NM160,2025-03-29,8.225,0.588034722222222
08NM160,2025-03-30,7.35833333333333,0.65565625
08NM160,2025-03-31,7.90416666666667,0.803204861111111
08NM160,2025-04-01,6.92083333333333,0.865100694444444
08NM160,2025-04-02,7.50833333333333,1.21034722222222
08NM160,2025-04-03,7.05833333333333,1.21381944444444
08NM160,2025-04-04,7.325,1.18996527777778
08NM160,2025-04-05,8.49166666666667,1.1740625
08NM160,2025-04-06,8.19583333333333,1.16288194444444
08NM160,2025-04-07,9.0625,1.74100694444444
08NM160,2025-04-08,7.95833333333333,1.58017361111111
08NM160,2025-04-09,7.25833333333333,1.386875
08NM160,2025-04-10,8.03333333333333,1.38399305555556
08NM160,2025-04-11,7.80833333333333,1.36645833333333
08NM160,2025-04-12,8.14166666666667,1.41496527777778
08NM160,2025-04-13,7.69166666666667,1.59423611111111
08NM160,2025-04-14,9.67916666666667,1.58579861111111
08NM160,2025-04-15,9.9125,1.56413194444444
08NM160,2025-04-16,10.9291666666667,1.53854166666667
08NM160,2025-04-17,10.0291666666667,1.50635416666667
08NM160,2025-04-18,11.0041666666667,1.49732638888889
08NM160,2025-04-19,11.425,1.45927083333333
08NM160,2025-04-20,10.6625,1.54496527777778
08NM160,2025-04-21,10.5583333333333,1.52465277777778
08NM160,2025-04-22,10.2333333333333,1.47690972222222
08NM160,2025-04-23,11.2083333333333,1.45871527777778
08NM160,2025-04-24,12.1833333333333,1.42291666666667
08NM160,2025-04-25,13.075,1.36211805555556
08NM160,2025-04-26,13.3625,1.33246527777778
08NM160,2025-04-27,14.2666666666667,1.33520833333333
08NM160,2025-04-28,13.6125,1.37100694444444
08NM160,2025-04-29,10.4125,1.32722222222222
08NM160,2025-04-30,11.35,1.45902777777778
08NM160,2025-05-01,13.7041666666667,1.37071180555556
08NM160,2025-05-02,13.775,0.612371527777778
08NM160,2025-05-03,14.0333333333333,0.48375
08NM160,2025-05-04,11.9916666666667,0.47453125
08NM160,2025-05-05,11.0916666666667,0.463288194444444
08NM160,2025-05-06,12.6291666666667,0.605104166666667
08NM160,2025-05-07,13.475,0.683840277777778
08NM160,2025-05-08,13.1666666666667,0.701871527777778
08NM160,2025-05-09,12.6625,0.706756944444444
08NM160,2025-05-10,13.5875,0.734840277777778
08NM160,2025-05-11,13.0875,0.740871527777778
08NM160,2025-05-12,13.5958333333333,0.864402777777778
08NM160,2025-05-13,12.7333333333333,0.837211805555556
08NM160,2025-05-14,14.3416666666667,1.38209027777778
08NM160,2025-05-15,13.508333333333301,1.99336805555556
08NM160,2025-05-16,14.8875,1.90586805555556
08NM160,2025-05-17,14.5666666666667,1.816875
08NM160,2025-05-18,14.4,2.06638888888889
08NM160,2025-05-19,13.1541666666667,1.7184375
08NM160,2025-05-20,12.65,1.67010416666667
08NM160,2025-05-21,13.8458333333333,1.62496527777778
08NM160,2025-05-22,15.4208333333333,1.62315972222222
08NM160,2025-05-23,16.0041666666667,1.55298611111111
08NM160,2025-05-24,15.7375,1.47826388888889
08NM160,2025-05-25,17.4958333333333,1.42600694444444
08NM160,2025-05-26,18.85,1.52819444444444
08NM160,2025-05-27,16.6833333333333,1.40784722222222
08NM160,2025-05-28,17.6041666666667,1.35173611111111
08NM160,2025-05-29,18.5166666666667,1.38607638888889
08NM160,2025-05-30,16.2833333333333,1.32989583333333
08NM160,2025-05-31,17.9875,1.28444444444444
08NM160,2025-06-01,16.6125,1.11996527777778
08NM160,2025-06-02,15.8333333333333,1.08496527777778
08NM160,2025-06-03,17.075,1.06958333333333
08NM160,2025-06-04,18.2625,1.23239583333333
08NM160,2025-06-05,18.925,1.19552083333333
08NM160,2025-06-06,20.0541666666667,1.1528125
08NM160,2025-06-07,18.4708333333333,1.09652777777778
08NM160,2025-06-08,19.2458333333333,1.05569444444444
08NM160,2025-06-09,20.9583333333333,0.95853125
08NM160,2025-06-10,19.0041666666667,0.455284722222222
08NM160,2025-06-11,19.0541666666667,0.412229166666667
08NM160,2025-06-12,19.325,0.432795138888889
08NM160,2025-06-13,18.2875,0.391236111111111
08NM160,2025-06-14,17.4916666666667,0.385322916666667
08NM160,2025-06-15,17.5083333333333,0.368083333333333
08NM160,2025-06-16,17.7125,0.363135416666667
08NM160,2025-06-17,17.2083333333333,0.337465277777778
08NM160,2025-06-18,17.3916666666667,0.322614583333333
08NM160,2025-06-19,16.4681818181818,0.351982638888889
08NM160,2025-06-20,16.5086956521739,0.307270833333333
08NM160,2025-06-21,15.8375,0.580951388888889
08NM160,2025-06-22,15.133333333333301,0.320100694444444
08NM160,2025-06-23,15.5916666666667,0.313295138888889
08NM160,2025-06-24,15.3041666666667,0.309395833333333
08NM160,2025-06-25,17.1416666666667,0.3714375
08NM160,2025-06-26,17.3260869565217,0.370940972222222
08NM160,2025-06-27,17.1958333333333,0.353388888888889
08NM160,2025-06-28,16.7416666666667,0.340576388888889
08NM160,2025-06-29,17.1416666666667,0.322729166666667
08NM160,2025-06-30,17.7916666666667,0.30453125
08NM160,2025-07-01,18.5416666666667,0.287444444444444
08NM160,2025-07-02,18.6708333333333,0.267225694444444
08NM160,2025-07-03,17.3916666666667,0.242131944444444
08NM160,2025-07-04,16.2916666666667,0.235034722222222
08NM160,2025-07-05,17.0625,0.23065625
08NM160,2025-07-06,17.1958333333333,0.224951388888889
08NM160,2025-07-07,17.1458333333333,0.215777777777778
08NM160,2025-07-08,18.025,0.217694444444444
08NM160,2025-07-09,18.4208333333333,0.4745
08NM160,2025-07-10,17.2666666666667,0.273899305555556
08NM160,2025-07-11,16.4083333333333,0.227788194444444
08NM160,2025-07-12,17.9666666666667,0.219027777777778
08NM160,2025-07-13,18.625,0.216319444444444
08NM160,2025-07-14,18.6458333333333,0.242138888888889
08NM160,2025-07-15,16.9875,0.247274305555556
08NM160,2025-07-16,17.525,0.214597222222222
08NM160,2025-07-17,17.6583333333333,0.2061875
08NM160,2025-07-18,17.1916666666667,0.195979166666667
08NM160,2025-07-19,16.6416666666667,0.197309027777778
08NM160,2025-07-20,16.5791666666667,0.196201388888889
08NM160,2025-07-21,17.1166666666667,0.195625
08NM160,2025-07-22,18.7041666666667,0.845270833333333
08NM160,2025-07-23,17.6708333333333,0.243041666666667
08NM160,2025-07-24,17.9708333333333,0.216506944444444
08NM160,2025-07-25,17.8375,0.238576388888889
08NM160,2025-07-26,16.5041666666667,0.241548611111111
08NM160,2025-07-27,17.1583333333333,0.231027777777778
08NM160,2025-07-28,17.2208333333333,0.23115625
08NM160,2025-07-29,18.1416666666667,0.224520833333333
08NM160,2025-07-30,18.6083333333333,0.225708333333333
08NM160,2025-07-31,18.7958333333333,0.22572569444444401
08NM160,2025-08-01,18.9916666666667,0.227517361111111
08NM160,2025-08-02,18.5291666666667,0.239159722222222
08NM160,2025-08-03,18.35,0.228770833333333
08NM160,2025-08-04,18.4958333333333,0.224902777777778
08NM160,2025-08-05,17.5875,0.228322916666667
08NM160,2025-08-06,17.7458333333333,0.223277777777778
08NM160,2025-08-07,16.8541666666667,0.23596875
08NM160,2025-08-08,16.8458333333333,0.234166666666667
08NM160,2025-08-09,17.7791666666667,0.240027777777778
08NM160,2025-08-10,18.8833333333333,0.244291666666667
08NM160,2025-08-11,19.5875,0.239989583333333
08NM160,2025-08-12,18.7166666666667,0.245361111111111
08NM160,2025-08-13,19.2833333333333,0.223649305555556
08NM160,2025-08-14,17.925,0.236322916666667
08NM160,2025-08-15,18.1458333333333,0.320628472222222
08NM160,2025-08-16,18.4958333333333,0.395722222222222
08NM160,2025-08-17,17.2916666666667,0.239548611111111
08NM160,2025-08-18,17.0666666666667,0.231350694444444
08NM160,2025-08-19,17.1375,0.233993055555556
08NM160,2025-08-20,16.6,0.229565972222222
08NM160,2025-08-21,16.625,0.226340277777778
08NM160,2025-08-22,16.2,0.226927083333333
08NM160,2025-08-23,16.4541666666667,0.226899305555556
08NM160,2025-08-24,16.8791666666667,0.225336805555556
08NM160,2025-08-25,17.1208333333333,0.230270833333333
08NM160,2025-08-26,17.3166666666667,0.22896875
08NM160,2025-08-27,17.0625,0.228173611111111
08NM160,2025-08-28,17.175,0.223614583333333
08NM160,2025-08-29,17.5666666666667,0.214295138888889
08NM160,2025-08-30,17.4166666666667,0.212743055555556
08NM160,2025-08-31,16.9916666666667,0.210875
08NM160,2025-09-01,16.9333333333333,0.206927083333333
08NM160,2025-09-02,17.4333333333333,0.204392361111111
08NM160,2025-09-03,17.5458333333333,0.205954861111111
08NM160,2025-09-04,17.1541666666667,0.209381944444444
08NM160,2025-09-05,15.8291666666667,0.203399305555556
08NM160,2025-09-06,16.2958333333333,0.195770833333333
08NM160,2025-09-07,16.0125,0.198642361111111
08NM160,2025-09-08,16.1583333333333,0.197972222222222
08NM160,2025-09-09,16.1833333333333,0.195395833333333
08NM160,2025-09-10,15.8375,0.206677083333333
08NM160,2025-09-11,16.0833333333333,0.203201388888889
08NM160,2025-09-12,16.175,0.201694444444444
08NM160,2025-09-13,16.1375,0.198322916666667
08NM160,2025-09-14,16.35,0.198256944444444
08NM160,2025-09-15,15.8666666666667,0.212788194444444
08NM160,2025-09-16,15.75,0.210986111111111
08NM160,2025-09-17,15.7791666666667,0.212364583333333
08NM160,2025-09-18,15.7125,0.209402777777778
08NM160,2025-09-19,14.8708333333333,0.205211805555556
08NM160,2025-09-20,14.5958333333333,0.207472222222222
08NM160,2025-09-21,15.4125,0.216427083333333
08NM160,2025-09-22,14.0666666666667,0.200826388888889
08NM160,2025-09-23,14.1833333333333,0.225069444444444
08NM160,2025-09-24,14.4041666666667,0.226832167832168
08NM160,2025-09-25,14.4333333333333,0.22059375
08NM160,2025-09-26,13.4833333333333,0.217920138888889
08NM160,2025-09-27,13.85,0.205517361111111
08NM160,2025-09-28,13.9083333333333,0.204111111111111
08NM160,2025-09-29,13.9041666666667,0.202586805555556
08NM160,2025-09-30,14.6083333333333,0.302920138888889
08NM160,2025-10-01,14.1458333333333,0.223881944444444
08NM160,2025-10-02,13.4708333333333,0.201510416666667
08NM160,2025-10-03,12.975,0.197079861111111
08NM160,2025-10-04,13.1625,0.202680555555556
08NM160,2025-10-05,12.15,0.196423611111111
08NM160,2025-10-06,12.320833333333301,0.191649305555556
08NM160,2025-10-07,12.175,0.190208333333333
08NM160,2025-10-08,12.7375,0.1900625
08NM160,2025-10-09,12.3416666666667,0.186204861111111
08NM160,2025-10-10,12.070833333333301,0.189649305555556
08NM160,2025-10-11,12.1458333333333,0.199645833333333
08NM160,2025-10-12,11.3083333333333,0.194413194444444
08NM160,2025-10-13,10.3083333333333,0.183069444444444
08NM160,2025-10-14,9.4,0.181347222222222
08NM160,2025-10-15,9.25,0.185340277777778
08NM160,2025-10-16,9.4,0.178277777777778
08NM160,2025-10-17,10.2708333333333,0.189788194444444
08NM160,2025-10-18,10.0125,0.185138888888889
08NM160,2025-10-19,9.92916666666667,0.425440972222222
08NM160,2025-10-20,10.6375,0.201631944444444
08NM160,2025-10-21,11.025,0.199493055555556
08NM160,2025-10-22,10.5291666666667,0.199649305555556
08NM160,2025-10-23,10.5541666666667,0.197295138888889
08NM160,2025-10-24,10.9375,0.195097222222222
08NM160,2025-10-25,10.8041666666667,0.361645833333333
08NM160,2025-10-26,10.570833333333301,0.209677083333333
08NM160,2025-10-27,10.0791666666667,0.188225694444444
08NM160,2025-10-28,9.37916666666667,0.190739583333333
08NM160,2025-10-29,9.76666666666667,0.217083333333333
08NM160,2025-10-30,9.70416666666667,0.188871527777778
08NM160,2025-10-31,9.0375,0.184128472222222
08NM160,2025-11-01,9.83333333333333,0.232118055555556
08NM160,2025-11-02,9.65,0.200913194444444
08NM160,2025-11-03,9.32916666666667,0.169798611111111
08NM160,2025-11-04,8.52173913043478,0.157160839160839
08NM160,2025-11-05,8.54166666666667,0.190732638888889
08NM160,2025-11-06,9.125,0.193520833333333
08NM160,2025-11-07,9.3875,0.328826388888889
08NM160,2025-11-08,8.95,0.175684027777778
08NM160,2025-11-09,9.32916666666667,0.159177083333333
08NM160,2025-11-10,9.45416666666667,0.152493055555556
08NM160,2025-11-11,9.8625,0.168458333333333
08NM160,2025-11-12,9.22916666666667,0.169434027777778
08NM160,2025-11-13,9.65416666666667,0.163920138888889
08NM160,2025-11-14,9.8125,0.184604166666667
08NM160,2025-11-15,9.26666666666667,0.269131944444444
08NM160,2025-11-16,9.6625,0.176725694444444
08NM160,2025-11-17,10.1625,0.172663194444444
08NM160,2025-11-18,9.7625,0.542572916666667
08NM160,2025-11-19,9.17916666666667,0.208993055555556
08NM160,2025-11-20,9.1125,0.191763888888889
08NM160,2025-11-21,8.50833333333333,0.187638888888889
08NM160,2025-11-22,8.69166666666667,0.175076388888889
08NM160,2025-11-23,9.575,0.160663194444444
08NM160,2025-11-24,9.19583333333333,0.207739583333333
08NM160,2025-11-25,8.1375,0.187677083333333
08NM160,2025-11-26,8.05833333333333,0.195649305555556
08NM160,2025-11-27,7.99583333333333,0.30240625
08NM160,2025-11-28,6.775,0.299864583333333
08NM160,2025-11-29,6.99583333333333,0.220899305555556
08NM160,2025-11-30,6.72916666666667,0.212677083333333
08NM160,2025-12-01,6.96666666666667,0.211777777777778
08NM160,2025-12-02,6.74583333333333,0.27815625
08NM160,2025-12-03,7.07916666666667,0.2579375
08NM160,2025-12-04,7,0.351763888888889
08NM160,2025-12-05,7.075,0.311336805555556
08NM160,2025-12-06,6.47083333333333,0.366743055555556
08NM160,2025-12-07,6.92916666666667,0.254444444444444
08NM160,2025-12-08,7.37083333333333,0.254975694444444
08NM160,2025-12-09,7.97083333333333,0.233159722222222
08NM160,2025-12-10,7.78333333333333,0.319034722222222
08NM160,2025-12-11,7.21666666666667,0.611840277777778
08NM160,2025-12-12,7.66666666666667,0.438534722222222
08NM160,2025-12-13,6.84583333333333,0.425805555555556
08NM160,2025-12-14,7.35833333333333,0.254128472222222
08NM160,2025-12-15,8.15833333333333,0.248791666666667
08NM160,2025-12-16,8.2,0.297732638888889
08NM160,2025-12-17,7.5,0.603947916666667
08NM160,2025-12-18,6.95,0.324659722222222
08NM160,2025-12-19,6.82916666666667,0.306107638888889
08NM160,2025-12-20,6.67916666666667,0.265815972222222
08NM160,2025-12-21,6.98333333333333,0.248739583333333
08NM160,2025-12-22,6.85,0.241732638888889
08NM160,2025-12-23,6.67916666666667,0.237798611111111
08NM160,2025-12-24,6.79583333333333,0.235569444444444
08NM160,2025-12-25,6.91666666666667,0.240829861111111
08NM160,2025-12-26,6.45416666666667,0.303263888888889
08NM160,2025-12-27,4.30416666666667,0.295440972222222
08NM160,2025-12-28,3.20416666666667,0.248489583333333
08NM160,2025-12-29,4.11666666666667,0.251326388888889
08NM160,2025-12-30,4.325,0.244166666666667
08NM160,2025-12-31,4.84166666666667,0.247732638888889
08NM160,2026-01-01,4.95833333333333,0.236909722222222
08NM160,2026-01-02,5.4875,0.241010416666667
08NM160,2026-01-03,5.88333333333333,0.2883125
08NM160,2026-01-04,5.45416666666667,0.395576388888889
08NM160,2026-01-05,5.8875,0.296270833333333
08NM160,2026-01-06,6.14583333333333,0.260572916666667
08NM160,2026-01-07,5.96666666666667,0.241444444444444
08NM160,2026-01-08,6.18333333333333,0.20796875
08NM160,2026-01-09,6.22916666666667,0.193555555555556
08NM160,2026-01-10,6.925,0.186625
08NM160,2026-01-11,5.96666666666667,0.40546875
08NM160,2026-01-12,5.58333333333333,0.327496527777778
08NM160,2026-01-13,6.66666666666667,0.31090625
08NM160,2026-01-14,7.44583333333333,0.244746527777778
08NM160,2026-01-15,7.70434782608696,0.216341463414634
08NM160,2026-01-16,6.4875,0.238010416666667
08NM160,2026-01-17,5.89583333333333,0.241739583333333
08NM160,2026-01-18,5.63333333333333,0.236052083333333
08NM160,2026-01-19,5.44166666666667,0.230934027777778
08NM160,2026-01-20,5.42083333333333,0.229746527777778
08NM160,2026-01-21,5.5875,0.227295138888889
08NM160,2026-01-22,5.47916666666667,0.226805555555556
08NM160,2026-01-23,5.04583333333333,0.225777777777778
08NM160,2026-01-24,3.89166666666667,0.225215277777778
08NM160,2026-01-25,3.37916666666667,0.22349305555555599
08NM160,2026-01-26,3.83333333333333,0.222329861111111
08NM160,2026-01-27,4.575,0.223590277777778
08NM160,2026-01-28,5.22916666666667,0.223951388888889
08NM160,2026-01-29,6.15416666666667,0.223159722222222
08NM160,2026-01-30,6.16666666666667,0.300059027777778
08NM160,2026-01-31,6.02083333333333,0.246020833333333
08NM160,2026-02-01,6.14583333333333,0.327677083333333
08NM160,2026-02-02,6.30416666666667,0.259857638888889
08NM160,2026-02-03,6.70416666666667,0.254829861111111
08NM160,2026-02-04,7.075,0.247190972222222
08NM160,2026-02-05,6.44166666666667,0.244291666666667
08NM160,2026-02-06,6.90416666666667,0.243479166666667
08NM160,2026-02-07,7.1,0.244875
08NM160,2026-02-08,6.65,0.30475
08NM160,2026-02-09,6.03333333333333,0.25671875
08NM160,2026-02-10,6.15,0.251868055555556
08NM160,2026-02-11,6.425,0.251694444444444
08NM160,2026-02-12,6.075,0.252409722222222
08NM160,2026-02-13,6.60833333333333,0.251760416666667
08NM160,2026-02-14,7.04583333333333,0.253024305555556
08NM160,2026-02-15,6.30833333333333,0.251638888888889
08NM160,2026-02-16,6.19583333333333,0.249763888888889
08NM160,2026-02-17,5.7375,0.338645833333333
08NM160,2026-02-18,5.46666666666667,0.272166666666667
08NM160,2026-02-19,4.075,0.254888888888889
08NM160,2026-02-20,3.1375,0.254163194444444
08NM160,2026-02-21,4.14583333333333,0.250850694444444
08NM160,2026-02-22,5.2,0.250559027777778
08NM160,2026-02-23,5.8875,0.25628125
08NM160,2026-02-24,6.3,0.263875
08NM160,2026-02-25,5.85416666666667,0.26271875
08NM160,2026-02-26,6.625,0.249944444444444
08NM160,2026-02-27,7.4375,0.214798611111111
08NM160,2026-02-28,7.99583333333333,0.179541666666667
08NM160,2026-03-01,7.375,0.169916666666667
08NM160,2026-03-02,7.375,0.167322916666667
08NM160,2026-03-03,7.25,0.241854166666667
08NM160,2026-03-04,7.575,0.236392361111111
08NM160,2026-03-05,7.83333333333333,0.290090277777778
08NM160,2026-03-06,8.1875,0.231017361111111
08NM160,2026-03-07,8.74583333333333,0.241708333333333
08NM160,2026-03-08,8.84166666666667,0.327
08NM160,2026-03-09,7.12083333333333,0.287114583333333
08NM160,2026-03-10,6.54166666666667,0.268305555555556
08NM160,2026-03-11,6.76666666666667,0.259090277777778
08NM160,2026-03-12,5.10833333333333,0.612802083333333
08NM160,2026-03-13,6.04583333333333,0.287829861111111
08NM160,2026-03-14,6.66666666666667,0.272951388888889
08NM160,2026-03-15,6.12083333333333,0.236597222222222
08NM160,2026-03-16,5.17916666666667,0.441371527777778
08NM160,2026-03-17,5.325,0.566996527777778
08NM160,2026-03-18,7.625,0.357447916666667
08NM160,2026-03-19,9.25416666666667,0.275211805555556
08NM160,2026-03-20,10,0.247770833333333
08NM160,2026-03-21,9.38333333333333,0.319121527777778
08NM160,2026-03-22,8.22916666666667,0.297229166666667
08NM160,2026-03-23,7.74166666666667,0.298003472222222
08NM160,2026-03-24,7.98333333333333,0.403993055555556
08NM160,2026-03-25,7.99166666666667,0.334524305555556
08NM160,2026-03-26,8.15,0.288597222222222
08NM160,2026-03-27,7.79166666666667,0.278489583333333
08NM160,2026-03-28,8.22916666666667,0.271493055555556
08NM160,2026-03-29,8.32916666666667,0.268871527777778
08NM160,2026-03-30,7.6125,0.271190972222222
08NM160,2026-03-31,6.94166666666667,0.462527777777778
08NM160,2026-04-01,7.025,0.615802083333333
08NM160,2026-04-02,7.05,0.79859375
08NM160,2026-04-03,7.99166666666667,0.774197916666667
08NM160,2026-04-04,9.0375,0.738447916666667
08NM160,2026-04-05,9.69583333333333,0.728083333333333
08NM160,2026-04-06,10.6625,0.738802083333333
08NM160,2026-04-07,9.35416666666667,0.716197916666667
08NM160,2026-04-08,8.73333333333333,0.698371527777778
08NM160,2026-04-09,9.56666666666667,0.681645833333333
08NM160,2026-04-10,10.3666666666667,0.675809027777778
08NM160,2026-04-11,11.4166666666667,0.652038194444444
08NM160,2026-04-12,10.8791666666667,0.746295138888889
08NM160,2026-04-13,10.725,0.682392361111111
08NM160,2026-04-14,10.1791666666667,0.69875
08NM160,2026-04-15,8.4875,0.698913194444444
08NM160,2026-04-16,8.6375,0.675847222222222
08NM160,2026-04-17,9.40833333333333,0.834538194444444
08NM160,2026-04-18,9.92083333333333,0.813243055555556
08NM160,2026-04-19,10.9041666666667,0.784086805555556
08NM160,2026-04-20,11.625,0.767298611111111
08NM160,2026-04-21,13.0916666666667,0.762875
08NM160,2026-04-22,13.6583333333333,0.771548611111111
08NM160,2026-04-23,11.5875,0.757975694444444
08NM160,2026-04-24,9.56666666666667,0.74484375
08NM160,2026-04-25,10.1041666666667,0.733229166666667
08NM160,2026-04-26,10.2708333333333,0.732229166666667
08NM160,2026-04-27,11.0541666666667,0.734784722222222
08NM160,2026-04-28,12.258333333333301,0.731822916666667
08NM160,2026-04-29,12.7041666666667,0.730295138888889
08NM160,2026-04-30,13.6166666666667,0.713083333333333
08NM160,2026-05-01,14.9833333333333,0.82903125
08NM160,2026-05-02,15.2708333333333,0.832440972222222
08NM160,2026-05-03,16.175,0.81209375
08NM160,2026-05-04,16.15,0.803361111111111
08NM160,2026-05-05,16.2708333333333,0.803788194444444
08NM160,2026-05-06,16.6041666666667,0.788329861111111
08NM160,2026-05-07,16.2708333333333,0.775760416666667
08NM160,2026-05-08,16.3916666666667,0.768277777777778
08NM160,2026-05-09,14.4083333333333,0.749017361111111
08NM160,2026-05-10,15.5875,0.681982638888889
08NM160,2026-05-11,15.1625,0.673086805555556
08NM160,2026-05-12,15.725,0.63584375
08NM160,2026-05-13,16.5291666666667,0.810777777777778
08NM160,2026-05-14,13.8125,0.735371527777778
08NM160,2026-05-15,11.8708333333333,0.6903125
08NM160,2026-05-16,11.4625,0.683517361111111
08NM160,2026-05-17,12.4166666666667,0.673878472222222
08NM160,2026-05-18,14.2833333333333,0.6735
08NM160,2026-05-19,14.025,0.644399305555556
08NM160,2026-05-20,14.0541666666667,0.523517361111111
08NM160,2026-05-21,14.6458333333333,0.504142361111111
08NM160,2026-05-22,14.9083333333333,0.508635416666667
08NM160,2026-05-23,15.9625,0.505173611111111
08NM160,2026-05-24,16.1416666666667,0.479475694444444
08NM160,2026-05-25,15.7083333333333,0.490784722222222
08NM160,2026-05-26,15.8083333333333,0.486645833333333
08NM160,2026-05-27,15.825,0.461770833333333
08NM160,2026-05-28,16.8416666666667,0.454013888888889
08NM160,2026-05-29,18.875,0.869423611111111
08NM160,2026-05-30,15.9875,0.52896875
08NM160,2026-05-31,15.6166666666667,0.525493055555556
08NM160,2026-06-01,16.1666666666667,0.501295138888889
08NM160,2026-06-02,15.5333333333333,0.5128125
08NM160,2026-06-03,17.4041666666667,0.482173611111111
08NM160,2026-06-04,17.4125,0.570291666666667
08NM160,2026-06-05,16.7,0.484541666666667
08NM160,2026-06-06,15.375,0.451024305555556
08NM160,2026-06-07,14.5666666666667,0.419131944444444
08NM160,2026-06-08,14.2208333333333,0.384444444444444
08NM160,2026-06-09,14.7833333333333,0.361725694444444
08NM160,2026-06-10,14.5166666666667,0.402579861111111
08NM160,2026-06-11,14.508333333333301,0.363829861111111
08NM160,2026-06-12,15.8375,0.364756944444444
08NM160,2026-06-13,16.2958333333333,0.3416875
08NM160,2026-06-14,17.1583333333333,0.325274305555556
08NM160,2026-06-15,17.8958333333333,0.312375
08NM160,2026-06-16,18.0333333333333,0.341854166666667
08NM160,2026-06-17,17.2958333333333,0.326659722222222
08NM160,2026-06-18,16.8666666666667,0.310722222222222
08NM160,2026-06-19,17.4458333333333,0.295868055555556
08NM160,2026-06-20,18.0541666666667,0.280302083333333
08NM160,2026-06-21,17.3083333333333,0.265736111111111
08NM160,2026-06-22,16.9208333333333,0.2571875
08NM160,2026-06-23,17.2625,0.238451388888889
08NM160,2026-06-24,17.4958333333333,0.220440972222222
08NM160,2026-06-25,17.9625,0.206600694444444
08NM160,2026-06-26,17.2625,0.196083333333333
08NM160,2026-06-27,16.5083333333333,0.187861111111111
08NM160,2026-06-28,15.6458333333333,0.175847222222222
08NM160,2026-06-29,15.5833333333333,0.173548611111111
08NM160,2026-06-30,16.1541666666667,0.168986111111111
08NM160,2026-07-01,15.7291666666667,0.164673611111111
08NM160,2026-07-02,15.3708333333333,0.159177083333333
08NM160,2026-07-03,15.5333333333333,0.155072916666667
08NM160,2026-07-04,16.1,0.14671875
08NM160,2026-07-05,15.625,0.138559027777778
08NM160,2026-07-06,15.3041666666667,0.132576388888889
08NM160,2026-07-07,15.9708333333333,0.127556338028169
08NM160,2026-07-08,16.2916666666667,0.106045138888889
08NM160,2026-07-09,15.9375,0.0997534722222222
08NM160,2026-07-10,16.0625,0.0983055555555555
08NM160,2026-07-11,16.125,0.103673611111111
08NM160,2026-07-12,15.7083333333333,0.107378472222222
08NM160,2026-07-13,15.35,0.108854166666667
08NM160,2026-07-14,15.6541666666667,0.107274305555556
08NM160,2026-07-15,16.3958333333333,0.108881944444444
08NM160,2026-07-16,16.35,0.106350694444444
08NM160,2026-07-17,16.5583333333333,0.105177083333333
08NM160,2026-07-18,16.4916666666667,0.106090277777778
08NM160,2026-07-19,15.945833333333301,0.109177083333333
08NM160,2026-07-20,16.0125,0.109194444444444
08NM160,2026-07-21,16.3416666666667,0.108520833333333
08NM160,2026-07-22,16.4833333333333,0.107847222222222
08NM160,2026-07-23,16.4916666666667,0.109055555555556
08NM160,2026-07-24,15.9125,0.11459375
08NM160,2026-07-25,16.7125,0.118972222222222
08NM160,2026-07-26,16.025,0.1234375
08NM160,2026-07-27,16.3125,0.117979166666667
08NM160,2026-07-28,16.2875,0.113576388888889
08NM160,2026-07-29,15.7708333333333,0.1108125
08NM160,2026-07-30,15.6166666666667,0.110350694444444
08NM160,2026-07-31,15.7208333333333,0.109965277777778
08NM160,2026-08-01,15.875,0.110121527777778
08NM160,2026-08-02,14.9375,0.115211805555556
08NM160,2026-08-03,14.6083333333333,0.117013888888889
08NM160,2026-08-04,14.9833333333333,0.118284722222222
08NM160,2026-08-05,15.2125,0.115447916666667
08NM160,2026-08-06,14.9833333333333,0.114586805555556
08NM160,2026-08-07,15.0125,0.111236111111111
08NM160,2026-08-08,15.4083333333333,0.109180555555556
08NM160,2026-08-09,14.9958333333333,0.112607638888889
08NM160,2026-08-10,15.3086956521739,0.114833333333333
08NM160,2026-08-11,15.575,0.113027777777778
08NM160,2026-08-12,15.8791666666667,0.111972222222222
08NM160,2026-08-13,15.7875,0.113517361111111
08NM160,2026-08-14,15.4958333333333,0.113538194444444
08NM160,2026-08-15,15.4958333333333,0.114152777777778
08NM160,2026-08-16,15.4333333333333,0.112868055555556
08NM160,2026-08-17,15.4583333333333,0.117395833333333
08NM160,2026-08-18,15.820833333333301,0.117600694444444
08NM160,2026-08-19,15.9583333333333,0.119045138888889
08NM160,2026-08-20,16.1166666666667,0.120201388888889
08NM160,2026-08-21,15.9708333333333,0.121243055555556
08NM160,2026-08-22,16.0416666666667,0.121333333333333
08NM160,2026-08-23,18.2,0.431586805555556
08NM160,2026-08-24,15.8583333333333,0.130409722222222
08NM160,2026-08-25,15.9916666666667,0.124461805555556
08NM160,2026-08-26,15.7958333333333,0.123361111111111
08NM160,2026-08-27,15.6761904761905,0.120773279352227
08NM165,2024-10-19,4.715,0.0483627450980392
08NM165,2024-10-20,7.5,0.07
08NM165,2024-10-21,6.9,0.0731935483870968
08NM165,2024-10-22,4.8,0.0550645161290323
08NM165,2024-10-23,3.7,0.0466129032258065
08NM165,2024-10-24,2.7,0.0422105263157895
08NM165,2024-10-25,2.4,0.0398709677419355
08NM165,2024-10-26,3.9,0.0396666666666667
08NM165,2024-10-27,5,0.100421052631579
08NM165,2024-10-28,4.5,0.0849444444444444
08NM165,2024-10-29,3.8,0.0626842105263158
08NM165,2024-10-30,3.6,0.0549677419354839
08NM165,2024-10-31,3.75,0.0624193548387097
08NM165,2024-11-01,2.6,0.0672777777777778
08NM165,2024-11-02,3.12,0.0635757575757576
08NM165,2024-11-03,2.7,0.0604736842105263
08NM165,2024-11-04,2.53333333333333,0.056746835443038
08NM165,2024-11-05,1.3,0.0574838709677419
08NM165,2024-11-06,1.05,0.04859375
08NM165,2024-11-07,1.35,0.0480967741935484
08NM165,2024-11-08,1.7,0.0472631578947368
08NM165,2024-11-09,2.75,0.0486774193548387
08NM165,2024-11-10,2.9,0.0505555555555556
08NM165,2024-11-11,3.5,0.071
08NM165,2024-11-12,2.38,0.0707215189873418
08NM165,2024-11-13,2.98,0.112138461538462
08NM165,2024-11-14,3.8,0.0886451612903226
08NM165,2024-11-15,1.82857142857143,0.0813186813186813
08NM165,2024-11-16,0.5,0.0510526315789474
08NM165,2024-11-17,0.5,0.0627368421052632
08NM165,2024-11-18,0.4,0.0594210526315789
08NM165,2024-11-19,-0.1,0.0429677419354839
08NM165,2024-11-20,-0.05,0.0541290322580645
08NM165,2024-11-21,0.4,0.0516451612903226
08NM165,2024-11-22,0.3,0.0536315789473684
08NM165,2024-11-23,1.1,0.0535161290322581
08NM165,2024-11-24,0.85,0.0506129032258065
08NM165,2024-11-25,0.647083333333333,0.0503368055555556
08NM165,2024-11-26,0.308333333333333,0.04984375
08NM165,2024-11-27,-0.0220833333333333,0.0438989547038328
08NM165,2024-11-28,-0.1,0.05296875
08NM165,2024-11-29,-0.08625,0.0489027777777778
08NM165,2024-11-30,0,0.0513225806451613
08NM165,2024-12-01,-0.1,0.048
08NM165,2024-12-02,-0.1,0.0429666666666667
08NM165,2024-12-03,-0.1,0.0471290322580645
08NM165,2024-12-04,-0.1,0.0428064516129032
08NM165,2024-12-05,-0.1,0.0290666666666667
08NM165,2024-12-06,-0.1,0.043258064516129
08NM165,2024-12-07,-0.1,0.044
08NM165,2024-12-08,-0.1,0.045
08NM165,2024-12-09,-0.1,0.0208709677419355
08NM165,2024-12-10,-0.1,0.034258064516129
08NM165,2024-12-11,-0.1,0.0393548387096774
08NM165,2024-12-12,-0.1,0.0420967741935484
08NM165,2024-12-13,-0.1,0.0451290322580645
08NM165,2024-12-14,-0.1,0.045
08NM165,2024-12-15,-0.1,0.0446129032258065
08NM165,2024-12-16,-0.1,0.043
08NM165,2024-12-17,0,0.0443225806451613
08NM165,2024-12-18,-0.1,0.046258064516129
08NM165,2024-12-19,-0.015,0.0469677419354839
08NM165,2024-12-20,0,0.0474193548387097
08NM165,2024-12-21,0,0.0494516129032258
08NM165,2024-12-22,0,0.0522903225806452
08NM165,2024-12-23,-0.02,0.0507761194029851
08NM165,2024-12-24,0,0.0505806451612903
08NM165,2024-12-25,0,0.0498064516129032
08NM165,2024-12-26,0,0.0510322580645161
08NM165,2024-12-27,-0.05,0.0433
08NM165,2024-12-28,0,0.0494333333333333
08NM165,2024-12-29,0.1,0.0486551724137931
08NM165,2024-12-30,0.15,0.0479333333333333
08NM165,2024-12-31,0.1,0.0470333333333333
08NM165,2025-01-01,0.15,0.0477333333333333
08NM165,2025-01-02,0.1,0.0466
08NM165,2025-01-03,0.2,0.0466666666666667
08NM165,2025-01-04,-0.1,0.0482666666666667
08NM165,2025-01-05,0.1,0.0464
08NM165,2025-01-06,0.1,0.0452222222222222
08NM165,2025-01-07,0.2,0.0460333333333333
08NM165,2025-01-08,0,0.0459285714285714
08NM165,2025-01-09,-0.0666666666666667,0.0470238095238095
08NM165,2025-01-10,0,0.0478965517241379
08NM165,2025-01-11,0.05,0.0461666666666667
08NM165,2025-01-12,0.1,0.0453666666666667
08NM165,2025-01-13,-0.1,0.0211
08NM165,2025-01-14,-0.1,0.0416428571428571
08NM165,2025-01-15,-0.1,0.045
08NM165,2025-01-16,-0.1,0.045
08NM165,2025-01-17,-0.1,0.044
08NM165,2025-01-18,-0.1,0.044
08NM165,2025-01-19,-0.1,0.044
08NM165,2025-01-20,-0.1,0.044
08NM165,2025-01-21,-0.1,0.044
08NM165,2025-01-22,-0.1,0.044
08NM165,2025-01-23,-0.1,0.044
08NM165,2025-01-24,-0.1,0.044
08NM165,2025-01-25,-0.1,0.044
08NM165,2025-01-26,-0.1,0.044
08NM165,2025-01-27,-0.1,0.043
08NM165,2025-01-28,-0.1,0.043
08NM165,2025-01-29,-0.1,0.043
08NM165,2025-01-30,-0.1,0.043
08NM165,2025-01-31,-0.1,0.043
08NM165,2025-02-01,-0.1,0.043
08NM165,2025-02-02,-0.1,0.0326597222222222
08NM165,2025-02-03,-0.1,0.00506597222222222
08NM165,2025-02-04,-0.1,1.66666666666667e-4
08NM165,2025-02-05,-0.1,0
08NM165,2025-02-06,-0.1,0
08NM165,2025-02-07,-0.1,0
08NM165,2025-02-08,-0.1,0
08NM165,2025-02-09,-0.1,7.39583333333333e-4
08NM165,2025-02-10,-0.1,0.00740625
08NM165,2025-02-11,-0.1,0.0198645833333333
08NM165,2025-02-12,-0.1,0.0330625
08NM165,2025-02-13,-0.1,0.042
08NM165,2025-02-14,-0.1,0.042
08NM165,2025-02-15,-0.1,0.0420381944444444
08NM165,2025-02-16,-0.1,0.0433715277777778
08NM165,2025-02-17,-0.1,0.0447534722222222
08NM165,2025-02-18,-0.1,0.0463784722222222
08NM165,2025-02-19,-0.1,0.0471041666666667
08NM165,2025-02-20,-0.1,0.0501805555555556
08NM165,2025-02-21,-0.1,0.055375
08NM165,2025-02-22,-0.1,0.0595902777777778
08NM165,2025-02-23,-0.1,0.0601875
08NM165,2025-02-24,-0.1,0.0630555555555556
08NM165,2025-02-25,-0.1,0.0692777777777778
08NM165,2025-02-26,-0.1,0.0762916666666667
08NM165,2025-02-27,-0.1,0.079
08NM165,2025-02-28,-0.1,0.0802118055555556
08NM165,2025-03-01,-0.1,0.0883333333333333
08NM165,2025-03-02,-0.1,0.100743055555556
08NM165,2025-03-03,-0.1,0.106798611111111
08NM165,2025-03-04,-0.1,0.11675
08NM165,2025-03-05,-0.1,0.115625
08NM165,2025-03-06,-0.1,0.0956388888888889
08NM165,2025-03-07,-0.1,0.0766944444444444
08NM165,2025-03-08,-0.1,0.0788506944444444
08NM165,2025-03-09,-0.1,0.0963506944444444
08NM165,2025-03-10,-0.1,0.108166666666667
08NM165,2025-03-11,-0.1,0.0952326388888889
08NM165,2025-03-12,-0.1,0.0848611111111111
08NM165,2025-03-13,-0.1,0.0859861111111111
08NM165,2025-03-14,-0.1,0.0843576388888889
08NM165,2025-03-15,-0.1,0.07459375
08NM165,2025-03-16,-0.1,0.0692361111111111
08NM165,2025-03-17,-0.1,0.0648888888888889
08NM165,2025-03-18,-0.1,0.0601631944444444
08NM165,2025-03-19,-0.1,0.0563784722222222
08NM165,2025-03-20,-0.1,0.05478125
08NM165,2025-03-21,-0.1,0.0557118055555556
08NM165,2025-03-22,-0.1,0.0569583333333333
08NM165,2025-03-23,-0.1,0.0552777777777778
08NM165,2025-03-24,-0.1,0.05615625
08NM165,2025-03-25,-0.1,0.0681527777777778
08NM165,2025-03-26,-0.1,0.116180555555556
08NM165,2025-03-27,-0.1,0.176350694444444
08NM165,2025-03-28,-0.1,0.309805555555556
08NM165,2025-03-29,-0.1,0.385569444444444
08NM165,2025-03-30,-0.1,0.392184027777778
08NM165,2025-03-31,-0.1,0.362819444444444
08NM165,2025-04-01,-0.1,0.335447916666667
08NM165,2025-04-02,-0.1,0.311194444444444
08NM165,2025-04-03,-0.1,0.283576388888889
08NM165,2025-04-04,-0.1,0.269809027777778
08NM165,2025-04-05,-0.0466666666666667,0.264083333333333
08NM165,2025-04-06,0.855,0.268114982578397
08NM165,2025-04-07,0.9875,0.460743055555556
08NM165,2025-04-08,0.816666666666667,0.712381944444444
08NM165,2025-04-09,1.45,0.701732638888889
08NM165,2025-04-10,1.92083333333333,0.671361111111111
08NM165,2025-04-11,2.01666666666667,0.712534722222222
08NM165,2025-04-12,2.05,0.741916666666667
08NM165,2025-04-13,1.58333333333333,0.664642361111111
08NM165,2025-04-14,2.01666666666667,0.647586805555556
08NM165,2025-04-15,2.68333333333333,0.703013888888889
08NM165,2025-04-16,2.81125,0.929736111111111
08NM165,2025-04-17,2.0625,0.924121527777778
08NM165,2025-04-18,2.5925,0.920965277777778
08NM165,2025-04-19,3.3625,1.26385069444444
08NM165,2025-04-20,2.7875,1.66527777777778
08NM165,2025-04-21,2.62083333333333,1.42152777777778
08NM165,2025-04-22,2.22083333333333,1.18079861111111
08NM165,2025-04-23,2.44166666666667,1.04059375
08NM165,2025-04-24,2.98458333333333,0.997052083333333
08NM165,2025-04-25,3.55833333333333,1.15626736111111
08NM165,2025-04-26,3.87916666666667,1.70708333333333
08NM165,2025-04-27,3.90416666666667,2.435625
08NM165,2025-04-28,3.38333333333333,2.90788194444444
08NM165,2025-04-29,3.425,3.07079861111111
08NM165,2025-04-30,3.56666666666667,3.01732638888889
08NM165,2025-05-01,3.84666666666667,3.03802083333333
08NM165,2025-05-02,4.23541666666667,3.50076388888889
08NM165,2025-05-03,4.19583333333333,4.03010416666667
08NM165,2025-05-04,3.5,3.23041666666667
08NM165,2025-05-05,3.46458333333333,2.48486111111111
08NM165,2025-05-06,4.17208333333333,2.28270833333333
08NM165,2025-05-07,4.98333333333333,2.54701388888889
08NM165,2025-05-08,4.6875,2.65447916666667
08NM165,2025-05-09,4.32166666666667,2.23416666666667
08NM165,2025-05-10,4.8375,2.09538194444444
08NM165,2025-05-11,4.5,2.02864583333333
08NM165,2025-05-12,4.96583333333333,1.99253472222222
08NM165,2025-05-13,5.03666666666667,2.37961805555556
08NM165,2025-05-14,5.24166666666667,2.34291666666667
08NM165,2025-05-15,4.78875,2.165
08NM165,2025-05-16,5.09583333333333,1.83954861111111
08NM165,2025-05-17,4.92916666666667,1.70659722222222
08NM165,2025-05-18,4.925,1.94388888888889
08NM165,2025-05-19,4.6375,1.70815972222222
08NM165,2025-05-20,4.54375,1.56333333333333
08NM165,2025-05-21,4.9425,1.3696875
08NM165,2025-05-22,5.20833333333333,1.26986111111111
08NM165,2025-05-23,5.82833333333333,1.18420138888889
08NM165,2025-05-24,6.87833333333333,1.17611111111111
08NM165,2025-05-25,7.5866666666666696,1.24666666666667
08NM165,2025-05-26,8.175,1.37875
08NM165,2025-05-27,7.17083333333333,1.34555555555556
08NM165,2025-05-28,8.01666666666667,1.22986111111111
08NM165,2025-05-29,9.04791666666667,1.30586805555556
08NM165,2025-05-30,7.81875,1.29916666666667
08NM165,2025-05-31,8.99791666666667,1.1321875
08NM165,2025-06-01,7.8825,1.14503472222222
08NM165,2025-06-02,6.98875,1.07444444444444
08NM165,2025-06-03,7.91304347826087,0.989895833333333
08NM165,2025-06-04,8.85958333333333,0.928190972222222
08NM165,2025-06-05,9.27083333333333,0.869440972222222
08NM165,2025-06-06,10.3375,0.81390625
08NM165,2025-06-07,10.4979166666667,0.761298611111111
08NM165,2025-06-08,10.6904166666667,0.690666666666667
08NM165,2025-06-09,11.95875,0.636284722222222
08NM165,2025-06-10,12.2858333333333,0.575552083333333
08NM165,2025-06-11,12.35125,0.516927083333333
08NM165,2025-06-12,12.6375,0.474663194444444
08NM165,2025-06-13,11.8,0.4354375
08NM165,2025-06-14,10.9125,0.404506944444444
08NM165,2025-06-15,10.5208333333333,0.393854166666667
08NM165,2025-06-16,10.945833333333301,0.365565972222222
08NM165,2025-06-17,10.6895833333333,0.33021875
08NM165,2025-06-18,11.0325,0.288850694444444
08NM165,2025-06-19,10.1458333333333,0.276486111111111
08NM165,2025-06-20,10.3791666666667,0.29596875
08NM165,2025-06-21,9.24583333333333,0.449128472222222
08NM165,2025-06-22,9.2125,0.470715277777778
08NM165,2025-06-23,9.85208333333333,0.432618055555556
08NM165,2025-06-24,10.0258333333333,0.404958333333333
08NM165,2025-06-25,11.0595833333333,0.369649305555556
08NM165,2025-06-26,10.87375,0.299618055555556
08NM165,2025-06-27,10.7441666666667,0.271625
08NM165,2025-06-28,10.5625,0.251541666666667
08NM165,2025-06-29,10.7908333333333,0.226006944444444
08NM165,2025-06-30,12.0225,0.202701388888889
08NM165,2025-07-01,13.1054166666667,0.182861111111111
08NM165,2025-07-02,13.5270833333333,0.162239583333333
08NM165,2025-07-03,12.8875,0.145982638888889
08NM165,2025-07-04,12.2845833333333,0.133791666666667
08NM165,2025-07-05,12.8220833333333,0.123774305555556
08NM165,2025-07-06,13.1791666666667,0.115548611111111
08NM165,2025-07-07,12.85625,0.110871527777778
08NM165,2025-07-08,13.8108333333333,0.104670138888889
08NM165,2025-07-09,14.41375,0.0977604166666667
08NM165,2025-07-10,13.375,0.106635416666667
08NM165,2025-07-11,12.6916666666667,0.0978345070422535
08NM165,2025-07-12,14.1175,0.0894270833333333
08NM165,2025-07-13,14.8904166666667,0.0845625
08NM165,2025-07-14,15.3775,0.0793090277777778
08NM165,2025-07-15,13.5595833333333,0.0848923611111111
08NM165,2025-07-16,13.5783333333333,0.078204861111111107
08NM165,2025-07-17,14.195833333333301,0.0727638888888889
08NM165,2025-07-18,13.5333333333333,0.0716840277777778
08NM165,2025-07-19,13.0179166666667,0.0737465277777778
08NM165,2025-07-20,12.9208333333333,0.0788298611111111
08NM165,2025-07-21,13.2675,0.0878298611111111
08NM165,2025-07-22,13.775,0.121979166666667
08NM165,2025-07-23,13.5333333333333,0.104791666666667
08NM165,2025-07-24,14.2458333333333,0.0795138888888889
08NM165,2025-07-25,14.4916666666667,0.0687708333333333
08NM165,2025-07-26,13.3583333333333,0.06909375
08NM165,2025-07-27,13.26625,0.0663159722222222
08NM165,2025-07-28,13.570833333333301,0.0620451388888889
08NM165,2025-07-29,14.3,0.0567291666666667
08NM165,2025-07-30,15.01375,0.05271875
08NM165,2025-07-31,15.5958333333333,0.0500694444444444
08NM165,2025-08-01,16.4583333333333,0.0518402777777778
08NM165,2025-08-02,15.925,0.117361111111111
08NM165,2025-08-03,14.9416666666667,0.111270833333333
08NM165,2025-08-04,14.8083333333333,0.0775277777777778
08NM165,2025-08-05,13.9833333333333,0.075375
08NM165,2025-08-06,14.425,0.0706493055555556
08NM165,2025-08-07,12.9729166666667,0.0824513888888889
08NM165,2025-08-08,12.6554166666667,0.0835868055555556
08NM165,2025-08-09,13.5291666666667,0.0712673611111111
08NM165,2025-08-10,14.7154166666667,0.0607986111111111
08NM165,2025-08-11,15.4791666666667,0.0545277777777778
08NM165,2025-08-12,15.0958333333333,0.0504513888888889
08NM165,2025-08-13,14.9966666666667,0.0476979166666667
08NM165,2025-08-14,14.1404166666667,0.0457222222222222
08NM165,2025-08-15,14.2845833333333,0.0494548611111111
08NM165,2025-08-16,14.3804166666667,0.0753715277777778
08NM165,2025-08-17,13.45,0.0788715277777778
08NM165,2025-08-18,13.1833333333333,0.0599201388888889
08NM165,2025-08-19,13.5666666666667,0.0521423611111111
08NM165,2025-08-20,13.025,0.0490381944444444
08NM165,2025-08-21,12.2125,0.0440729166666667
08NM165,2025-08-22,11.6875,0.0420277777777778
08NM165,2025-08-23,11.8583333333333,0.0406631944444444
08NM165,2025-08-24,12.5470833333333,0.03903125
08NM165,2025-08-25,13.2,0.0374965277777778
08NM165,2025-08-26,13.7733333333333,0.0358020833333333
08NM165,2025-08-27,13.845,0.0338020833333333
08NM165,2025-08-28,14.3583333333333,0.0340243055555556
08NM165,2025-08-29,14.9216666666667,0.0347048611111111
08NM165,2025-08-30,14.6575,0.0354861111111111
08NM165,2025-08-31,13.8658333333333,0.0328958333333333
08NM165,2025-09-01,13.8083333333333,0.0320069444444444
08NM165,2025-09-02,14.2875,0.0311805555555556
08NM165,2025-09-03,14.4791666666667,0.02978125
08NM165,2025-09-04,14.6041666666667,0.0290555555555556
08NM165,2025-09-05,13.320833333333301,0.0299548611111111
08NM165,2025-09-06,13.2166666666667,0.02975
08NM165,2025-09-07,13.4666666666667,0.03021875
08NM165,2025-09-08,13.2458333333333,0.0330069444444444
08NM165,2025-09-09,12.8041666666667,0.03553125
08NM165,2025-09-10,12.3625,0.0320208333333333
08NM165,2025-09-11,12.2604166666667,0.0306111111111111
08NM165,2025-09-12,12.1416666666667,0.0300381944444444
08NM165,2025-09-13,12.0983333333333,0.02865625
08NM165,2025-09-14,12.81875,0.0283541666666667
08NM165,2025-09-15,12.7125,0.0316770833333333
08NM165,2025-09-16,11.955,0.0319305555555556
08NM165,2025-09-17,11.8416666666667,0.0301597222222222
08NM165,2025-09-18,11.7883333333333,0.0282534722222222
08NM165,2025-09-19,10.8075,0.0275729166666667
08NM165,2025-09-20,10.155,0.0277152777777778
08NM165,2025-09-21,11.539583333333301,0.0276180555555556
08NM165,2025-09-22,10.2416666666667,0.0288055555555556
08NM165,2025-09-23,9.5325,0.02796875
08NM165,2025-09-24,9.5375,0.0274618055555556
08NM165,2025-09-25,9.43666666666667,0.0271875
08NM165,2025-09-26,8.23333333333333,0.0282534722222222
08NM165,2025-09-27,8.74083333333333,0.0283020833333333
08NM165,2025-09-28,9.55416666666667,0.02790625
08NM165,2025-09-29,9.64166666666667,0.0282326388888889
08NM165,2025-09-30,10.5595833333333,0.0329652777777778
08NM165,2025-10-01,9.525,0.0361597222222222
08NM165,2025-10-02,8.95416666666667,0.0334409722222222
08NM165,2025-10-03,7.995,0.0322430555555556
08NM165,2025-10-04,7.85625,0.0315347222222222
08NM165,2025-10-05,6.46666666666667,0.03178125
08NM165,2025-10-06,6.56375,0.0323541666666667
08NM165,2025-10-07,6.37916666666667,0.0319583333333333
08NM165,2025-10-08,7.14583333333333,0.0310972222222222
08NM165,2025-10-09,6.4625,0.0305381944444444
08NM165,2025-10-10,6.02083333333333,0.0307222222222222
08NM165,2025-10-11,6.34791666666667,0.0310833333333333
08NM165,2025-10-12,5.6320833333333304,0.0312638888888889
08NM165,2025-10-13,4.10416666666667,0.0308020833333333
08NM165,2025-10-14,2.01375,0.0314756944444444
08NM165,2025-10-15,1.10416666666667,0.03228125
08NM165,2025-10-16,1.5375,0.0325729166666667
08NM165,2025-10-17,2.77416666666667,0.03353125
08NM165,2025-10-18,2.69166666666667,0.0350868055555556
08NM165,2025-10-19,3.59916666666667,0.0430972222222222
08NM165,2025-10-20,3.66458333333333,0.0603506944444444
08NM165,2025-10-21,4.07791666666667,0.0456493055555556
08NM165,2025-10-22,3.3,0.0418159722222222
08NM165,2025-10-23,3.4625,0.0414791666666667
08NM165,2025-10-24,4.25,0.0412916666666667
08NM165,2025-10-25,4.59583333333333,0.0452777777777778
08NM165,2025-10-26,4.1625,0.0553090277777778
08NM165,2025-10-27,3.175,0.0516319444444444
08NM165,2025-10-28,1.72916666666667,0.0454131944444444
08NM165,2025-10-29,1.70333333333333,0.0463159722222222
08NM165,2025-10-30,1.69583333333333,0.0480833333333333
08NM165,2025-10-31,1.0875,0.04428125
08NM165,2025-11-01,2.44083333333333,0.0441979166666667
08NM165,2025-11-02,2.11666666666667,0.0582083333333333
08NM165,2025-11-03,1.43958333333333,0.0538472222222222
08NM165,2025-11-04,0.891666666666667,0.0490763888888889
08NM165,2025-11-05,0.555,0.0457881944444444
08NM165,2025-11-06,2.01791666666667,0.0525034722222222
08NM165,2025-11-07,3.0375,0.085697916666666707
08NM165,2025-11-08,1.81458333333333,0.0771875
08NM165,2025-11-09,1.775,0.0582465277777778
08NM165,2025-11-10,2.2125,0.0520347222222222
08NM165,2025-11-11,2.76458333333333,0.0499166666666667
08NM165,2025-11-12,2.32608695652174,0.0488125
08NM165,2025-11-13,3.40416666666667,0.0482604166666667
08NM165,2025-11-14,3.75416666666667,0.0580590277777778
08NM165,2025-11-15,2.84583333333333,0.07096875
08NM165,2025-11-16,3.49166666666667,0.06571875
08NM165,2025-11-17,4.3375,0.0699305555555556
08NM165,2025-11-18,4.70833333333333,0.114170138888889
08NM165,2025-11-19,3.39708333333333,0.111805555555556
08NM165,2025-11-20,2.9,0.0820590277777778
08NM165,2025-11-21,2.05,0.0696909722222222
08NM165,2025-11-22,2.5075,0.0629375
08NM165,2025-11-23,3.1125,0.0661875
08NM165,2025-11-24,2.86375,0.0674201388888889
08NM165,2025-11-25,1.69583333333333,0.0593368055555556
08NM165,2025-11-26,1.29583333333333,0.0530625
08NM165,2025-11-27,1.25,0.0553472222222222
08NM165,2025-11-28,0.219583333333333,0.0553541666666667
08NM165,2025-11-29,-0.0958333333333333,0.0442673611111111
08NM165,2025-11-30,-0.1,0.05746875
08NM165,2025-12-01,-0.1,0.0592491228070175
08NM165,2025-12-02,-0.0833333333333333,0.0511354166666667
08NM165,2025-12-03,-0.0166666666666667,0.0498159722222222
08NM165,2025-12-04,-0.0383333333333333,0.0502048611111111
08NM165,2025-12-05,-0.0458333333333333,0.05015625
08NM165,2025-12-06,-0.1,0.0518020833333333
08NM165,2025-12-07,-0.0826086956521739,0.0513611111111111
08NM165,2025-12-08,0.0515384615384615,0.0535798611111111
08NM165,2025-12-09,0.1125,0.0631111111111111
08NM165,2025-12-10,0.432173913043478,0.06365625
08NM165,2025-12-11,0.736666666666667,0.0908368055555556
08NM165,2025-12-12,1.03333333333333,0.0885173611111111
08NM165,2025-12-13,0.9125,0.0786423611111111
08NM165,2025-12-14,1.28833333333333,0.0755208333333333
08NM165,2025-12-15,1.89583333333333,0.0855625
08NM165,2025-12-16,1.70416666666667,0.178482638888889
08NM165,2025-12-17,1.5375,0.222760416666667
08NM165,2025-12-18,0.779166666666667,0.161482638888889
08NM165,2025-12-19,-0.0333333333333333,0.108270833333333
08NM165,2025-12-20,-0.1,0.0907534722222222
08NM165,2025-12-21,-0.1,0.114131944444444
08NM165,2025-12-22,-0.1,0.0825347222222222
08NM165,2025-12-23,-0.1,0.0740868055555556
08NM165,2025-12-24,-0.1,0.0853472222222222
08NM165,2025-12-25,-0.1,0.078
08NM165,2025-12-26,-0.1,0.0760902777777778
08NM165,2025-12-27,-0.1,0.0495520833333333
08NM165,2025-12-28,-0.1,0.0297534722222222
08NM165,2025-12-29,-0.1,0.065125
08NM165,2025-12-30,-0.1,0.0710555555555556
08NM165,2025-12-31,-0.1,0.0707951388888889
08NM165,2026-01-01,-0.1,0.07
08NM165,2026-01-02,-0.1,0.0695347222222222
08NM165,2026-01-03,-0.1,0.069
08NM165,2026-01-04,-0.0991666666666667,0.0684548611111111
08NM165,2026-01-05,-0.0741666666666667,0.0678819444444445
08NM165,2026-01-06,-0.05125,0.0636840277777778
08NM165,2026-01-07,0,0.0626979166666667
08NM165,2026-01-08,0.0383333333333333,0.0611354166666667
08NM165,2026-01-09,0.0166666666666667,0.0597534722222222
08NM165,2026-01-10,0.1875,0.0590208333333333
08NM165,2026-01-11,0.283333333333333,0.0599236111111111
08NM165,2026-01-12,0.283333333333333,0.0609340277777778
08NM165,2026-01-13,0.315416666666667,0.0632222222222222
08NM165,2026-01-14,0.0541666666666667,0.0728402777777778
08NM165,2026-01-15,-0.0333333333333333,0.0859652777777778
08NM165,2026-01-16,0.06875,0.0791701388888889
08NM165,2026-01-17,-0.1,0.0678263888888889
08NM165,2026-01-18,-0.1,0.0775
08NM165,2026-01-19,-0.1,0.0678993055555556
08NM165,2026-01-20,-0.1,0.0680069444444445
08NM165,2026-01-21,-0.1,0.0649826388888889
08NM165,2026-01-22,-0.1,0.0626319444444444
08NM165,2026-01-23,-0.1,0.0605
08NM165,2026-01-24,-0.1,0.0516909722222222
08NM165,2026-01-25,-0.1,0.0472291666666667
08NM165,2026-01-26,-0.1,0.0524826388888889
08NM165,2026-01-27,-0.1,0.0569201388888889
08NM165,2026-01-28,-0.1,0.0604236111111111
08NM165,2026-01-29,-0.1,0.0693298611111111
08NM165,2026-01-30,-0.1,0.0736840277777778
08NM165,2026-01-31,-0.1,0.0738506944444444
08NM165,2026-02-01,-0.1,0.073
08NM165,2026-02-02,-0.1,0.073
08NM165,2026-02-03,-0.1,0.07340625
08NM165,2026-02-04,-0.1,0.0727534722222222
08NM165,2026-02-05,-0.1,0.0742777777777778
08NM165,2026-02-06,-0.095,0.07371875
08NM165,2026-02-07,-0.0791666666666667,0.0725486111111111
08NM165,2026-02-08,0.01875,0.0726458333333333
08NM165,2026-02-09,0.0291666666666667,0.06978125
08NM165,2026-02-10,0.125,0.0687638888888889
08NM165,2026-02-11,0.204166666666667,0.0682395833333333
08NM165,2026-02-12,0.0791666666666667,0.0663125
08NM165,2026-02-13,0.221666666666667,0.0664583333333333
08NM165,2026-02-14,0.359583333333333,0.0671944444444444
08NM165,2026-02-15,0.16125,0.0644513888888889
08NM165,2026-02-16,-0.0429166666666667,0.0652256944444444
08NM165,2026-02-17,0.104166666666667,0.06503125
08NM165,2026-02-18,0.0416666666666667,0.0622326388888889
08NM165,2026-02-19,-0.1,0.0865763888888889
08NM165,2026-02-20,-0.1,0.117388888888889
08NM165,2026-02-21,-0.1,0.244892361111111
08NM165,2026-02-22,-0.1,0.114381944444444
08NM165,2026-02-23,-0.1,0.0831770833333333
08NM165,2026-02-24,-0.1,0.0640243055555555
08NM165,2026-02-25,-0.1,0.0566979166666667
08NM165,2026-02-26,-0.1,0.0590138888888889
08NM165,2026-02-27,-0.0825,0.0598263888888889
08NM165,2026-02-28,-0.0575,0.0596909722222222
08NM165,2026-03-01,-0.0541666666666667,0.0576319444444444
08NM165,2026-03-02,-0.1,0.0563090277777778
08NM165,2026-03-03,-0.00833333333333333,0.05875
08NM165,2026-03-04,0.00416666666666667,0.0635277777777778
08NM165,2026-03-05,-0.0145833333333333,0.06940625
08NM165,2026-03-06,0.320833333333333,0.0662847222222222
08NM165,2026-03-07,-0.0416666666666667,0.0878993055555556
08NM165,2026-03-08,-0.1,0.171243055555556
08NM165,2026-03-09,-0.1,0.125423611111111
08NM165,2026-03-10,-0.1,0.117135416666667
08NM165,2026-03-11,-0.1,0.125583333333333
08NM165,2026-03-12,-0.0583333333333333,0.0990243055555556
08NM165,2026-03-13,0.0508333333333333,0.0924201388888889
08NM165,2026-03-14,0.0333333333333333,0.0890833333333333
08NM165,2026-03-15,-0.1,0.102864583333333
08NM165,2026-03-16,-0.1,0.120788194444444
08NM165,2026-03-17,0.005,0.0891076388888889
08NM165,2026-03-18,0.208333333333333,0.115565972222222
08NM165,2026-03-19,0.136666666666667,0.182291666666667
08NM165,2026-03-20,0.64375,0.310253472222222
08NM165,2026-03-21,0.897916666666667,0.440256944444444
08NM165,2026-03-22,0.445833333333333,0.428336805555556
08NM165,2026-03-23,0.775,0.357486111111111
08NM165,2026-03-24,1.55583333333333,0.328493055555556
08NM165,2026-03-25,1.125,0.322597222222222
08NM165,2026-03-26,0.842916666666667,0.283878472222222
08NM165,2026-03-27,0.6425,0.265256944444444
08NM165,2026-03-28,1.65833333333333,0.25715625
08NM165,2026-03-29,1.39833333333333,0.250822916666667
08NM165,2026-03-30,0.635416666666667,0.23653125
08NM165,2026-03-31,0.0708333333333333,0.276263888888889
08NM165,2026-04-01,0.391666666666667,0.235399305555556
08NM165,2026-04-02,1.39166666666667,0.215347222222222
08NM165,2026-04-03,2.045,0.208541666666667
08NM165,2026-04-04,2.75416666666667,0.208631944444444
08NM165,2026-04-05,2.8,0.229489583333333
08NM165,2026-04-06,3.15833333333333,0.273184027777778
08NM165,2026-04-07,3.17083333333333,0.345086805555556
08NM165,2026-04-08,1.82083333333333,0.3728125
08NM165,2026-04-09,2.06041666666667,0.382597222222222
08NM165,2026-04-10,2.52083333333333,0.415079861111111
08NM165,2026-04-11,3.48958333333333,0.508104166666667
08NM165,2026-04-12,3.31666666666667,1.02299305555556
08NM165,2026-04-13,2.86041666666667,1.57038194444444
08NM165,2026-04-14,2.76666666666667,1.68881944444444
08NM165,2026-04-15,2.19833333333333,1.36857638888889
08NM165,2026-04-16,1.68333333333333,1.06776388888889
08NM165,2026-04-17,2.07083333333333,0.916315972222222
08NM165,2026-04-18,2.22083333333333,0.8301875
08NM165,2026-04-19,3.35,0.813135416666667
08NM165,2026-04-20,4.11583333333333,0.924145833333333
08NM165,2026-04-21,4.72916666666667,1.25851388888889
08NM165,2026-04-22,4.73333333333333,1.61815972222222
08NM165,2026-04-23,3.5,1.6803125
08NM165,2026-04-24,2.49083333333333,1.26875
08NM165,2026-04-25,2.37083333333333,1.07635416666667
08NM165,2026-04-26,2.51666666666667,0.971420138888889
08NM165,2026-04-27,2.85416666666667,0.888291666666667
08NM165,2026-04-28,3.99166666666667,0.856319444444444
08NM165,2026-04-29,4.3325,0.865930555555556
08NM165,2026-04-30,4.47833333333333,0.872145833333333
08NM165,2026-05-01,5.52166666666667,0.968413194444444
08NM165,2026-05-02,5.73333333333333,1.03240625
08NM165,2026-05-03,5.87416666666667,1.08383680555556
08NM165,2026-05-04,6.54166666666667,1.18222222222222
08NM165,2026-05-05,6.65833333333333,1.20996527777778
08NM165,2026-05-06,7.0075,1.11190972222222
08NM165,2026-05-07,7.40416666666667,1.08191666666667
08NM165,2026-05-08,7.19875,0.929013888888889
08NM165,2026-05-09,6.56416666666667,0.807829861111111
08NM165,2026-05-10,7.64166666666667,0.731347222222222
08NM165,2026-05-11,7.6125,0.675465277777778
08NM165,2026-05-12,7.075,0.618121527777778
08NM165,2026-05-13,7.75291666666667,0.590861111111111
08NM165,2026-05-14,6.49166666666667,0.987166666666667
08NM165,2026-05-15,6.01583333333333,0.735840277777778
08NM165,2026-05-16,4.77083333333333,0.638638888888889
08NM165,2026-05-17,5.325,0.588118055555556
08NM165,2026-05-18,5.93333333333333,0.546100694444444
08NM165,2026-05-19,6.78333333333333,0.504215277777778
08NM165,2026-05-20,6.82083333333333,0.493798611111111
08NM165,2026-05-21,7.00416666666667,0.446996527777778
08NM165,2026-05-22,7.54166666666667,0.419586805555556
08NM165,2026-05-23,8.3625,0.411506944444444
08NM165,2026-05-24,9.09166666666667,0.374878472222222
08NM165,2026-05-25,9.64166666666667,0.347121527777778
08NM165,2026-05-26,9.3375,0.329517361111111
08NM165,2026-05-27,9.09583333333333,0.324597222222222
08NM165,2026-05-28,10.4125,0.304138888888889
08NM165,2026-05-29,11.5116666666667,0.321993055555556
08NM165,2026-05-30,9.1625,0.358871527777778
08NM165,2026-05-31,8.74375,0.306045138888889
08NM165,2026-06-01,8.89833333333333,0.269725694444444
08NM165,2026-06-02,8.75541666666667,0.253125
08NM165,2026-06-03,10.0320833333333,0.238829861111111
08NM165,2026-06-04,9.8525,0.232791666666667
08NM165,2026-06-05,9.89583333333333,0.216444444444444
08NM165,2026-06-06,8.59166666666667,0.204784722222222
08NM165,2026-06-07,7.62916666666667,0.217982638888889
08NM165,2026-06-08,7.34708333333333,0.222447916666667
08NM165,2026-06-09,8.38458333333333,0.216541666666667
08NM165,2026-06-10,8.41458333333333,0.231055555555556
08NM165,2026-06-11,8.72083333333333,0.216361111111111
08NM165,2026-06-12,9.67,0.20325
08NM165,2026-06-13,9.72083333333333,0.19228125
08NM165,2026-06-14,10.31125,0.183920138888889
08NM165,2026-06-15,11.6083333333333,0.173697916666667
08NM165,2026-06-16,12.2554166666667,0.165097222222222
08NM165,2026-06-17,12.11375,0.1549375
08NM165,2026-06-18,11.3333333333333,0.145100694444444
08NM165,2026-06-19,11.3091666666667,0.132934027777778
08NM165,2026-06-20,11.9666666666667,0.123642361111111
08NM165,2026-06-21,11.4583333333333,0.114423611111111
08NM165,2026-06-22,11.2520833333333,0.1070625
08NM165,2026-06-23,11.8795833333333,0.0991527777777778
08NM165,2026-06-24,12.8916666666667,0.0916840277777778
08NM165,2026-06-25,13.3708333333333,0.0869375
08NM165,2026-06-26,13.4908333333333,0.0818229166666667
08NM165,2026-06-27,12.3408333333333,0.0802118055555556
08NM165,2026-06-28,11.9,0.0793611111111111
08NM165,2026-06-29,13.0695833333333,0.07346875
08NM165,2026-06-30,13.4173913043478,0.0740347222222222
08NM165,2026-07-01,12.3625,0.0757777777777778
08NM165,2026-07-02,11.4741666666667,0.0708125
08NM165,2026-07-03,11.6470833333333,0.0745034722222222
08NM165,2026-07-04,12.8375,0.071
08NM165,2026-07-05,12.6825,0.0620798611111111
08NM165,2026-07-06,12.33125,0.05765625
08NM165,2026-07-07,13.4625,0.0536944444444444
08NM165,2026-07-08,14.725,0.0495798611111111
08NM165,2026-07-09,14.5541666666667,0.0449618055555556
08NM165,2026-07-10,14.3916666666667,0.0432569444444444
08NM165,2026-07-11,14.425,0.0431388888888889
08NM165,2026-07-12,13.725,0.0414340277777778
08NM165,2026-07-13,13.125,0.0396180555555556
08NM165,2026-07-14,13.6,0.0374421052631579
08NM165,2026-07-15,15.0604166666667,0.0345416666666667
08NM165,2026-07-16,15.71125,0.0338611111111111
08NM165,2026-07-17,16.4416666666667,0.0330208333333333
08NM165,2026-07-18,16.3125,0.0302534722222222
08NM165,2026-07-19,14.8086956521739,0.0292118055555556
08NM165,2026-07-20,14.7875,0.0299409722222222
08NM165,2026-07-21,15.8125,0.0280659722222222
08NM165,2026-07-22,16.6341666666667,0.0261458333333333
08NM165,2026-07-23,16.85,0.0247465277777778
08NM165,2026-07-24,16.6720833333333,0.0255
08NM165,2026-07-25,16.6833333333333,0.0230347222222222
08NM165,2026-07-26,15.4391666666667,0.0270486111111111
08NM165,2026-07-27,15.5629166666667,0.0254027777777778
08NM165,2026-07-28,15.0041666666667,0.0239826388888889
08NM165,2026-07-29,14.35,0.02234375
08NM165,2026-07-30,14.1166666666667,0.0209791666666667
08NM165,2026-07-31,14.2666666666667,0.0198993055555556
08NM165,2026-08-01,14.8466666666667,0.0188263888888889
08NM165,2026-08-02,13.2158333333333,0.0178888888888889
08NM165,2026-08-03,12.352083333333301,0.02053125
08NM165,2026-08-04,12.4270833333333,0.0202708333333333
08NM165,2026-08-05,13.0491666666667,0.0185833333333333
08NM165,2026-08-06,13.3625,0.0176944444444444
08NM165,2026-08-07,13.7958333333333,0.0168055555555556
08NM165,2026-08-08,14.4354166666667,0.0159305555555556
08NM165,2026-08-09,13.8320833333333,0.0155243055555556
08NM165,2026-08-10,14.133333333333301,0.0156319444444444
08NM165,2026-08-11,14.175,0.0155
08NM165,2026-08-12,14.6208333333333,0.0156041666666667
08NM165,2026-08-13,14.3333333333333,0.0147638888888889
08NM165,2026-08-14,13.825,0.0143333333333333
08NM165,2026-08-15,13.99875,0.0135555555555556
08NM165,2026-08-16,14.0925,0.0135625
08NM165,2026-08-17,14.2866666666667,0.0131805555555556
08NM165,2026-08-18,15.07,0.0125208333333333
08NM165,2026-08-19,15.15,0.0117638888888889
08NM165,2026-08-20,15.5508333333333,0.0113020833333333
08NM165,2026-08-21,15.5029166666667,0.0110868055555556
08NM165,2026-08-22,16.0825,0.0102465277777778
08NM165,2026-08-23,15.3958333333333,0.0196840277777778
08NM165,2026-08-24,13.6604166666667,0.0194201388888889
08NM165,2026-08-25,13.8033333333333,0.0173611111111111
08NM165,2026-08-26,14.1479166666667,0.01571875
08NM165,2026-08-27,14.1619047619048,0.014594262295082
08NM171,2024-10-19,3.46666666666667,0.140474226804124
08NM171,2024-10-20,6.3,0.19864
08NM171,2024-10-21,5.35,0.1724
08NM171,2024-10-22,2.65,0.1486
08NM171,2024-10-23,1.1,0.13144
08NM171,2024-10-24,1,0.122269230769231
08NM171,2024-10-25,1.25,0.12688
08NM171,2024-10-26,2.9,0.12704
08NM171,2024-10-27,3.5,0.22052
08NM171,2024-10-28,2.7,0.213307692307692
08NM171,2024-10-29,1.8,0.17488
08NM171,2024-10-30,2.1,0.156307692307692
08NM171,2024-10-31,2.25,0.148769230769231
08NM171,2024-11-01,1.7,0.140142857142857
08NM171,2024-11-02,2.08333333333333,0.153917808219178
08NM171,2024-11-03,1.7,0.153214285714286
08NM171,2024-11-04,1.3,0.139294117647059
08NM171,2024-11-05,0.45,0.137076923076923
08NM171,2024-11-06,0,0.130653846153846
08NM171,2024-11-07,0.05,0.13824
08NM171,2024-11-08,0.6,0.143538461538462
08NM171,2024-11-09,1.2,0.15976
08NM171,2024-11-10,1.5,0.184357142857143
08NM171,2024-11-11,1.9,0.20676
08NM171,2024-11-12,0.914285714285714,0.195788235294118
08NM171,2024-11-13,1.12,0.178366666666667
08NM171,2024-11-14,1.9,0.18612
08NM171,2024-11-15,1.22857142857143,0.166411764705882
08NM171,2024-11-16,0,0.0794
08NM171,2024-11-17,0,0.089
08NM171,2024-11-18,0,0.095
08NM171,2024-11-19,0,0.096
08NM171,2024-11-20,-0.1,0.0977307692307692
08NM171,2024-11-21,-0.1,0.1
08NM171,2024-11-22,-0.05,0.103
08NM171,2024-11-23,0.1,0.104461538461538
08NM171,2024-11-24,-0.1,0.106
08NM171,2024-11-25,0.0291666666666667,0.106989583333333
08NM171,2024-11-26,0.108333333333333,0.107
08NM171,2024-11-27,-0.0291666666666667,0.107
08NM171,2024-11-28,-0.00416666666666667,0.107
08NM171,2024-11-29,-0.0166666666666667,0.107
08NM171,2024-11-30,0,0.107
08NM171,2024-12-01,0,0.107
08NM171,2024-12-02,-0.05,0.107
08NM171,2024-12-03,0.05,0.107
08NM171,2024-12-04,0.0666666666666667,0.107
08NM171,2024-12-05,0.0666666666666667,0.107
08NM171,2024-12-06,0.05,0.107
08NM171,2024-12-07,0,0.107
08NM171,2024-12-08,-0.1,0.107
08NM171,2024-12-09,-0.1,0.104
08NM171,2024-12-10,-0.05,0.103
08NM171,2024-12-11,-0.0666666666666667,0.101
08NM171,2024-12-12,-0.0666666666666667,0.101
08NM171,2024-12-13,-0.1,0.102
08NM171,2024-12-14,-0.1,0.103
08NM171,2024-12-15,-0.1,0.103
08NM171,2024-12-16,-0.1,0.104
08NM171,2024-12-17,-0.0666666666666667,0.104
08NM171,2024-12-18,0,0.105
08NM171,2024-12-19,0.1,0.106
08NM171,2024-12-20,0.2,0.106
08NM171,2024-12-21,0.2,0.106
08NM171,2024-12-22,0.2,0.104
08NM171,2024-12-23,0.3,0.103639344262295
08NM171,2024-12-24,0.3,0.100384615384615
08NM171,2024-12-25,0.166666666666667,0.098
08NM171,2024-12-26,0.3,0.098
08NM171,2024-12-27,0.2,0.098
08NM171,2024-12-28,0.25,0.098
08NM171,2024-12-29,0.3,0.098
08NM171,2024-12-30,0.25,0.098
08NM171,2024-12-31,0.2,0.098
08NM171,2025-01-01,0.2,0.098
08NM171,2025-01-02,0.2,0.098
08NM171,2025-01-03,0.2,0.0981538461538462
08NM171,2025-01-04,0.2,0.101
08NM171,2025-01-05,0.3,0.101
08NM171,2025-01-06,0.1,0.103
08NM171,2025-01-07,0,0.103
08NM171,2025-01-08,0.1,0.103
08NM171,2025-01-09,0.1,0.103
08NM171,2025-01-10,0.1,0.102
08NM171,2025-01-11,0.2,0.102
08NM171,2025-01-12,0.233333333333333,0.102
08NM171,2025-01-13,0.1,0.102
08NM171,2025-01-14,0.1,0.102
08NM171,2025-01-15,0,0.101
08NM171,2025-01-16,0,0.1
08NM171,2025-01-17,0,0.1
08NM171,2025-01-18,-0.1,0.1
08NM171,2025-01-19,-0.0833333333333333,0.099
08NM171,2025-01-20,-0.1,0.099
08NM171,2025-01-21,-0.1,0.099
08NM171,2025-01-22,-0.1,0.098
08NM171,2025-01-23,-0.0333333333333333,0.0965526315789474
08NM171,2025-01-24,0,0.095
08NM171,2025-01-25,0,0.094
08NM171,2025-01-26,0,0.0914516129032258
08NM171,2025-01-27,0,0.088
08NM171,2025-01-28,-0.0458333333333333,0.088
08NM171,2025-01-29,-0.0791666666666667,0.0877604166666667
08NM171,2025-01-30,-0.075,0.087
08NM171,2025-01-31,-0.0708333333333333,0.0863888888888889
08NM171,2025-02-01,-0.0583333333333333,0.0844305555555556
08NM171,2025-02-02,-0.0375,0.0821215277777778
08NM171,2025-02-03,-0.0333333333333333,0.0796701388888889
08NM171,2025-02-04,-0.05,0.0771631944444444
08NM171,2025-02-05,-0.0875,0.0748229166666667
08NM171,2025-02-06,-0.075,0.0729930555555555
08NM171,2025-02-07,-0.0958333333333333,0.0714236111111111
08NM171,2025-02-08,-0.0958333333333333,0.0692326388888889
08NM171,2025-02-09,-0.1,0.0668472222222222
08NM171,2025-02-10,-0.1,0.0635555555555556
08NM171,2025-02-11,-0.1,0.0597152777777778
08NM171,2025-02-12,-0.1,0.05665625
08NM171,2025-02-13,-0.1,0.0543784722222222
08NM171,2025-02-14,-0.1,0.054
08NM171,2025-02-15,-0.1,0.0540173611111111
08NM171,2025-02-16,-0.1,0.0556493055555556
08NM171,2025-02-17,-0.1,0.0581423611111111
08NM171,2025-02-18,-0.1,0.0607743055555556
08NM171,2025-02-19,-0.1,0.0644583333333333
08NM171,2025-02-20,-0.1,0.0684097222222222
08NM171,2025-02-21,-0.1,0.0716979166666667
08NM171,2025-02-22,-0.1,0.0745625
08NM171,2025-02-23,-0.1,0.076
08NM171,2025-02-24,-0.1,0.076
08NM171,2025-02-25,-0.1,0.0762222222222222
08NM171,2025-02-26,-0.1,0.077
08NM171,2025-02-27,-0.0541666666666667,0.0777743055555556
08NM171,2025-02-28,-0.00416666666666667,0.0791458333333333
08NM171,2025-03-01,0,0.0806979166666667
08NM171,2025-03-02,0,0.081
08NM171,2025-03-03,0,0.081
08NM171,2025-03-04,0,0.081
08NM171,2025-03-05,0,0.0806284722222222
08NM171,2025-03-06,0.0791666666666667,0.0795034722222222
08NM171,2025-03-07,0.1,0.07815625
08NM171,2025-03-08,0.1,0.0767951388888889
08NM171,2025-03-09,0.0916666666666667,0.0749305555555556
08NM171,2025-03-10,0.108333333333333,0.0731944444444444
08NM171,2025-03-11,0.15,0.0721423611111111
08NM171,2025-03-12,0.2,0.0711805555555556
08NM171,2025-03-13,0.0916666666666667,0.0708888888888889
08NM171,2025-03-14,-0.0458333333333333,0.07
08NM171,2025-03-15,0,0.07
08NM171,2025-03-16,0.0583333333333333,0.07
08NM171,2025-03-17,0.0375,0.07
08NM171,2025-03-18,-0.00416666666666667,0.07
08NM171,2025-03-19,0.0166666666666667,0.07
08NM171,2025-03-20,0.120833333333333,0.0709548611111111
08NM171,2025-03-21,0.220833333333333,0.071
08NM171,2025-03-22,0.241666666666667,0.071
08NM171,2025-03-23,0.2625,0.071
08NM171,2025-03-24,0.291666666666667,0.0752847222222222
08NM171,2025-03-25,0,0.0975486111111111
08NM171,2025-03-26,-0.0916666666666667,0.136402777777778
08NM171,2025-03-27,-0.1,0.194666666666667
08NM171,2025-03-28,-0.1,0.2963125
08NM171,2025-03-29,-0.1,0.564972222222222
08NM171,2025-03-30,-0.0791666666666667,0.415135416666667
08NM171,2025-03-31,-0.075,0.374881944444444
08NM171,2025-04-01,0.0428571428571429,0.347503472222222
08NM171,2025-04-02,0.21304347826087,0.307614583333333
08NM171,2025-04-03,0.216666666666667,0.270013888888889
08NM171,2025-04-04,0.120833333333333,0.242920138888889
08NM171,2025-04-05,0.239130434782609,0.237038194444444
08NM171,2025-04-06,0.563636363636364,0.254684027777778
08NM171,2025-04-07,0.288235294117647,0.489881944444444
08NM171,2025-04-08,-0.00416666666666667,1.52236458333333
08NM171,2025-04-09,0.316666666666667,1.27930555555556
08NM171,2025-04-10,0.695833333333333,0.993388888888889
08NM171,2025-04-11,0.808333333333333,1.03542361111111
08NM171,2025-04-12,0.7,1.11572916666667
08NM171,2025-04-13,0.329166666666667,1.02125694444444
08NM171,2025-04-14,0.6625,0.912597222222222
08NM171,2025-04-15,1.16666666666667,0.996086805555556
08NM171,2025-04-16,1.00833333333333,1.364375
08NM171,2025-04-17,0.508333333333333,1.28118055555556
08NM171,2025-04-18,0.945833333333333,1.21809027777778
08NM171,2025-04-19,1.55,1.5553125
08NM171,2025-04-20,1.15416666666667,1.84256944444444
08NM171,2025-04-21,0.9875,1.62104166666667
08NM171,2025-04-22,0.7625,1.39541666666667
08NM171,2025-04-23,0.9125,1.26597222222222
08NM171,2025-04-24,1.2625,1.20701388888889
08NM171,2025-04-25,1.78333333333333,1.47052083333333
08NM171,2025-04-26,1.80416666666667,1.99013888888889
08NM171,2025-04-27,1.75416666666667,2.65472222222222
08NM171,2025-04-28,1.6,3.1553125
08NM171,2025-04-29,1.83333333333333,3.47284722222222
08NM171,2025-04-30,1.975,3.81211805555556
08NM171,2025-05-01,2.29583333333333,3.96354166666667
08NM171,2025-05-02,2.39166666666667,4.72347222222222
08NM171,2025-05-03,2.59166666666667,6.05229166666667
08NM171,2025-05-04,2.00833333333333,6.45375
08NM171,2025-05-05,2.04166666666667,4.42548611111111
08NM171,2025-05-06,2.67083333333333,4.110625
08NM171,2025-05-07,3.425,4.39260416666667
08NM171,2025-05-08,3.4625,5.36118055555556
08NM171,2025-05-09,3.08333333333333,4.4309375
08NM171,2025-05-10,3.49130434782609,4.05898601398601
08NM171,2025-05-11,3.37083333333333,4.08302083333333
08NM171,2025-05-12,3.56666666666667,4.25076388888889
08NM171,2025-05-13,3.49583333333333,4.48069444444444
08NM171,2025-05-14,3.725,4.49951388888889
08NM171,2025-05-15,3.62083333333333,4.05385416666667
08NM171,2025-05-16,3.85,3.72680555555556
08NM171,2025-05-17,3.80416666666667,3.53055555555556
08NM171,2025-05-18,3.97916666666667,4.06815972222222
08NM171,2025-05-19,3.42083333333333,3.36215277777778
08NM171,2025-05-20,3.30869565217391,2.90746527777778
08NM171,2025-05-21,3.5,2.6809375
08NM171,2025-05-22,3.37826086956522,2.48784722222222
08NM171,2025-05-23,3.92916666666667,2.46965277777778
08NM171,2025-05-24,4.68333333333333,2.72170138888889
08NM171,2025-05-25,5.25833333333333,3.31479166666667
08NM171,2025-05-26,5.81666666666667,4.53194444444444
08NM171,2025-05-27,5.37083333333333,4.54802083333333
08NM171,2025-05-28,5.87916666666667,4.04256944444444
08NM171,2025-05-29,6.9,4.48329861111111
08NM171,2025-05-30,6.30833333333333,3.91506944444444
08NM171,2025-05-31,7.04583333333333,3.42454861111111
08NM171,2025-06-01,6.9375,3.23548611111111
08NM171,2025-06-02,5.78333333333333,2.50729166666667
08NM171,2025-06-03,5.79583333333333,2.21006944444444
08NM171,2025-06-04,6.27916666666667,2.0828125
08NM171,2025-06-05,6.37083333333333,1.93732638888889
08NM171,2025-06-06,7.2,1.92927083333333
08NM171,2025-06-07,7.85416666666667,1.9715625
08NM171,2025-06-08,7.95416666666667,1.90309027777778
08NM171,2025-06-09,8.6,1.8253125
08NM171,2025-06-10,9.18333333333333,1.70413194444444
08NM171,2025-06-11,9.25,1.49253472222222
08NM171,2025-06-12,9.39166666666667,1.35079861111111
08NM171,2025-06-13,9.3625,1.24510416666667
08NM171,2025-06-14,8.91666666666667,1.15315972222222
08NM171,2025-06-15,8.5625,1.03710069444444
08NM171,2025-06-16,8.60833333333333,0.907128472222222
08NM171,2025-06-17,8.7375,0.810916666666667
08NM171,2025-06-18,8.68333333333333,0.734229166666667
08NM171,2025-06-19,8.73043478260869,0.683395833333333
08NM171,2025-06-20,8.50416666666667,0.625722222222222
08NM171,2025-06-21,8.04166666666667,1.05791319444444
08NM171,2025-06-22,7.29166666666667,1.10512152777778
08NM171,2025-06-23,7.45833333333333,0.912329861111111
08NM171,2025-06-24,7.95,0.751645833333333
08NM171,2025-06-25,8.55416666666667,0.644329861111111
08NM171,2025-06-26,9.125,0.5789375
08NM171,2025-06-27,9.2625,0.536170138888889
08NM171,2025-06-28,9.25416666666667,0.51034375
08NM171,2025-06-29,9.25416666666667,0.450038194444444
08NM171,2025-06-30,9.5,0.408743055555556
08NM171,2025-07-01,10.3041666666667,0.368888888888889
08NM171,2025-07-02,11.1666666666667,0.332170138888889
08NM171,2025-07-03,11.5125,0.297746527777778
08NM171,2025-07-04,10.75,0.276725694444444
08NM171,2025-07-05,10.6375,0.258555555555556
08NM171,2025-07-06,10.883333333333301,0.253711805555556
08NM171,2025-07-07,10.9833333333333,0.237595818815331
08NM171,2025-07-08,12.075,0.214583333333333
08NM171,2025-07-09,12.6208333333333,0.197725694444444
08NM171,2025-07-10,11.8173913043478,0.200013888888889
08NM171,2025-07-11,11.1125,0.187815972222222
08NM171,2025-07-12,11.9375,0.174177083333333
08NM171,2025-07-13,13.0833333333333,0.162479166666667
08NM171,2025-07-14,13.8086956521739,0.152763888888889
08NM171,2025-07-15,12.7791666666667,0.150947916666667
08NM171,2025-07-16,12.6916666666667,0.144055555555556
08NM171,2025-07-17,12.6478260869565,0.139118055555556
08NM171,2025-07-18,11.7375,0.139461805555556
08NM171,2025-07-19,11.35,0.158979166666667
08NM171,2025-07-20,11.75,0.152475694444444
08NM171,2025-07-21,11.0875,0.216583333333333
08NM171,2025-07-22,11.1041666666667,0.355506944444444
08NM171,2025-07-23,11.1583333333333,0.288847222222222
08NM171,2025-07-24,12.0541666666667,0.193
08NM171,2025-07-25,12.4875,0.1604375
08NM171,2025-07-26,11.8,0.144378472222222
08NM171,2025-07-27,11.5416666666667,0.138486111111111
08NM171,2025-07-28,11.6583333333333,0.134225694444444
08NM171,2025-07-29,12.1708333333333,0.124961805555556
08NM171,2025-07-30,12.6041666666667,0.118121527777778
08NM171,2025-07-31,12.6791666666667,0.116201388888889
08NM171,2025-08-01,12.7083333333333,0.150135416666667
08NM171,2025-08-02,12.5291666666667,0.153586805555556
08NM171,2025-08-03,13.025,0.147868055555556
08NM171,2025-08-04,12.8291666666667,0.12075
08NM171,2025-08-05,12.425,0.111881944444444
08NM171,2025-08-06,12.1666666666667,0.116993055555556
08NM171,2025-08-07,11.6375,0.131756944444444
08NM171,2025-08-08,10.9583333333333,0.126246527777778
08NM171,2025-08-09,11.25,0.113270833333333
08NM171,2025-08-10,12.1875,0.1018125
08NM171,2025-08-11,12.8708333333333,0.0956006944444444
08NM171,2025-08-12,12.825,0.0921076388888889
08NM171,2025-08-13,13.05,0.0869201388888889
08NM171,2025-08-14,12.7,0.0834548611111111
08NM171,2025-08-15,12.625,0.0870555555555556
08NM171,2025-08-16,12.4833333333333,0.1381875
08NM171,2025-08-17,11.695833333333301,0.201888888888889
08NM171,2025-08-18,11.3875,0.124791666666667
08NM171,2025-08-19,11.8333333333333,0.102708333333333
08NM171,2025-08-20,11.9434782608696,0.0928402777777778
08NM171,2025-08-21,11.0875,0.0876875
08NM171,2025-08-22,10.3916666666667,0.0825520833333333
08NM171,2025-08-23,10.4826086956522,0.0783611111111111
08NM171,2025-08-24,10.9291666666667,0.0729270833333333
08NM171,2025-08-25,11.3708333333333,0.0696493055555556
08NM171,2025-08-26,11.8666666666667,0.0655798611111111
08NM171,2025-08-27,12.2625,0.0634166666666667
08NM171,2025-08-28,12.2333333333333,0.0643611111111111
08NM171,2025-08-29,12.3583333333333,0.0663298611111111
08NM171,2025-08-30,12.0652173913043,0.144993055555556
08NM171,2025-08-31,11.7291666666667,0.104309027777778
08NM171,2025-09-01,12.3666666666667,0.08159375
08NM171,2025-09-02,12.8958333333333,0.07159375
08NM171,2025-09-03,12.8416666666667,0.0639409722222222
08NM171,2025-09-04,12.8875,0.0603298611111111
08NM171,2025-09-05,12.4041666666667,0.0588159722222222
08NM171,2025-09-06,12,0.0586180555555556
08NM171,2025-09-07,12.2875,0.05934375
08NM171,2025-09-08,11.9416666666667,0.0633055555555556
08NM171,2025-09-09,11.3291666666667,0.0659583333333333
08NM171,2025-09-10,10.2791666666667,0.100586805555556
08NM171,2025-09-11,10.1541666666667,0.0656527777777778
08NM171,2025-09-12,10.1695652173913,0.0609513888888889
08NM171,2025-09-13,10.4666666666667,0.0582361111111111
08NM171,2025-09-14,10.9375,0.0566666666666667
08NM171,2025-09-15,10.7625,0.0610069444444444
08NM171,2025-09-16,10.5409090909091,0.06296875
08NM171,2025-09-17,10.1608695652174,0.0594701754385965
08NM171,2025-09-18,10.0304347826087,0.0566701388888889
08NM171,2025-09-19,9.54166666666667,0.0543298611111111
08NM171,2025-09-20,9.1625,0.0532326388888889
08NM171,2025-09-21,9.42173913043478,0.0565555555555556
08NM171,2025-09-22,8.39166666666667,0.0648888888888889
08NM171,2025-09-23,7.73333333333333,0.0625868055555556
08NM171,2025-09-24,7.725,0.0585486111111111
08NM171,2025-09-25,7.78333333333333,0.055
08NM171,2025-09-26,7.02916666666667,0.0532708333333333
08NM171,2025-09-27,7.3125,0.0536354166666667
08NM171,2025-09-28,7.89130434782609,0.0528402777777778
08NM171,2025-09-29,8.04583333333333,0.0513715277777778
08NM171,2025-09-30,8.6375,0.0514791666666667
08NM171,2025-10-01,8.40833333333333,0.0561076388888889
08NM171,2025-10-02,7.9125,0.0561076388888889
08NM171,2025-10-03,6.6,0.0550868055555556
08NM171,2025-10-04,6.20416666666667,0.0547986111111111
08NM171,2025-10-05,5.65833333333333,0.0576458333333333
08NM171,2025-10-06,5.0625,0.0628645833333333
08NM171,2025-10-07,5.1125,0.0598194444444444
08NM171,2025-10-08,5.425,0.0573680555555556
08NM171,2025-10-09,5.58333333333333,0.0547534722222222
08NM171,2025-10-10,5.49583333333333,0.0539652777777778
08NM171,2025-10-11,5.95416666666667,0.0529895833333333
08NM171,2025-10-12,5.55833333333333,0.0605555555555556
08NM171,2025-10-13,4.79583333333333,0.065
08NM171,2025-10-14,3.8625,0.063625
08NM171,2025-10-15,2.70416666666667,0.0597430555555556
08NM171,2025-10-16,2.3875,0.06696875
08NM171,2025-10-17,2.7,0.0686180555555556
08NM171,2025-10-18,2.89166666666667,0.0693125
08NM171,2025-10-19,2.81666666666667,0.0769166666666667
08NM171,2025-10-20,3.15,0.0867777777777778
08NM171,2025-10-21,3.13333333333333,0.0787222222222222
08NM171,2025-10-22,2.85,0.0738854166666667
08NM171,2025-10-23,2.975,0.0777708333333333
08NM171,2025-10-24,3.36818181818182,0.0764982578397213
08NM171,2025-10-25,3.3304347826087,0.227694444444444
08NM171,2025-10-26,2.7375,0.167829861111111
08NM171,2025-10-27,2.26521739130435,0.114916666666667
08NM171,2025-10-28,1.94347826086957,0.0841736111111111
08NM171,2025-10-29,1.5695652173913,0.0952951388888889
08NM171,2025-10-30,1.325,0.0816979166666667
08NM171,2025-10-31,1,0.0843263888888889
08NM171,2025-11-01,1.41666666666667,0.0862673611111111
08NM171,2025-11-02,1.47916666666667,0.104461805555556
08NM171,2025-11-03,1.03333333333333,0.108395833333333
08NM171,2025-11-04,1.325,0.0951215277777778
08NM171,2025-11-05,1.55416666666667,0.0913680555555555
08NM171,2025-11-06,2.1125,0.193510416666667
08NM171,2025-11-07,1.82916666666667,0.265954861111111
08NM171,2025-11-08,1.02916666666667,0.150458333333333
08NM171,2025-11-09,0.733333333333333,0.151746527777778
08NM171,2025-11-10,1.15,0.119715277777778
08NM171,2025-11-11,1.1375,0.106319444444444
08NM171,2025-11-12,1.0875,0.104111111111111
08NM171,2025-11-13,1.675,0.102107638888889
08NM171,2025-11-14,2.40416666666667,0.2221875
08NM171,2025-11-15,1.86666666666667,0.290100694444444
08NM171,2025-11-16,2.40434782608696,0.259333333333333
08NM171,2025-11-17,2.9,0.3284375
08NM171,2025-11-18,2.44375,0.700815972222222
08NM171,2025-11-19,1.50416666666667,0.566458333333333
08NM171,2025-11-20,1.44583333333333,0.354618055555556
08NM171,2025-11-21,1.08333333333333,0.262045138888889
08NM171,2025-11-22,1.33333333333333,0.252548611111111
08NM171,2025-11-23,1.53333333333333,0.23259375
08NM171,2025-11-24,1.44166666666667,0.227965277777778
08NM171,2025-11-25,0.758333333333333,0.132243055555556
08NM171,2025-11-26,0.425,0.110868055555556
08NM171,2025-11-27,0.3875,0.109572916666667
08NM171,2025-11-28,0.391666666666667,0.105385416666667
08NM171,2025-11-29,0.433333333333333,0.0979409722222222
08NM171,2025-11-30,0.504166666666667,0.0954826388888889
08NM171,2025-12-01,0.5,0.0997326388888889
08NM171,2025-12-02,0.429166666666667,0.103267361111111
08NM171,2025-12-03,0.4,0.11090972222222201
08NM171,2025-12-04,0.4,0.111336805555556
08NM171,2025-12-05,0.4,0.109680555555556
08NM171,2025-12-06,0.4,0.107961805555556
08NM171,2025-12-07,0.405263157894737,0.104413194444444
08NM171,2025-12-08,0.533333333333333,0.104
08NM171,2025-12-09,0.570833333333333,0.104604166666667
08NM171,2025-12-10,0.570833333333333,0.106979166666667
08NM171,2025-12-11,0.52,0.109
08NM171,2025-12-12,0.486363636363636,0.109
08NM171,2025-12-13,0.690909090909091,0.109
08NM171,2025-12-14,0.8,0.109
08NM171,2025-12-15,0.78695652173913,0.1090625
08NM171,2025-12-16,0.316666666666667,0.110684027777778
08NM171,2025-12-17,0.404545454545455,0.112604166666667
08NM171,2025-12-18,0.270833333333333,0.115243055555556
08NM171,2025-12-19,0.283333333333333,0.116625
08NM171,2025-12-20,0.2,0.117
08NM171,2025-12-21,0.1125,0.117
08NM171,2025-12-22,0.108333333333333,0.116572916666667
08NM171,2025-12-23,0.1,0.114586805555556
08NM171,2025-12-24,0.141666666666667,0.11171875
08NM171,2025-12-25,0.141666666666667,0.110277777777778
08NM171,2025-12-26,0.316666666666667,0.108045138888889
08NM171,2025-12-27,0.204166666666667,0.108
08NM171,2025-12-28,0.3,0.108510416666667
08NM171,2025-12-29,0.273913043478261,0.1123125
08NM171,2025-12-30,0.191666666666667,0.116510416666667
08NM171,2025-12-31,0.1,0.119774305555556
08NM171,2026-01-01,0.1,0.118902777777778
08NM171,2026-01-02,0.15,0.115611111111111
08NM171,2026-01-03,0.279166666666667,0.113100694444444
08NM171,2026-01-04,0.425,0.111006944444444
08NM171,2026-01-05,0.533333333333333,0.108805555555556
08NM171,2026-01-06,0.525,0.108
08NM171,2026-01-07,0.4625,0.108
08NM171,2026-01-08,0.333333333333333,0.108607638888889
08NM171,2026-01-09,0.3,0.109722222222222
08NM171,2026-01-10,0.370833333333333,0.111
08NM171,2026-01-11,0.508333333333333,0.109642361111111
08NM171,2026-01-12,0.6,0.107055555555556
08NM171,2026-01-13,0.7,0.106
08NM171,2026-01-14,0.479166666666667,0.10700347222222201
08NM171,2026-01-15,0.5,0.108222222222222
08NM171,2026-01-16,0.433333333333333,0.109
08NM171,2026-01-17,0.241666666666667,0.108868055555556
08NM171,2026-01-18,0.1375,0.106861111111111
08NM171,2026-01-19,0.1,0.103541666666667
08NM171,2026-01-20,0.1,0.100180555555556
08NM171,2026-01-21,0.116666666666667,0.117298611111111
08NM171,2026-01-22,0.2,0.118868055555556
08NM171,2026-01-23,0.2,0.110777777777778
08NM171,2026-01-24,0.2,0.104131944444444
08NM171,2026-01-25,0.2,0.108128472222222
08NM171,2026-01-26,0.208333333333333,0.110743055555556
08NM171,2026-01-27,0.233333333333333,0.113767361111111
08NM171,2026-01-28,0.216666666666667,0.115354166666667
08NM171,2026-01-29,0.2,0.116354166666667
08NM171,2026-01-30,0.2,0.116623188405797
08NM171,2026-01-31,0.204166666666667,0.115302083333333
08NM171,2026-02-01,0.204166666666667,0.115
08NM171,2026-02-02,0.2,0.115069444444444
08NM171,2026-02-03,0.208333333333333,0.116232638888889
08NM171,2026-02-04,0.304761904761905,0.117535714285714
08NM171,2026-02-05,0.3125,0.118
08NM171,2026-02-06,0.341666666666667,0.117388888888889
08NM171,2026-02-07,0.4,0.115934027777778
08NM171,2026-02-08,0.4125,0.114204861111111
08NM171,2026-02-09,0.458333333333333,0.111381944444444
08NM171,2026-02-10,0.4,0.108336805555556
08NM171,2026-02-11,0.366666666666667,0.105552083333333
08NM171,2026-02-12,0.2,0.103291666666667
08NM171,2026-02-13,0.2,0.100934027777778
08NM171,2026-02-14,0.3125,0.0977569444444445
08NM171,2026-02-15,0.329166666666667,0.0947118055555556
08NM171,2026-02-16,0.1125,0.0925347222222222
08NM171,2026-02-17,0.1125,0.0909652777777778
08NM171,2026-02-18,0.2,0.0897048611111111
08NM171,2026-02-19,0.1875,0.089
08NM171,2026-02-20,0.1,0.0890243055555556
08NM171,2026-02-21,0.1,0.09
08NM171,2026-02-22,0.1,0.0910868055555556
08NM171,2026-02-23,0.1,0.09246875
08NM171,2026-02-24,0.133333333333333,0.0932083333333333
08NM171,2026-02-25,0.141666666666667,0.0940590277777778
08NM171,2026-02-26,0.191666666666667,0.0961840277777778
08NM171,2026-02-27,0.254166666666667,0.0971041666666667
08NM171,2026-02-28,0.316666666666667,0.0976736111111111
08NM171,2026-03-01,0.3625,0.0966388888888889
08NM171,2026-03-02,0.3,0.0959861111111111
08NM171,2026-03-03,0.304166666666667,0.0964027777777778
08NM171,2026-03-04,0.4,0.0984027777777778
08NM171,2026-03-05,0.341666666666667,0.102420138888889
08NM171,2026-03-06,0.4125,0.0998645833333333
08NM171,2026-03-07,0.35,0.110357638888889
08NM171,2026-03-08,0.166666666666667,0.141670138888889
08NM171,2026-03-09,0.175,0.146
08NM171,2026-03-10,0.147826086956522,0.127420138888889
08NM171,2026-03-11,0.1,0.122190972222222
08NM171,2026-03-12,0.220833333333333,0.117368055555556
08NM171,2026-03-13,0.308333333333333,0.1133125
08NM171,2026-03-14,0.270833333333333,0.110961805555556
08NM171,2026-03-15,0.154166666666667,0.105333333333333
08NM171,2026-03-16,0.129166666666667,0.103635416666667
08NM171,2026-03-17,0.313636363636364,0.106388888888889
08NM171,2026-03-18,0.320833333333333,0.130864583333333
08NM171,2026-03-19,0.05,0.235788194444444
08NM171,2026-03-20,-0.00869565217391304,0.683986111111111
08NM171,2026-03-21,-0.1,3.03270833333333
08NM171,2026-03-22,-0.0958333333333333,1.46197916666667
08NM171,2026-03-23,-0.0583333333333333,0.981319444444444
08NM171,2026-03-24,0.225,0.842600694444444
08NM171,2026-03-25,0.429166666666667,0.743329861111111
08NM171,2026-03-26,0.25,0.655427083333333
08NM171,2026-03-27,0.0375,0.625958333333333
08NM171,2026-03-28,0.275,0.596378472222222
08NM171,2026-03-29,0.575,0.563743055555556
08NM171,2026-03-30,0.241666666666667,0.577888888888889
08NM171,2026-03-31,0.1,0.506173611111111
08NM171,2026-04-01,0.0541666666666667,0.514753472222222
08NM171,2026-04-02,0.2875,0.480704861111111
08NM171,2026-04-03,0.508333333333333,0.443239583333333
08NM171,2026-04-04,0.791304347826087,0.439572916666667
08NM171,2026-04-05,0.9125,0.506565972222222
08NM171,2026-04-06,1.0625,0.745420138888889
08NM171,2026-04-07,0.858333333333333,1.07094791666667
08NM171,2026-04-08,0.6,1.01453125
08NM171,2026-04-09,0.75,0.997430555555556
08NM171,2026-04-10,0.945833333333333,1.0896875
08NM171,2026-04-11,1.3,1.42576388888889
08NM171,2026-04-12,1.3,1.82697916666667
08NM171,2026-04-13,1.35,2.24465277777778
08NM171,2026-04-14,1.2625,2.23315972222222
08NM171,2026-04-15,1.14782608695652,1.92895833333333
08NM171,2026-04-16,0.725,1.56961805555556
08NM171,2026-04-17,0.566666666666667,1.45375
08NM171,2026-04-18,0.825,1.32736111111111
08NM171,2026-04-19,1.39583333333333,1.38934027777778
08NM171,2026-04-20,2.05416666666667,1.80524305555556
08NM171,2026-04-21,2.39166666666667,2.30614583333333
08NM171,2026-04-22,2.75652173913043,2.72892361111111
08NM171,2026-04-23,2.275,2.79538194444444
08NM171,2026-04-24,1.38333333333333,2.28201388888889
08NM171,2026-04-25,1.125,2.05923611111111
08NM171,2026-04-26,1.2,1.92486111111111
08NM171,2026-04-27,1.50416666666667,1.81378472222222
08NM171,2026-04-28,2.0304347826087,1.74076388888889
08NM171,2026-04-29,2.27083333333333,1.69357638888889
08NM171,2026-04-30,2.57916666666667,1.80142361111111
08NM171,2026-05-01,3.075,2.09159722222222
08NM171,2026-05-02,3.52608695652174,2.368125
08NM171,2026-05-03,3.77083333333333,2.61934027777778
08NM171,2026-05-04,3.89583333333333,3.21503472222222
08NM171,2026-05-05,4.24583333333333,3.57135416666667
08NM171,2026-05-06,4.42083333333333,3.51440972222222
08NM171,2026-05-07,4.63913043478261,3.43135416666667
08NM171,2026-05-08,5.04583333333333,3.12322916666667
08NM171,2026-05-09,4.94782608695652,2.74274305555556
08NM171,2026-05-10,5.17083333333333,2.51663194444444
08NM171,2026-05-11,5.075,2.31173611111111
08NM171,2026-05-12,4.99166666666667,2.12784722222222
08NM171,2026-05-13,5.78333333333333,2.17777777777778
08NM171,2026-05-14,5.05217391304348,3.2371875
08NM171,2026-05-15,4.475,2.35496527777778
08NM171,2026-05-16,3.89583333333333,2.12479166666667
08NM171,2026-05-17,3.575,1.86868055555556
08NM171,2026-05-18,4.02916666666667,1.67375
08NM171,2026-05-19,4.375,1.54402777777778
08NM171,2026-05-20,4.4625,1.4475
08NM171,2026-05-21,4.85652173913043,1.34274305555556
08NM171,2026-05-22,5.17083333333333,1.27875
08NM171,2026-05-23,6.04166666666667,1.24173611111111
08NM171,2026-05-24,6.9625,1.23381944444444
08NM171,2026-05-25,7.31666666666667,1.18045138888889
08NM171,2026-05-26,7.66666666666667,1.13048611111111
08NM171,2026-05-27,7.56666666666667,1.21371527777778
08NM171,2026-05-28,8.11363636363636,1.20208333333333
08NM171,2026-05-29,9.1875,2.35107638888889
08NM171,2026-05-30,8.3625,3.22899305555556
08NM171,2026-05-31,7.47916666666667,2.01722222222222
08NM171,2026-06-01,7.31666666666667,1.59465277777778
08NM171,2026-06-02,6.8625,1.42520833333333
08NM171,2026-06-03,6.975,1.27767361111111
08NM171,2026-06-04,7.90416666666667,1.19833333333333
08NM171,2026-06-05,7.975,1.07836805555556
08NM171,2026-06-06,7.6625,0.987836805555556
08NM171,2026-06-07,6.6125,1.05153125
08NM171,2026-06-08,6.02916666666667,0.94915625
08NM171,2026-06-09,6.09583333333333,1.11852430555556
08NM171,2026-06-10,6.62916666666667,1.29982638888889
08NM171,2026-06-11,6.5875,1.06501041666667
08NM171,2026-06-12,6.88333333333333,0.885614583333333
08NM171,2026-06-13,7.09166666666667,0.794170138888889
08NM171,2026-06-14,7.27826086956522,0.721173611111111
08NM171,2026-06-15,8.0375,0.651069444444444
08NM171,2026-06-16,8.96086956521739,0.596315972222222
08NM171,2026-06-17,9.57083333333333,0.538121527777778
08NM171,2026-06-18,9.4125,0.502767361111111
08NM171,2026-06-19,9.2,0.457170138888889
08NM171,2026-06-20,9.37083333333333,0.419857638888889
08NM171,2026-06-21,9.51666666666667,0.386225694444444
08NM171,2026-06-22,9.28095238095238,0.362777777777778
08NM171,2026-06-23,9.24782608695652,0.330961805555556
08NM171,2026-06-24,9.525,0.301385416666667
08NM171,2026-06-25,9.72608695652174,0.291836805555556
08NM171,2026-06-26,10.0916666666667,0.2695
08NM171,2026-06-27,10.0875,0.35953125
08NM171,2026-06-28,9.72916666666667,0.369434027777778
08NM171,2026-06-29,9.485,0.327086805555556
08NM171,2026-06-30,10.0190476190476,0.296826388888889
08NM171,2026-07-01,10.4652173913043,0.270711805555556
08NM171,2026-07-02,10.2666666666667,0.247444444444444
08NM171,2026-07-03,9.99583333333333,0.236114583333333
08NM171,2026-07-04,10.3041666666667,0.214579861111111
08NM171,2026-07-05,10.5952380952381,0.189871527777778
08NM171,2026-07-06,10.2695652173913,0.176041666666667
08NM171,2026-07-07,10.425,0.162711805555556
08NM171,2026-07-08,11.1458333333333,0.149197916666667
08NM171,2026-07-09,11.5791666666667,0.138402777777778
08NM171,2026-07-10,11.6833333333333,0.130701388888889
08NM171,2026-07-11,11.9130434782609,0.124954861111111
08NM171,2026-07-12,11.9375,0.116652777777778
08NM171,2026-07-13,11.5416666666667,0.108743055555556
08NM171,2026-07-14,11.5,0.102836805555556
08NM171,2026-07-15,12.06,0.0970659722222222
08NM171,2026-07-16,12.7272727272727,0.0964756944444444
08NM171,2026-07-17,13.3545454545455,0.0927118055555556
08NM171,2026-07-18,13.7,0.0881736111111111
08NM171,2026-07-19,13.2166666666667,0.0854791666666667
08NM171,2026-07-20,12.9791666666667,0.0848645833333333
08NM171,2026-07-21,12.9541666666667,0.0838854166666667
08NM171,2026-07-22,13.445833333333301,0.0791493055555556
08NM171,2026-07-23,14.0958333333333,0.07640625
08NM171,2026-07-24,14.4521739130435,0.199680555555556
08NM171,2026-07-25,13.8428571428571,0.143864583333333
08NM171,2026-07-26,13.7260869565217,0.112586805555556
08NM171,2026-07-27,13.4,0.0953784722222222
08NM171,2026-07-28,13.2125,0.0863402777777778
08NM171,2026-07-29,13.0375,0.0805243055555556
08NM171,2026-07-30,12.6666666666667,0.0766354166666667
08NM171,2026-07-31,12.6625,0.07325
08NM171,2026-08-01,12.804347826087,0.0707065217391304
08NM171,2026-08-02,12.5208333333333,0.0671076388888889
08NM171,2026-08-03,11.5541666666667,0.0681701388888889
08NM171,2026-08-04,11.2125,0.0670520833333333
08NM171,2026-08-05,11.3291666666667,0.0639652777777778
08NM171,2026-08-06,11.4541666666667,0.0607916666666667
08NM171,2026-08-07,11.8,0.0570763888888889
08NM171,2026-08-08,11.9708333333333,0.0556076388888889
08NM171,2026-08-09,11.775,0.0561944444444444
08NM171,2026-08-10,11.883333333333301,0.0537465277777778
08NM171,2026-08-11,11.945833333333301,0.0517777777777778
08NM171,2026-08-12,12.1208333333333,0.0494791666666667
08NM171,2026-08-13,11.85,0.0579444444444444
08NM171,2026-08-14,11.65,0.0565659722222222
08NM171,2026-08-15,11.3583333333333,0.0644861111111111
08NM171,2026-08-16,11.4583333333333,0.05853125
08NM171,2026-08-17,11.8521739130435,0.0526748251748252
08NM171,2026-08-18,12.1666666666667,0.0480347222222222
08NM171,2026-08-19,12.6181818181818,0.046768115942029
08NM171,2026-08-20,12.7333333333333,0.0448229166666667
08NM171,2026-08-21,12.825,0.0424895833333333
08NM171,2026-08-22,13.2260869565217,0.0393936170212766
08NM171,2026-08-23,13.5375,0.0401631944444444
08NM171,2026-08-24,12.825,0.0407881944444444
08NM171,2026-08-25,12.1434782608696,0.0395760869565217
08NM171,2026-08-26,12.1833333333333,0.037875
08NM171,2026-08-27,12.5,0.0362248995983936
08NM172,2024-10-19,3.925,0.230649484536082
08NM172,2024-10-20,5.5,0.90024
08NM172,2024-10-21,5.95,0.511
08NM172,2024-10-22,4.35,0.38264
08NM172,2024-10-23,3.1,0.304884615384615
08NM172,2024-10-24,3.25,0.29292
08NM172,2024-10-25,2.25,0.22448
08NM172,2024-10-26,3.8,0.26188
08NM172,2024-10-27,4.45,0.6702
08NM172,2024-10-28,4.15,0.485
08NM172,2024-10-29,3.1,0.37856
08NM172,2024-10-30,2.76666666666667,0.337594594594595
08NM172,2024-10-31,3,0.317297297297297
08NM172,2024-11-01,2.9,0.298846153846154
08NM172,2024-11-02,2.75,0.30558904109589
08NM172,2024-11-03,2.8,0.29
08NM172,2024-11-04,2.21428571428571,0.277988235294118
08NM172,2024-11-05,2,0.2734
08NM172,2024-11-06,1.55,0.2946
08NM172,2024-11-07,1.1,0.27644
08NM172,2024-11-08,1.5,0.27104
08NM172,2024-11-09,1.85,0.312
08NM172,2024-11-10,2.3,0.346285714285714
08NM172,2024-11-11,2.75,0.36272
08NM172,2024-11-12,2.05714285714286,0.343011764705882
08NM172,2024-11-13,2.48,0.313066666666667
08NM172,2024-11-14,2.7,0.32064
08NM172,2024-11-15,1.64285714285714,0.282623529411765
08NM172,2024-11-16,0.8,0.231285714285714
08NM172,2024-11-17,0.9,0.27848
08NM172,2024-11-18,0.7,0.280076923076923
08NM172,2024-11-19,-0.1,0.25744
08NM172,2024-11-20,0.2,0.2882
08NM172,2024-11-21,0.7,0.25784
08NM172,2024-11-22,0.8,0.24604
08NM172,2024-11-23,0.9,0.24388
08NM172,2024-11-24,0.8,0.23184
08NM172,2024-11-25,0.491666666666667,0.232875
08NM172,2024-11-26,0.225,0.229708333333333
08NM172,2024-11-27,0.0958333333333333,0.2088125
08NM172,2024-11-28,-0.0208333333333333,0.176236111111111
08NM172,2024-11-29,-0.0916666666666667,0.145340277777778
08NM172,2024-11-30,0,0.16936
08NM172,2024-12-01,-0.05,0.1682
08NM172,2024-12-02,-0.1,0.13288
08NM172,2024-12-03,-0.1,0.14364
08NM172,2024-12-04,-0.1,0.158378378378378
08NM172,2024-12-05,-0.1,0.167378378378378
08NM172,2024-12-06,-0.1,0.19
08NM172,2024-12-07,-0.1,0.189
08NM172,2024-12-08,-0.1,0.188
08NM172,2024-12-09,-0.1,0.172
08NM172,2024-12-10,-0.1,0.146108108108108
08NM172,2024-12-11,0,0.178447368421053
08NM172,2024-12-12,0,0.161864864864865
08NM172,2024-12-13,0,0.169
08NM172,2024-12-14,0.0666666666666667,0.172864864864865
08NM172,2024-12-15,0.3,0.174
08NM172,2024-12-16,0.1,0.181038461538462
08NM172,2024-12-17,0.3,0.180756756756757
08NM172,2024-12-18,0.366666666666667,0.184486486486486
08NM172,2024-12-19,0.4,0.186763157894737
08NM172,2024-12-20,0.5,0.18712
08NM172,2024-12-21,0.5,0.19512
08NM172,2024-12-22,0.6,0.196384615384615
08NM172,2024-12-23,0.6,0.191870967741935
08NM172,2024-12-24,0.7,0.189846153846154
08NM172,2024-12-25,0.4,0.180459459459459
08NM172,2024-12-26,0.6,0.182153846153846
08NM172,2024-12-27,0.25,0.178125
08NM172,2024-12-28,0.5,0.178583333333333
08NM172,2024-12-29,0.4,0.17575
08NM172,2024-12-30,0.6,0.170125
08NM172,2024-12-31,0.4,0.168041666666667
08NM172,2025-01-01,0.4,0.166666666666667
08NM172,2025-01-02,0.4,0.166111111111111
08NM172,2025-01-03,0.3,0.162769230769231
08NM172,2025-01-04,0.25,0.163125
08NM172,2025-01-05,0.5,0.161230769230769
08NM172,2025-01-06,0.6,0.1585
08NM172,2025-01-07,0.4,0.153972222222222
08NM172,2025-01-08,0.4,0.157277777777778
08NM172,2025-01-09,0.2,0.155833333333333
08NM172,2025-01-10,0.2,0.157972222222222
08NM172,2025-01-11,0.5,0.156944444444444
08NM172,2025-01-12,0.5,0.156055555555556
08NM172,2025-01-13,0.2,0.149638888888889
08NM172,2025-01-14,-0.0666666666666667,0.151
08NM172,2025-01-15,0,0.15
08NM172,2025-01-16,0,0.149
08NM172,2025-01-17,0,0.148
08NM172,2025-01-18,-0.0333333333333333,0.148
08NM172,2025-01-19,0,0.147
08NM172,2025-01-20,0,0.14575
08NM172,2025-01-21,0,0.143083333333333
08NM172,2025-01-22,0,0.141
08NM172,2025-01-23,0,0.139
08NM172,2025-01-24,0,0.139
08NM172,2025-01-25,0,0.14
08NM172,2025-01-26,0,0.14
08NM172,2025-01-27,0,0.141
08NM172,2025-01-28,-0.0375,0.141052083333333
08NM172,2025-01-29,-0.05,0.143270833333333
08NM172,2025-01-30,-0.0666666666666667,0.148875
08NM172,2025-01-31,-0.00833333333333333,0.155239583333333
08NM172,2025-02-01,0,0.158041666666667
08NM172,2025-02-02,0,0.156552083333333
08NM172,2025-02-03,0,0.153677083333333
08NM172,2025-02-04,0,0.150927083333333
08NM172,2025-02-05,-0.00416666666666667,0.148708333333333
08NM172,2025-02-06,0,0.146458333333333
08NM172,2025-02-07,-0.0333333333333333,0.144034682080925
08NM172,2025-02-08,-0.025,0.141048611111111
08NM172,2025-02-09,-0.0291666666666667,0.140322916666667
08NM172,2025-02-10,-0.00833333333333333,0.1315
08NM172,2025-02-11,-0.025,0.121170138888889
08NM172,2025-02-12,-0.05,0.111416666666667
08NM172,2025-02-13,-0.0708333333333333,0.106267361111111
08NM172,2025-02-14,-0.05,0.103965277777778
08NM172,2025-02-15,-0.0708333333333333,0.108340277777778
08NM172,2025-02-16,-0.00416666666666667,0.111517361111111
08NM172,2025-02-17,0,0.114447916666667
08NM172,2025-02-18,0,0.11346875
08NM172,2025-02-19,0,0.111083333333333
08NM172,2025-02-20,0,0.10996875
08NM172,2025-02-21,0,0.108854166666667
08NM172,2025-02-22,0,0.109006944444444
08NM172,2025-02-23,0,0.117204861111111
08NM172,2025-02-24,0,0.121149305555556
08NM172,2025-02-25,0,0.118055555555556
08NM172,2025-02-26,0,0.116013888888889
08NM172,2025-02-27,0,0.115486111111111
08NM172,2025-02-28,0,0.116298611111111
08NM172,2025-03-01,0,0.123972222222222
08NM172,2025-03-02,0,0.133128472222222
08NM172,2025-03-03,0.0208333333333333,0.136347222222222
08NM172,2025-03-04,0.0833333333333333,0.131652777777778
08NM172,2025-03-05,0.116666666666667,0.128256944444444
08NM172,2025-03-06,0.125,0.127277777777778
08NM172,2025-03-07,0.129166666666667,0.124194444444444
08NM172,2025-03-08,0.216666666666667,0.121190972222222
08NM172,2025-03-09,0.158333333333333,0.127177083333333
08NM172,2025-03-10,0.0958333333333333,0.139864583333333
08NM172,2025-03-11,0.225,0.134461805555556
08NM172,2025-03-12,0.341666666666667,0.129888888888889
08NM172,2025-03-13,0.183333333333333,0.131802083333333
08NM172,2025-03-14,0.0958333333333333,0.129229166666667
08NM172,2025-03-15,0.175,0.126145833333333
08NM172,2025-03-16,0.270833333333333,0.124128472222222
08NM172,2025-03-17,0.291666666666667,0.121940972222222
08NM172,2025-03-18,0.2375,0.1180625
08NM172,2025-03-19,0.166666666666667,0.114826388888889
08NM172,2025-03-20,0.345833333333333,0.11475
08NM172,2025-03-21,0.404166666666667,0.116166666666667
08NM172,2025-03-22,0.4,0.116423611111111
08NM172,2025-03-23,0.3125,0.115916666666667
08NM172,2025-03-24,0.395833333333333,0.118850694444444
08NM172,2025-03-25,0.0166666666666667,0.197326388888889
08NM172,2025-03-26,-0.0391304347826087,0.380253472222222
08NM172,2025-03-27,0,0.600993055555556
08NM172,2025-03-28,0,0.803704861111111
08NM172,2025-03-29,0.0458333333333333,0.80675
08NM172,2025-03-30,0.175,0.660131944444444
08NM172,2025-03-31,0.629166666666667,0.586670138888889
08NM172,2025-04-01,0.775,0.581434027777778
08NM172,2025-04-02,0.9375,0.541850694444444
08NM172,2025-04-03,0.891666666666667,0.496663194444444
08NM172,2025-04-04,0.720833333333333,0.453354166666667
08NM172,2025-04-05,0.904166666666667,0.419045138888889
08NM172,2025-04-06,1.19583333333333,0.501329861111111
08NM172,2025-04-07,0.758333333333333,1.03406597222222
08NM172,2025-04-08,0.816666666666667,1.77913194444444
08NM172,2025-04-09,1.56666666666667,1.36555555555556
08NM172,2025-04-10,1.72916666666667,1.16239583333333
08NM172,2025-04-11,1.95416666666667,1.18055555555556
08NM172,2025-04-12,1.71666666666667,1.1925
08NM172,2025-04-13,1.2375,1.00700347222222
08NM172,2025-04-14,1.4625,0.897618055555556
08NM172,2025-04-15,2.14166666666667,0.928732638888889
08NM172,2025-04-16,2.39583333333333,1.13651041666667
08NM172,2025-04-17,1.56666666666667,1.05446527777778
08NM172,2025-04-18,1.89583333333333,0.988260416666667
08NM172,2025-04-19,2.79166666666667,1.23801041666667
08NM172,2025-04-20,2.69166666666667,1.34128472222222
08NM172,2025-04-21,2.37916666666667,1.21204861111111
08NM172,2025-04-22,1.875,1.04622222222222
08NM172,2025-04-23,1.85,0.951704861111111
08NM172,2025-04-24,2.1375,0.905253472222222
08NM172,2025-04-25,2.93333333333333,1.07381597222222
08NM172,2025-04-26,3.14583333333333,1.45805555555556
08NM172,2025-04-27,3.15416666666667,1.72979166666667
08NM172,2025-04-28,2.6875,1.84038194444444
08NM172,2025-04-29,2.79166666666667,1.95725694444444
08NM172,2025-04-30,2.98333333333333,1.90506944444444
08NM172,2025-05-01,3.22916666666667,1.93215277777778
08NM172,2025-05-02,3.61666666666667,1.99038194444444
08NM172,2025-05-03,3.51666666666667,2.39336805555556
08NM172,2025-05-04,2.6375,3.76579861111111
08NM172,2025-05-05,2.57083333333333,2.9071875
08NM172,2025-05-06,3.37916666666667,2.64725694444444
08NM172,2025-05-07,3.99166666666667,3.08107638888889
08NM172,2025-05-08,3.60416666666667,3.39065972222222
08NM172,2025-05-09,3.45416666666667,3.19611111111111
08NM172,2025-05-10,3.81666666666667,3.09631944444444
08NM172,2025-05-11,3.45416666666667,2.93493055555556
08NM172,2025-05-12,3.6,2.92694444444444
08NM172,2025-05-13,3.8125,3.36520833333333
08NM172,2025-05-14,3.92916666666667,3.43142361111111
08NM172,2025-05-15,3.525,3.13357638888889
08NM172,2025-05-16,3.95,2.94142361111111
08NM172,2025-05-17,4.14166666666667,2.82163194444444
08NM172,2025-05-18,3.61666666666667,3.619375
08NM172,2025-05-19,3.41666666666667,3.01479166666667
08NM172,2025-05-20,3.9125,2.65288194444444
08NM172,2025-05-21,4.225,2.43413194444444
08NM172,2025-05-22,4.4875,2.36413194444444
08NM172,2025-05-23,4.54166666666667,2.27784722222222
08NM172,2025-05-24,5.02916666666667,2.51163194444444
08NM172,2025-05-25,5.10416666666667,3.74461805555556
08NM172,2025-05-26,4.75833333333333,6.85034722222222
08NM172,2025-05-27,3.79166666666667,7.98211805555556
08NM172,2025-05-28,4.9625,6.02392361111111
08NM172,2025-05-29,5.7875,7.3290243902439
08NM172,2025-05-30,4.90416666666667,7.34111111111111
08NM172,2025-05-31,6.47083333333333,6.360625
08NM172,2025-06-01,5.775,6.26024305555556
08NM172,2025-06-02,5.08333333333333,4.65149305555556
08NM172,2025-06-03,5.66666666666667,3.90628472222222
08NM172,2025-06-04,6.25,3.66881944444444
08NM172,2025-06-05,6.425,3.32034722222222
08NM172,2025-06-06,7.425,3.4390625
08NM172,2025-06-07,7.44166666666667,3.30027777777778
08NM172,2025-06-08,7.7,3.16420138888889
08NM172,2025-06-09,8.675,3.19065972222222
08NM172,2025-06-10,9.37916666666667,3.06520833333333
08NM172,2025-06-11,9.5625,2.613125
08NM172,2025-06-12,9.95,2.58982638888889
08NM172,2025-06-13,9.18333333333333,2.44114583333333
08NM172,2025-06-14,8.75416666666667,1.99607638888889
08NM172,2025-06-15,8.325,2.25434027777778
08NM172,2025-06-16,8.88695652173913,1.59552083333333
08NM172,2025-06-17,9.22916666666667,1.33211805555556
08NM172,2025-06-18,9.26666666666667,1.13920138888889
08NM172,2025-06-19,9.03913043478261,1.07352777777778
08NM172,2025-06-20,8.9875,0.908020833333333
08NM172,2025-06-21,8.69583333333333,1.30886805555556
08NM172,2025-06-22,7.92916666666667,1.24579861111111
08NM172,2025-06-23,8.2875,1.32652777777778
08NM172,2025-06-24,8.15833333333333,1.02818402777778
08NM172,2025-06-25,9.2125,0.954319444444444
08NM172,2025-06-26,9.95833333333333,0.824708333333333
08NM172,2025-06-27,10.1869565217391,0.816739583333333
08NM172,2025-06-28,9.825,0.760690972222222
08NM172,2025-06-29,9.82083333333333,0.667552083333333
08NM172,2025-06-30,10.4333333333333,0.572791666666667
08NM172,2025-07-01,11.4541666666667,0.504677083333333
08NM172,2025-07-02,12.3625,0.447975694444444
08NM172,2025-07-03,11.9208333333333,0.404725694444444
08NM172,2025-07-04,11.383333333333301,0.377368055555556
08NM172,2025-07-05,11.3041666666667,0.342121527777778
08NM172,2025-07-06,11.575,0.317277777777778
08NM172,2025-07-07,11.445833333333301,0.2934375
08NM172,2025-07-08,12.0625,0.268145833333333
08NM172,2025-07-09,13.025,0.263795138888889
08NM172,2025-07-10,12.4916666666667,0.424361111111111
08NM172,2025-07-11,11.6375,0.3343125
08NM172,2025-07-12,11.775,0.261885416666667
08NM172,2025-07-13,12.5333333333333,0.229076388888889
08NM172,2025-07-14,13.4541666666667,0.216684027777778
08NM172,2025-07-15,12.9666666666667,0.303805555555556
08NM172,2025-07-16,12.6666666666667,0.233666666666667
08NM172,2025-07-17,12.8875,0.198677083333333
08NM172,2025-07-18,12.6,0.193069444444444
08NM172,2025-07-19,12.1666666666667,0.1973125
08NM172,2025-07-20,12.195833333333301,0.189625
08NM172,2025-07-21,12.1541666666667,0.211145833333333
08NM172,2025-07-22,11.9,0.415267361111111
08NM172,2025-07-23,11.725,0.33221875
08NM172,2025-07-24,12.2166666666667,0.21278125
08NM172,2025-07-25,12.7958333333333,0.172836805555556
08NM172,2025-07-26,12.8666666666667,0.157288194444444
08NM172,2025-07-27,12.7208333333333,0.148055555555556
08NM172,2025-07-28,12.525,0.143739583333333
08NM172,2025-07-29,12.9291666666667,0.128375
08NM172,2025-07-30,13.5041666666667,0.116729166666667
08NM172,2025-07-31,13.6625,0.122815972222222
08NM172,2025-08-01,14.1166666666667,0.124684027777778
08NM172,2025-08-02,14.258333333333301,0.145274305555556
08NM172,2025-08-03,14.2708333333333,0.134010416666667
08NM172,2025-08-04,14.2458333333333,0.138444444444444
08NM172,2025-08-05,13.9291666666667,0.136875
08NM172,2025-08-06,13.6625,0.118805555555556
08NM172,2025-08-07,12.9291666666667,0.197111111111111
08NM172,2025-08-08,12.3041666666667,0.181777777777778
08NM172,2025-08-09,12.3416666666667,0.1389375
08NM172,2025-08-10,13.1375,0.113409722222222
08NM172,2025-08-11,13.9666666666667,0.100708333333333
08NM172,2025-08-12,14.1208333333333,0.08890625
08NM172,2025-08-13,14.2125,0.0814131944444444
08NM172,2025-08-14,14.1625,0.0790763888888889
08NM172,2025-08-15,13.9,0.0862743055555556
08NM172,2025-08-16,13.633333333333301,0.464916666666667
08NM172,2025-08-17,13.0625,0.421246527777778
08NM172,2025-08-18,12.6166666666667,0.231434027777778
08NM172,2025-08-19,12.6083333333333,0.184229166666667
08NM172,2025-08-20,12.6041666666667,0.162666666666667
08NM172,2025-08-21,12.2041666666667,0.135121527777778
08NM172,2025-08-22,11.5375,0.124201388888889
08NM172,2025-08-23,11.383333333333301,0.116055555555556
08NM172,2025-08-24,11.7625,0.108003472222222
08NM172,2025-08-25,12.1583333333333,0.100104166666667
08NM172,2025-08-26,12.4875,0.0940381944444444
08NM172,2025-08-27,12.695833333333301,0.0882222222222222
08NM172,2025-08-28,12.9,0.0866909722222222
08NM172,2025-08-29,13.35,0.0869236111111111
08NM172,2025-08-30,13.4625,0.119204861111111
08NM172,2025-08-31,13.1416666666667,0.0927083333333333
08NM172,2025-09-01,13.1208333333333,0.0828368055555556
08NM172,2025-09-02,13.5666666666667,0.0769652777777778
08NM172,2025-09-03,13.6791666666667,0.0723333333333333
08NM172,2025-09-04,13.7416666666667,0.0686284722222222
08NM172,2025-09-05,12.9125,0.07271875
08NM172,2025-09-06,12.6541666666667,0.0716215277777778
08NM172,2025-09-07,12.7333333333333,0.0689861111111111
08NM172,2025-09-08,12.7125,0.100472222222222
08NM172,2025-09-09,12.4541666666667,0.105472222222222
08NM172,2025-09-10,11.6625,0.131395833333333
08NM172,2025-09-11,11.35,0.105350694444444
08NM172,2025-09-12,11.3791666666667,0.08571875
08NM172,2025-09-13,11.375,0.0766909722222222
08NM172,2025-09-14,11.9166666666667,0.0720729166666667
08NM172,2025-09-15,12.0416666666667,0.0911111111111111
08NM172,2025-09-16,11.8791666666667,0.0885277777777778
08NM172,2025-09-17,11.6208333333333,0.0774826388888889
08NM172,2025-09-18,11.6208333333333,0.0713055555555556
08NM172,2025-09-19,11.1166666666667,0.0680972222222222
08NM172,2025-09-20,10.4833333333333,0.0653506944444444
08NM172,2025-09-21,10.65,0.069125
08NM172,2025-09-22,10.3,0.101659722222222
08NM172,2025-09-23,9.425,0.0852638888888889
08NM172,2025-09-24,9.35416666666667,0.0739548611111111
08NM172,2025-09-25,9.38333333333333,0.0678958333333333
08NM172,2025-09-26,8.62916666666667,0.0648819444444445
08NM172,2025-09-27,8.37083333333333,0.064
08NM172,2025-09-28,9.02916666666667,0.0638645833333333
08NM172,2025-09-29,9.4125,0.0606111111111111
08NM172,2025-09-30,10.0416666666667,0.0708611111111111
08NM172,2025-10-01,9.7,0.105302083333333
08NM172,2025-10-02,9.3125,0.0806875
08NM172,2025-10-03,8.5875,0.0720590277777778
08NM172,2025-10-04,7.9875,0.0723333333333333
08NM172,2025-10-05,7.41666666666667,0.0892534722222222
08NM172,2025-10-06,6.65,0.0843159722222222
08NM172,2025-10-07,6.97916666666667,0.0747638888888889
08NM172,2025-10-08,7.23333333333333,0.0693368055555556
08NM172,2025-10-09,7.225,0.0650694444444444
08NM172,2025-10-10,6.95833333333333,0.0624236111111111
08NM172,2025-10-11,7.15416666666667,0.0592673611111111
08NM172,2025-10-12,6.65416666666667,0.0739444444444444
08NM172,2025-10-13,5.44166666666667,0.0714756944444444
08NM172,2025-10-14,3.71666666666667,0.0675381944444444
08NM172,2025-10-15,2.58333333333333,0.0627291666666667
08NM172,2025-10-16,2.27916666666667,0.0644270833333333
08NM172,2025-10-17,2.83333333333333,0.0718680555555556
08NM172,2025-10-18,3.29583333333333,0.0816909722222222
08NM172,2025-10-19,3.60833333333333,0.0935902777777778
08NM172,2025-10-20,3.87916666666667,0.124625
08NM172,2025-10-21,4.21666666666667,0.109913194444444
08NM172,2025-10-22,3.75,0.102638888888889
08NM172,2025-10-23,3.39583333333333,0.10409375
08NM172,2025-10-24,4.10833333333333,0.104649305555556
08NM172,2025-10-25,4.47083333333333,0.191621527777778
08NM172,2025-10-26,4,0.178190972222222
08NM172,2025-10-27,3.67916666666667,0.129190972222222
08NM172,2025-10-28,2.90416666666667,0.104208333333333
08NM172,2025-10-29,2.6,0.101746527777778
08NM172,2025-10-30,2.62916666666667,0.100729166666667
08NM172,2025-10-31,1.825,0.0940277777777778
08NM172,2025-11-01,2.23333333333333,0.0969826388888889
08NM172,2025-11-02,2.62916666666667,0.138461805555556
08NM172,2025-11-03,1.90416666666667,0.130597222222222
08NM172,2025-11-04,1.64166666666667,0.106107638888889
08NM172,2025-11-05,1.09166666666667,0.101232638888889
08NM172,2025-11-06,1.9375,0.127815972222222
08NM172,2025-11-07,2.50416666666667,0.150121527777778
08NM172,2025-11-08,2.02916666666667,0.133614583333333
08NM172,2025-11-09,1.59583333333333,0.124899305555556
08NM172,2025-11-10,1.85,0.115024305555556
08NM172,2025-11-11,2.35,0.118256944444444
08NM172,2025-11-12,2.05,0.115979166666667
08NM172,2025-11-13,2.325,0.118802083333333
08NM172,2025-11-14,3.07083333333333,0.256833333333333
08NM172,2025-11-15,2.53333333333333,0.234041666666667
08NM172,2025-11-16,2.7,0.227763888888889
08NM172,2025-11-17,3.2,0.307111111111111
08NM172,2025-11-18,3.32083333333333,0.364163194444444
08NM172,2025-11-19,2.575,0.308208333333333
08NM172,2025-11-20,2.22916666666667,0.236614583333333
08NM172,2025-11-21,1.69166666666667,0.188819444444444
08NM172,2025-11-22,1.57083333333333,0.186826388888889
08NM172,2025-11-23,1.92083333333333,0.180701388888889
08NM172,2025-11-24,2.1,0.195392361111111
08NM172,2025-11-25,1.35,0.15290625
08NM172,2025-11-26,1.02083333333333,0.155510416666667
08NM172,2025-11-27,1.10416666666667,0.152392361111111
08NM172,2025-11-28,0.545833333333333,0.14690625
08NM172,2025-11-29,0.4125,0.102256944444444
08NM172,2025-11-30,0.2,0.1295625
08NM172,2025-12-01,0.166666666666667,0.1011875
08NM172,2025-12-02,0.175,0.146875
08NM172,2025-12-03,0.141666666666667,0.16
08NM172,2025-12-04,0.2,0.14196875
08NM172,2025-12-05,0.266666666666667,0.13588194444444401
08NM172,2025-12-06,0.3375,0.135368055555556
08NM172,2025-12-07,0.420833333333333,0.135138888888889
08NM172,2025-12-08,0.620833333333333,0.134208333333333
08NM172,2025-12-09,0.679166666666667,0.148
08NM172,2025-12-10,0.716666666666667,0.152430555555556
08NM172,2025-12-11,0.691666666666667,0.268065972222222
08NM172,2025-12-12,0.716666666666667,0.267399305555556
08NM172,2025-12-13,0.7875,0.2265
08NM172,2025-12-14,0.954166666666667,0.215791666666667
08NM172,2025-12-15,1.17083333333333,0.266722222222222
08NM172,2025-12-16,1.21666666666667,0.472
08NM172,2025-12-17,1.15416666666667,0.374246527777778
08NM172,2025-12-18,0.958333333333333,0.299506944444444
08NM172,2025-12-19,0.7,0.250173611111111
08NM172,2025-12-20,0.258333333333333,0.200319444444444
08NM172,2025-12-21,0.1875,0.206225694444444
08NM172,2025-12-22,0.308333333333333,0.168621527777778
08NM172,2025-12-23,0.1,0.169538194444444
08NM172,2025-12-24,0.1,0.173489583333333
08NM172,2025-12-25,0.258333333333333,0.174694444444444
08NM172,2025-12-26,0.258333333333333,0.165618055555556
08NM172,2025-12-27,0.125,0.0943923611111111
08NM172,2025-12-28,0.1,0.0522291666666667
08NM172,2025-12-29,0.104166666666667,0.064
08NM172,2025-12-30,0.2,0.0699861111111111
08NM172,2025-12-31,0.154166666666667,0.0818819444444445
08NM172,2026-01-01,0.1125,0.0934548611111111
08NM172,2026-01-02,0.0875,0.121767361111111
08NM172,2026-01-03,0,0.140465277777778
08NM172,2026-01-04,0.0541666666666667,0.149211805555556
08NM172,2026-01-05,0.1375,0.14928125
08NM172,2026-01-06,0.316666666666667,0.147784722222222
08NM172,2026-01-07,0.4,0.145194444444444
08NM172,2026-01-08,0.35,0.140274305555556
08NM172,2026-01-09,0.308333333333333,0.138506944444444
08NM172,2026-01-10,0.416666666666667,0.138395833333333
08NM172,2026-01-11,0.5,0.139833333333333
08NM172,2026-01-12,0.583333333333333,0.14296875
08NM172,2026-01-13,0.554166666666667,0.161170138888889
08NM172,2026-01-14,0.145833333333333,0.254027972027972
08NM172,2026-01-15,0.3,0.236600694444444
08NM172,2026-01-16,0.366666666666667,0.2285
08NM172,2026-01-17,0.225,0.205256944444444
08NM172,2026-01-18,0.1,0.184270833333333
08NM172,2026-01-19,0.1,0.196736111111111
08NM172,2026-01-20,0.108333333333333,0.171354166666667
08NM172,2026-01-21,0.0583333333333333,0.151378472222222
08NM172,2026-01-22,0.00416666666666667,0.154326388888889
08NM172,2026-01-23,0.0208333333333333,0.164756944444444
08NM172,2026-01-24,0.00833333333333333,0.192347222222222
08NM172,2026-01-25,0,0.198645833333333
08NM172,2026-01-26,0,0.199
08NM172,2026-01-27,0,0.199791666666667
08NM172,2026-01-28,0,0.2
08NM172,2026-01-29,0,0.199604166666667
08NM172,2026-01-30,0,0.1550625
08NM172,2026-01-31,0.00416666666666667,0.13034375
08NM172,2026-02-01,0.0875,0.125145833333333
08NM172,2026-02-02,0.108333333333333,0.123746527777778
08NM172,2026-02-03,0.233333333333333,0.122361111111111
08NM172,2026-02-04,0.316666666666667,0.123947916666667
08NM172,2026-02-05,0.4,0.126291666666667
08NM172,2026-02-06,0.375,0.129645833333333
08NM172,2026-02-07,0.4,0.130722222222222
08NM172,2026-02-08,0.483333333333333,0.130715277777778
08NM172,2026-02-09,0.441666666666667,0.128229166666667
08NM172,2026-02-10,0.408333333333333,0.126791666666667
08NM172,2026-02-11,0.470833333333333,0.126072916666667
08NM172,2026-02-12,0.341666666666667,0.122986111111111
08NM172,2026-02-13,0.333333333333333,0.122826388888889
08NM172,2026-02-14,0.495833333333333,0.122944444444444
08NM172,2026-02-15,0.470833333333333,0.120663194444444
08NM172,2026-02-16,0.3625,0.118548611111111
08NM172,2026-02-17,0.404166666666667,0.120583333333333
08NM172,2026-02-18,0.441666666666667,0.117586805555556
08NM172,2026-02-19,0.2875,0.113319444444444
08NM172,2026-02-20,0.120833333333333,0.105225694444444
08NM172,2026-02-21,0.1,0.10409375
08NM172,2026-02-22,0.1,0.109520833333333
08NM172,2026-02-23,0.1125,0.110184027777778
08NM172,2026-02-24,0.204166666666667,0.109329861111111
08NM172,2026-02-25,0.25,0.107430555555556
08NM172,2026-02-26,0.333333333333333,0.106854166666667
08NM172,2026-02-27,0.4125,0.108260416666667
08NM172,2026-02-28,0.5,0.108888888888889
08NM172,2026-03-01,0.445833333333333,0.108482638888889
08NM172,2026-03-02,0.358333333333333,0.107923611111111
08NM172,2026-03-03,0.404166666666667,0.108895833333333
08NM172,2026-03-04,0.5,0.110395833333333
08NM172,2026-03-05,0.475,0.119888888888889
08NM172,2026-03-06,0.529166666666667,0.119152777777778
08NM172,2026-03-07,0.4,0.155569444444444
08NM172,2026-03-08,0.270833333333333,0.209572916666667
08NM172,2026-03-09,0.116666666666667,0.234055555555556
08NM172,2026-03-10,0.204166666666667,0.192024305555556
08NM172,2026-03-11,0.283333333333333,0.169885416666667
08NM172,2026-03-12,0.491666666666667,0.16165625
08NM172,2026-03-13,0.425,0.154069444444444
08NM172,2026-03-14,0.45,0.150270833333333
08NM172,2026-03-15,0.208333333333333,0.118447916666667
08NM172,2026-03-16,0.1,0.106819444444444
08NM172,2026-03-17,0.283333333333333,0.141388888888889
08NM172,2026-03-18,0.466666666666667,0.2005
08NM172,2026-03-19,0.175,0.446805555555556
08NM172,2026-03-20,0.1,0.821975694444444
08NM172,2026-03-21,0.1125,1.10583333333333
08NM172,2026-03-22,0.120833333333333,0.703298611111111
08NM172,2026-03-23,0.3125,0.5861875
08NM172,2026-03-24,0.8,0.512267361111111
08NM172,2026-03-25,1.00416666666667,0.488923611111111
08NM172,2026-03-26,0.879166666666667,0.480052083333333
08NM172,2026-03-27,0.55,0.388260416666667
08NM172,2026-03-28,0.979166666666667,0.351305555555556
08NM172,2026-03-29,1.1625,0.330111111111111
08NM172,2026-03-30,0.683333333333333,0.29153125
08NM172,2026-03-31,0.1625,0.292402777777778
08NM172,2026-04-01,0.191666666666667,0.294944444444444
08NM172,2026-04-02,0.7875,0.272538194444444
08NM172,2026-04-03,0.9625,0.261291666666667
08NM172,2026-04-04,1.39166666666667,0.261885416666667
08NM172,2026-04-05,1.56666666666667,0.306090277777778
08NM172,2026-04-06,1.81666666666667,0.412013888888889
08NM172,2026-04-07,1.77916666666667,0.516482638888889
08NM172,2026-04-08,1.30833333333333,0.463545138888889
08NM172,2026-04-09,1.3375,0.445836805555556
08NM172,2026-04-10,1.60416666666667,0.488760416666667
08NM172,2026-04-11,2.2125,0.625416666666667
08NM172,2026-04-12,2.23333333333333,0.868625
08NM172,2026-04-13,2.12083333333333,1.12197916666667
08NM172,2026-04-14,2.2625,1.08265972222222
08NM172,2026-04-15,1.94583333333333,0.849121527777778
08NM172,2026-04-16,1.29166666666667,0.680732638888889
08NM172,2026-04-17,1.25416666666667,0.60815625
08NM172,2026-04-18,1.40416666666667,0.565930555555556
08NM172,2026-04-19,2.12083333333333,0.601385416666667
08NM172,2026-04-20,2.90833333333333,0.812649305555556
08NM172,2026-04-21,3.14583333333333,1.18520486111111
08NM172,2026-04-22,3.09583333333333,1.47861111111111
08NM172,2026-04-23,2.67083333333333,1.51125
08NM172,2026-04-24,1.61666666666667,1.06691666666667
08NM172,2026-04-25,1.37916666666667,0.908145833333333
08NM172,2026-04-26,1.4875,0.847711805555556
08NM172,2026-04-27,1.73333333333333,0.842052083333333
08NM172,2026-04-28,2.3375,0.901472222222222
08NM172,2026-04-29,2.65416666666667,0.920680555555556
08NM172,2026-04-30,3.03333333333333,1.05695138888889
08NM172,2026-05-01,3.43333333333333,1.41302083333333
08NM172,2026-05-02,3.78333333333333,1.45027777777778
08NM172,2026-05-03,3.70833333333333,1.76788194444444
08NM172,2026-05-04,3.7625,2.47420138888889
08NM172,2026-05-05,3.82083333333333,2.94878472222222
08NM172,2026-05-06,4,3.21934027777778
08NM172,2026-05-07,4.25833333333333,3.48048611111111
08NM172,2026-05-08,4.32083333333333,3.27197916666667
08NM172,2026-05-09,4.08333333333333,2.55496527777778
08NM172,2026-05-10,5.1,2.6109375
08NM172,2026-05-11,4.85833333333333,2.26520833333333
08NM172,2026-05-12,5.10416666666667,2.16795138888889
08NM172,2026-05-13,5.99166666666667,2.34194444444444
08NM172,2026-05-14,4.29583333333333,4.80996527777778
08NM172,2026-05-15,4.58333333333333,3.04534722222222
08NM172,2026-05-16,3.625,2.19795138888889
08NM172,2026-05-17,3.62083333333333,1.94836805555556
08NM172,2026-05-18,4.09166666666667,1.84072916666667
08NM172,2026-05-19,4.7875,1.59229166666667
08NM172,2026-05-20,5.18333333333333,1.59715277777778
08NM172,2026-05-21,5.65416666666667,1.56524305555556
08NM172,2026-05-22,5.84166666666667,1.46569444444444
08NM172,2026-05-23,6.43333333333333,1.49673611111111
08NM172,2026-05-24,7.25833333333333,1.69472222222222
08NM172,2026-05-25,7.45416666666667,1.68017361111111
08NM172,2026-05-26,7.60416666666667,1.71694444444444
08NM172,2026-05-27,7.20416666666667,1.74826388888889
08NM172,2026-05-28,7.80416666666667,1.79048611111111
08NM172,2026-05-29,9.15,2.62006944444444
08NM172,2026-05-30,7.37083333333333,3.27215277777778
08NM172,2026-05-31,6.98333333333333,1.87763888888889
08NM172,2026-06-01,7.28333333333333,1.54361111111111
08NM172,2026-06-02,6.84583333333333,1.38017361111111
08NM172,2026-06-03,7.81666666666667,1.24815972222222
08NM172,2026-06-04,8.2375,1.94673611111111
08NM172,2026-06-05,8.625,1.37597222222222
08NM172,2026-06-06,7.82916666666667,1.16826388888889
08NM172,2026-06-07,6.62083333333333,1.17996527777778
08NM172,2026-06-08,6.06666666666667,1.12241666666667
08NM172,2026-06-09,6.69583333333333,1.05729513888889
08NM172,2026-06-10,6.84166666666667,1.29736111111111
08NM172,2026-06-11,6.17083333333333,1.34329861111111
08NM172,2026-06-12,7.62083333333333,1.01409027777778
08NM172,2026-06-13,7.89166666666667,0.886489583333333
08NM172,2026-06-14,8.6125,0.786413194444444
08NM172,2026-06-15,9.99583333333333,0.711395833333333
08NM172,2026-06-16,10.6166666666667,0.660420138888889
08NM172,2026-06-17,10.5041666666667,0.60753125
08NM172,2026-06-18,9.55,0.557232638888889
08NM172,2026-06-19,9.64166666666667,0.502760416666667
08NM172,2026-06-20,10.4833333333333,0.4560625
08NM172,2026-06-21,10.2833333333333,0.416065972222222
08NM172,2026-06-22,10.0666666666667,0.384118055555556
08NM172,2026-06-23,10.3041666666667,0.351256944444444
08NM172,2026-06-24,11.0666666666667,0.319704861111111
08NM172,2026-06-25,11.7333333333333,0.301076388888889
08NM172,2026-06-26,12.0375,0.300170138888889
08NM172,2026-06-27,11.3291666666667,0.473472222222222
08NM172,2026-06-28,10.375,0.402083333333333
08NM172,2026-06-29,10.0583333333333,0.37075
08NM172,2026-06-30,11.004347826087,0.337361111111111
08NM172,2026-07-01,10.9833333333333,0.318024305555556
08NM172,2026-07-02,10.825,0.273871527777778
08NM172,2026-07-03,10.7625,0.289180555555556
08NM172,2026-07-04,11.570833333333301,0.254517361111111
08NM172,2026-07-05,11.5541666666667,0.220340277777778
08NM172,2026-07-06,10.9916666666667,0.205090277777778
08NM172,2026-07-07,11.6916666666667,0.190034722222222
08NM172,2026-07-08,12.65,0.177239583333333
08NM172,2026-07-09,12.6916666666667,0.167847222222222
08NM172,2026-07-10,12.8125,0.159128472222222
08NM172,2026-07-11,13.070833333333301,0.154541666666667
08NM172,2026-07-12,13.0166666666667,0.147822916666667
08NM172,2026-07-13,12.4208333333333,0.140364583333333
08NM172,2026-07-14,12.525,0.133552083333333
08NM172,2026-07-15,13.5166666666667,0.126569444444444
08NM172,2026-07-16,14.3708333333333,0.123
08NM172,2026-07-17,14.825,0.119159722222222
08NM172,2026-07-18,15.1916666666667,0.113100694444444
08NM172,2026-07-19,14.1375,0.109715277777778
08NM172,2026-07-20,13.9125,0.107795138888889
08NM172,2026-07-21,14.3416666666667,0.104864583333333
08NM172,2026-07-22,14.9083333333333,0.0993498233215548
08NM172,2026-07-23,15.3541666666667,0.0939375
08NM172,2026-07-24,15.2458333333333,0.0946770833333333
08NM172,2026-07-25,15.4916666666667,0.0880104166666667
08NM172,2026-07-26,14.8291666666667,0.087125
08NM172,2026-07-27,14.7083333333333,0.0857361111111111
08NM172,2026-07-28,14.5208333333333,0.0816388888888889
08NM172,2026-07-29,13.9791666666667,0.0762673611111111
08NM172,2026-07-30,13.4875,0.0718125
08NM172,2026-07-31,13.5583333333333,0.0674236111111111
08NM172,2026-08-01,13.8583333333333,0.0636006944444444
08NM172,2026-08-02,13.3,0.0614826388888889
08NM172,2026-08-03,12.0916666666667,0.06553125
08NM172,2026-08-04,11.8375,0.0637708333333333
08NM172,2026-08-05,12.1916666666667,0.0580034722222222
08NM172,2026-08-06,12.5833333333333,0.0534826388888889
08NM172,2026-08-07,12.7958333333333,0.05134375
08NM172,2026-08-08,13.1583333333333,0.0472708333333333
08NM172,2026-08-09,12.9583333333333,0.0473506944444444
08NM172,2026-08-10,13.0791666666667,0.0469930555555556
08NM172,2026-08-11,13.3291666666667,0.0450208333333333
08NM172,2026-08-12,13.4166666666667,0.0439895833333333
08NM172,2026-08-13,13.6666666666667,0.0422569444444444
08NM172,2026-08-14,13.0833333333333,0.0405034722222222
08NM172,2026-08-15,12.85,0.0453194444444444
08NM172,2026-08-16,12.9625,0.0408472222222222
08NM172,2026-08-17,13.3083333333333,0.0368715277777778
08NM172,2026-08-18,13.6458333333333,0.0341319444444444
08NM172,2026-08-19,14.05,0.0307291666666667
08NM172,2026-08-20,14.320833333333301,0.0285173611111111
08NM172,2026-08-21,14.3625,0.0268194444444444
08NM172,2026-08-22,14.7416666666667,0.02459375
08NM172,2026-08-23,14.6583333333333,0.0333159722222222
08NM172,2026-08-24,13.2291666666667,0.0718645833333333
08NM172,2026-08-25,13.0791666666667,0.0580729166666667
08NM172,2026-08-26,13.3625,0.0401875
08NM172,2026-08-27,13.352380952381,0.0355341365461847
08NM174,2024-10-19,6.7,0.10336
08NM174,2024-10-20,8.45,0.141035714285714
08NM174,2024-10-21,8.05,0.158928571428571
08NM174,2024-10-22,6.1,0.146107142857143
08NM174,2024-10-23,5.6,0.128535714285714
08NM174,2024-10-24,4.7,0.117857142857143
08NM174,2024-10-25,4.7,0.102285714285714
08NM174,2024-10-26,6.15,0.0992857142857143
08NM174,2024-10-27,6.55,0.211892857142857
08NM174,2024-10-28,6.1,0.204
08NM174,2024-10-29,5.1,0.172857142857143
08NM174,2024-10-30,5.25,0.155464285714286
08NM174,2024-10-31,5.55,0.166214285714286
08NM174,2024-11-01,4.4,0.2190625
08NM174,2024-11-02,4.65,0.196657894736842
08NM174,2024-11-03,4.6,0.1705625
08NM174,2024-11-04,4.2,0.164539473684211
08NM174,2024-11-05,3.55,0.170714285714286
08NM174,2024-11-06,3.35,0.142142857142857
08NM174,2024-11-07,3.3,0.133428571428571
08NM174,2024-11-08,3.7,0.126571428571429
08NM174,2024-11-09,4.35,0.128535714285714
08NM174,2024-11-10,5,0.134875
08NM174,2024-11-11,4.9,0.201625
08NM174,2024-11-12,4.16666666666667,0.202779220779221
08NM174,2024-11-13,4.54,0.267790322580645
08NM174,2024-11-14,5.2,0.273642857142857
08NM174,2024-11-15,3.38571428571429,0.266943181818182
08NM174,2024-11-16,2.1,0.2234375
08NM174,2024-11-17,2.3,0.2075
08NM174,2024-11-18,2.4,0.1805
08NM174,2024-11-19,1.2,0.164857142857143
08NM174,2024-11-20,1.75,0.175714285714286
08NM174,2024-11-21,3.2,0.162714285714286
08NM174,2024-11-22,2.65,0.169
08NM174,2024-11-23,3.05,0.162428571428571
08NM174,2024-11-24,2.15,0.148142857142857
08NM174,2024-11-25,1.79444444444444,0.160121527777778
08NM174,2024-11-26,1.31666666666667,0.153211805555556
08NM174,2024-11-27,0.670833333333333,0.136725694444444
08NM174,2024-11-28,1.15,0.146708333333333
08NM174,2024-11-29,1.39583333333333,0.139871527777778
08NM174,2024-11-30,1.95,0.1375
08NM174,2024-12-01,2.15,0.134107142857143
08NM174,2024-12-02,1.25,0.142607142857143
08NM174,2024-12-03,1.7,0.12625
08NM174,2024-12-04,1.6,0.125571428571429
08NM174,2024-12-05,1.3,0.124103448275862
08NM174,2024-12-06,1.3,0.123642857142857
08NM174,2024-12-07,1.65,0.127357142857143
08NM174,2024-12-08,1.75,0.131285714285714
08NM174,2024-12-09,1,0.142178571428571
08NM174,2024-12-10,0.8,0.114928571428571
08NM174,2024-12-11,0.75,0.137
08NM174,2024-12-12,0.75,0.121392857142857
08NM174,2024-12-13,1,0.128137931034483
08NM174,2024-12-14,1.6,0.129142857142857
08NM174,2024-12-15,1.25,0.136758620689655
08NM174,2024-12-16,0.15,0.1285
08NM174,2024-12-17,1,0.132178571428571
08NM174,2024-12-18,0.65,0.163214285714286
08NM174,2024-12-19,0.8,0.142535714285714
08NM174,2024-12-20,1.5,0.135285714285714
08NM174,2024-12-21,1.7,0.140785714285714
08NM174,2024-12-22,1.25,0.164892857142857
08NM174,2024-12-23,1.36,0.15221875
08NM174,2024-12-24,2.1,0.146896551724138
08NM174,2024-12-25,0.8,0.166714285714286
08NM174,2024-12-26,1.55,0.164035714285714
08NM174,2024-12-27,0.75,0.144321428571429
08NM174,2024-12-28,0.95,0.176785714285714
08NM174,2024-12-29,0.95,0.171464285714286
08NM174,2024-12-30,1.4,0.154555555555556
08NM174,2024-12-31,1.55,0.153148148148148
08NM174,2025-01-01,1.45,0.151964285714286
08NM174,2025-01-02,1.05,0.154555555555556
08NM174,2025-01-03,1.4,0.155518518518519
08NM174,2025-01-04,1.35,0.154851851851852
08NM174,2025-01-05,1.75,0.155769230769231
08NM174,2025-01-06,1.6,0.154375
08NM174,2025-01-07,1.7,0.153552631578947
08NM174,2025-01-08,1.36666666666667,0.15675
08NM174,2025-01-09,1,0.16725
08NM174,2025-01-10,1,0.17275
08NM174,2025-01-11,1.66666666666667,0.178175
08NM174,2025-01-12,1.6,0.1729
08NM174,2025-01-13,0.733333333333333,0.14415
08NM174,2025-01-14,0.533333333333333,0.180525
08NM174,2025-01-15,0.8,0.193825
08NM174,2025-01-16,0.7,0.184725
08NM174,2025-01-17,0,0.169225
08NM174,2025-01-18,-0.1,0.18
08NM174,2025-01-19,-0.1,0.181
08NM174,2025-01-20,-0.1,0.181
08NM174,2025-01-21,-0.1,0.17985
08NM174,2025-01-22,-0.1,0.177
08NM174,2025-01-23,0,0.183675
08NM174,2025-01-24,0.333333333333333,0.171425
08NM174,2025-01-25,0.3,0.166925
08NM174,2025-01-26,-0.02,0.153433333333333
08NM174,2025-01-27,-0.1,0.156567567567568
08NM174,2025-01-28,-0.1,0.1554375
08NM174,2025-01-29,0.1125,0.157989583333333
08NM174,2025-01-30,0.25,0.151461805555556
08NM174,2025-01-31,0.420833333333333,0.163336805555556
08NM174,2025-02-01,0.404166666666667,0.168770833333333
08NM174,2025-02-02,0.1125,0.177704861111111
08NM174,2025-02-03,-0.0875,0.171340277777778
08NM174,2025-02-04,-0.1,0.170302083333333
08NM174,2025-02-05,-0.1,0.167065972222222
08NM174,2025-02-06,-0.1,0.163024305555556
08NM174,2025-02-07,-0.1,0.159815972222222
08NM174,2025-02-08,-0.1,0.157885416666667
08NM174,2025-02-09,-0.1,0.156229166666667
08NM174,2025-02-10,-0.1,0.15340625
08NM174,2025-02-11,-0.1,0.149173611111111
08NM174,2025-02-12,-0.1,0.146142361111111
08NM174,2025-02-13,-0.1,0.144451388888889
08NM174,2025-02-14,-0.1,0.143243055555556
08NM174,2025-02-15,-0.0916666666666667,0.142965277777778
08NM174,2025-02-16,0.125,0.142
08NM174,2025-02-17,0.441666666666667,0.142149305555556
08NM174,2025-02-18,0.579166666666667,0.143
08NM174,2025-02-19,0.65,0.143048611111111
08NM174,2025-02-20,0.721739130434783,0.144
08NM174,2025-02-21,0.695833333333333,0.145329861111111
08NM174,2025-02-22,0.520833333333333,0.161277777777778
08NM174,2025-02-23,0.6,0.172579861111111
08NM174,2025-02-24,0.708333333333333,0.178364583333333
08NM174,2025-02-25,0.8625,0.191246527777778
08NM174,2025-02-26,0.8375,0.192961805555556
08NM174,2025-02-27,1.0875,0.195861111111111
08NM174,2025-02-28,1.03333333333333,0.220357638888889
08NM174,2025-03-01,0.716666666666667,0.292288194444444
08NM174,2025-03-02,0.520833333333333,0.432857638888889
08NM174,2025-03-03,0.954166666666667,0.493420138888889
08NM174,2025-03-04,1.80833333333333,0.494722222222222
08NM174,2025-03-05,2.4,0.458034722222222
08NM174,2025-03-06,2.47916666666667,0.419989583333333
08NM174,2025-03-07,2.10833333333333,0.401434027777778
08NM174,2025-03-08,2.525,0.396989583333333
08NM174,2025-03-09,2.54583333333333,0.403055555555556
08NM174,2025-03-10,2.27083333333333,0.437104166666667
08NM174,2025-03-11,2.1625,0.431930555555556
08NM174,2025-03-12,2.35416666666667,0.407788194444444
08NM174,2025-03-13,2.53,0.413322916666667
08NM174,2025-03-14,1.89166666666667,0.4168125
08NM174,2025-03-15,2.05,0.40428125
08NM174,2025-03-16,2.0625,0.397315972222222
08NM174,2025-03-17,2.03333333333333,0.38546875
08NM174,2025-03-18,1.88333333333333,0.370822916666667
08NM174,2025-03-19,1.85833333333333,0.363840277777778
08NM174,2025-03-20,2.59166666666667,0.362934027777778
08NM174,2025-03-21,3.05,0.365885416666667
08NM174,2025-03-22,2.79583333333333,0.377819444444444
08NM174,2025-03-23,2.56842105263158,0.390208333333333
08NM174,2025-03-24,2.4625,0.394579861111111
08NM174,2025-03-25,3.1375,0.51134375
08NM174,2025-03-26,3.05,0.836243055555556
08NM174,2025-03-27,2.80416666666667,1.33076736111111
08NM174,2025-03-28,2.9375,1.82517361111111
08NM174,2025-03-29,3.05833333333333,2.01076388888889
08NM174,2025-03-30,3.0375,1.858125
08NM174,2025-03-31,3.25416666666667,1.85392361111111
08NM174,2025-04-01,3.5,1.78489583333333
08NM174,2025-04-02,3.6,1.77097222222222
08NM174,2025-04-03,3.41666666666667,1.72777777777778
08NM174,2025-04-04,3.09583333333333,1.65190972222222
08NM174,2025-04-05,3.3625,1.71680555555556
08NM174,2025-04-06,3.73333333333333,2.06270833333333
08NM174,2025-04-07,3.80416666666667,3.021875
08NM174,2025-04-08,3.325,3.77590277777778
08NM174,2025-04-09,3.35,3.03541666666667
08NM174,2025-04-10,3.55416666666667,2.48947916666667
08NM174,2025-04-11,3.70416666666667,2.77947916666667
08NM174,2025-04-12,3.34166666666667,3.08277777777778
08NM174,2025-04-13,3.04166666666667,2.51503472222222
08NM174,2025-04-14,3.40416666666667,2.53815972222222
08NM174,2025-04-15,3.94583333333333,3.08694444444444
08NM174,2025-04-16,3.73333333333333,4.12045138888889
08NM174,2025-04-17,3.27083333333333,3.40461805555556
08NM174,2025-04-18,3.66666666666667,3.36274305555556
08NM174,2025-04-19,4.27083333333333,4.71920138888889
08NM174,2025-04-20,3.93333333333333,4.23263888888889
08NM174,2025-04-21,3.85833333333333,3.43496527777778
08NM174,2025-04-22,3.5375,2.91951388888889
08NM174,2025-04-23,3.85,2.545625
08NM174,2025-04-24,4.27916666666667,2.49163194444444
08NM174,2025-04-25,4.87916666666667,3.35524305555556
08NM174,2025-04-26,5.24166666666667,4.59215277777778
08NM174,2025-04-27,5.525,5.4909375
08NM174,2025-04-28,5,5.67065972222222
08NM174,2025-04-29,4.90833333333333,4.81899305555556
08NM174,2025-04-30,5.14583333333333,4.55899305555556
08NM174,2025-05-01,5.72916666666667,4.66121527777778
08NM174,2025-05-02,6.45416666666667,5.28386759581882
08NM174,2025-05-03,6.80833333333333,6.068125
08NM174,2025-05-04,5.45833333333333,4.37703007518797
08NM174,2025-05-05,5.1625,3.68434027777778
08NM174,2025-05-06,6.17916666666667,3.43458333333333
08NM174,2025-05-07,7.24166666666667,3.42082397003745
08NM174,2025-05-08,6.77083333333333,3.32298611111111
08NM174,2025-05-09,6.21666666666667,3.00190972222222
08NM174,2025-05-10,6.96666666666667,2.84010416666667
08NM174,2025-05-11,6.6875,2.73548611111111
08NM174,2025-05-12,7.12916666666667,2.96309027777778
08NM174,2025-05-13,7.35,3.2553125
08NM174,2025-05-14,7.87916666666667,3.0385401459854
08NM174,2025-05-15,7.27916666666667,2.84055555555556
08NM174,2025-05-16,7.35416666666667,2.51350694444444
08NM174,2025-05-17,7.20833333333333,2.37788194444444
08NM174,2025-05-18,7.275,2.61270833333333
08NM174,2025-05-19,6.85416666666667,2.35739583333333
08NM174,2025-05-20,6.775,2.32809027777778
08NM174,2025-05-21,7.18333333333333,2.04107638888889
08NM174,2025-05-22,7.48333333333333,1.96579861111111
08NM174,2025-05-23,7.99583333333333,1.84465277777778
08NM174,2025-05-24,8.82916666666667,1.74090277777778
08NM174,2025-05-25,10.0166666666667,1.69569444444444
08NM174,2025-05-26,10.85,1.75006944444444
08NM174,2025-05-27,9.9875,1.72319444444444
08NM174,2025-05-28,10.5625,1.58725694444444
08NM174,2025-05-29,11.95,1.55059027777778
08NM174,2025-05-30,10.883333333333301,1.52729166666667
08NM174,2025-05-31,11.820833333333301,1.38725694444444
08NM174,2025-06-01,10.6625,1.34128472222222
08NM174,2025-06-02,9.75416666666667,1.21916666666667
08NM174,2025-06-03,10.3041666666667,1.10475694444444
08NM174,2025-06-04,11.1791666666667,1.00236111111111
08NM174,2025-06-05,11.5833333333333,0.939822916666667
08NM174,2025-06-06,12.6541666666667,0.860291666666667
08NM174,2025-06-07,12.6916666666667,0.791152777777778
08NM174,2025-06-08,13.0375,0.712704861111111
08NM174,2025-06-09,14.0833333333333,0.654840277777778
08NM174,2025-06-10,14.3666666666667,0.600649305555556
08NM174,2025-06-11,14.55,0.546166666666667
08NM174,2025-06-12,14.65,0.508357638888889
08NM174,2025-06-13,13.9208333333333,0.481520833333333
08NM174,2025-06-14,13.2708333333333,0.467232638888889
08NM174,2025-06-15,13.1583333333333,0.505263888888889
08NM174,2025-06-16,13.1708333333333,0.453743055555556
08NM174,2025-06-17,13.0913043478261,0.405975694444444
08NM174,2025-06-18,13.275,0.375506944444444
08NM174,2025-06-19,12.4083333333333,0.377217543859649
08NM174,2025-06-20,12.9875,0.352052083333333
08NM174,2025-06-21,11.4041666666667,0.577097222222222
08NM174,2025-06-22,11.65,0.566284722222222
08NM174,2025-06-23,12.2,0.506020833333333
08NM174,2025-06-24,12.4333333333333,0.463868055555556
08NM174,2025-06-25,13.625,0.416024305555556
08NM174,2025-06-26,13.0916666666667,0.384527777777778
08NM174,2025-06-27,12.8,0.358104166666667
08NM174,2025-06-28,12.6208333333333,0.338961805555556
08NM174,2025-06-29,13.4125,0.317881944444444
08NM174,2025-06-30,15.1083333333333,0.289256944444444
08NM174,2025-07-01,16.175,0.262079861111111
08NM174,2025-07-02,16.1458333333333,0.239621527777778
08NM174,2025-07-03,14.925,0.223263888888889
08NM174,2025-07-04,13.825,0.213423611111111
08NM174,2025-07-05,15.2708333333333,0.199180555555556
08NM174,2025-07-06,14.8458333333333,0.186711805555556
08NM174,2025-07-07,15.0833333333333,0.177388888888889
08NM174,2025-07-08,16.4291666666667,0.163079861111111
08NM174,2025-07-09,16.0958333333333,0.157083333333333
08NM174,2025-07-10,14.7,0.190555555555556
08NM174,2025-07-11,14.4291666666667,0.174381944444444
08NM174,2025-07-12,16.4458333333333,0.152069444444444
08NM174,2025-07-13,17.3166666666667,0.14065625
08NM174,2025-07-14,16.8708333333333,0.141288194444444
08NM174,2025-07-15,15.3166666666667,0.18796875
08NM174,2025-07-16,16.125,0.157489583333333
08NM174,2025-07-17,16.075,0.139659722222222
08NM174,2025-07-18,15.3958333333333,0.138121527777778
08NM174,2025-07-19,14.758333333333301,0.134829861111111
08NM174,2025-07-20,14.7541666666667,0.146729166666667
08NM174,2025-07-21,15.4916666666667,0.18478125
08NM174,2025-07-22,15.975,0.290427083333333
08NM174,2025-07-23,15.975,0.258513888888889
08NM174,2025-07-24,16.65,0.19015625
08NM174,2025-07-25,16.2208333333333,0.152423611111111
08NM174,2025-07-26,14.7625,0.139756944444444
08NM174,2025-07-27,15.1625,0.129934027777778
08NM174,2025-07-28,15.820833333333301,0.121579861111111
08NM174,2025-07-29,16.7458333333333,0.111972222222222
08NM174,2025-07-30,17.4541666666667,0.100284722222222
08NM174,2025-07-31,17.9,0.09434375
08NM174,2025-08-01,18.0416666666667,0.0929444444444444
08NM174,2025-08-02,17.7458333333333,0.109666666666667
08NM174,2025-08-03,17.6166666666667,0.118638888888889
08NM174,2025-08-04,17.1625,0.108145833333333
08NM174,2025-08-05,16.2583333333333,0.165809027777778
08NM174,2025-08-06,16.0166666666667,0.125670138888889
08NM174,2025-08-07,14.7666666666667,0.165770833333333
08NM174,2025-08-08,14.625,0.154111111111111
08NM174,2025-08-09,15.825,0.126152777777778
08NM174,2025-08-10,17.2833333333333,0.106798611111111
08NM174,2025-08-11,17.8625,0.0934270833333333
08NM174,2025-08-12,17.3541666666667,0.0846388888888889
08NM174,2025-08-13,17.0041666666667,0.0792210526315789
08NM174,2025-08-14,15.6375,0.0771631944444444
08NM174,2025-08-15,15.65,0.0839861111111111
08NM174,2025-08-16,15.4625,0.160503472222222
08NM174,2025-08-17,14.9625,0.133732638888889
08NM174,2025-08-18,14.8083333333333,0.107107638888889
08NM174,2025-08-19,15.070833333333301,0.0944479166666667
08NM174,2025-08-20,14.4291666666667,0.0900555555555556
08NM174,2025-08-21,14.2166666666667,0.0844756944444444
08NM174,2025-08-22,14.0333333333333,0.0778090277777778
08NM174,2025-08-23,14.2541666666667,0.0732534722222222
08NM174,2025-08-24,14.8708333333333,0.0694861111111111
08NM174,2025-08-25,15.3791666666667,0.0661736111111111
08NM174,2025-08-26,15.6791666666667,0.0627361111111111
08NM174,2025-08-27,15.4916666666667,0.0598194444444444
08NM174,2025-08-28,15.8291666666667,0.0576423611111111
08NM174,2025-08-29,15.9583333333333,0.0575069444444444
08NM174,2025-08-30,15.9958333333333,0.0571909722222222
08NM174,2025-08-31,15.4375,0.0566666666666667
08NM174,2025-09-01,15.5625,0.0553159722222222
08NM174,2025-09-02,15.9166666666667,0.0534340277777778
08NM174,2025-09-03,16.0458333333333,0.0536388888888889
08NM174,2025-09-04,15.5125,0.0505173611111111
08NM174,2025-09-05,14.2125,0.05290625
08NM174,2025-09-06,14.525,0.0519166666666667
08NM174,2025-09-07,14.6458333333333,0.0525104166666667
08NM174,2025-09-08,14.8416666666667,0.0734722222222222
08NM174,2025-09-09,14.8083333333333,0.0804756944444444
08NM174,2025-09-10,14.1666666666667,0.0759479166666667
08NM174,2025-09-11,14.0583333333333,0.07153125
08NM174,2025-09-12,13.9875,0.0665868055555556
08NM174,2025-09-13,13.925,0.0638923611111111
08NM174,2025-09-14,14.1304347826087,0.0601111111111111
08NM174,2025-09-15,13.9791666666667,0.0621770833333333
08NM174,2025-09-16,13.5625,0.06196875
08NM174,2025-09-17,13.4416666666667,0.0605902777777778
08NM174,2025-09-18,13.383333333333301,0.0566354166666667
08NM174,2025-09-19,12.3708333333333,0.0542951388888889
08NM174,2025-09-20,11.8458333333333,0.0535069444444444
08NM174,2025-09-21,12.8875,0.0525659722222222
08NM174,2025-09-22,11.5416666666667,0.0522222222222222
08NM174,2025-09-23,11.1708333333333,0.0523055555555556
08NM174,2025-09-24,11.125,0.0515104166666667
08NM174,2025-09-25,10.9708333333333,0.0515381944444444
08NM174,2025-09-26,9.99166666666667,0.0517152777777778
08NM174,2025-09-27,10.508333333333301,0.0542743055555556
08NM174,2025-09-28,11.133333333333301,0.0582430555555556
08NM174,2025-09-29,10.9583333333333,0.0557569444444444
08NM174,2025-09-30,11.5041666666667,0.0617847222222222
08NM174,2025-10-01,10.9,0.0638854166666667
08NM174,2025-10-02,10.445833333333301,0.0614513888888889
08NM174,2025-10-03,9.625,0.0606180555555556
08NM174,2025-10-04,9.61666666666667,0.0640868055555556
08NM174,2025-10-05,8.3125,0.0680520833333333
08NM174,2025-10-06,8.67916666666667,0.0659930555555556
08NM174,2025-10-07,8.40416666666667,0.0647013888888889
08NM174,2025-10-08,9.06666666666667,0.0646284722222222
08NM174,2025-10-09,8.2125,0.0649340277777778
08NM174,2025-10-10,7.82916666666667,0.0663298611111111
08NM174,2025-10-11,7.9625,0.0672847222222222
08NM174,2025-10-12,7.13333333333333,0.0702291666666667
08NM174,2025-10-13,5.89583333333333,0.0709166666666667
08NM174,2025-10-14,3.95,0.0713888888888889
08NM174,2025-10-15,3.275,0.0711701388888889
08NM174,2025-10-16,3.69583333333333,0.0719236111111111
08NM174,2025-10-17,4.9625,0.0761111111111111
08NM174,2025-10-18,4.8625,0.0774756944444444
08NM174,2025-10-19,5.61666666666667,0.111131944444444
08NM174,2025-10-20,5.70833333333333,0.109770833333333
08NM174,2025-10-21,5.8695652173913,0.104119718309859
08NM174,2025-10-22,5.12916666666667,0.0952395833333333
08NM174,2025-10-23,5.2875,0.107993055555556
08NM174,2025-10-24,5.92083333333333,0.0980972222222222
08NM174,2025-10-25,6.05416666666667,0.105472222222222
08NM174,2025-10-26,5.88333333333333,0.111680555555556
08NM174,2025-10-27,4.75416666666667,0.109333333333333
08NM174,2025-10-28,3.6625,0.09959375
08NM174,2025-10-29,3.92083333333333,0.1005625
08NM174,2025-10-30,3.78333333333333,0.0993090277777778
08NM174,2025-10-31,3.05833333333333,0.09875
08NM174,2025-11-01,4.34166666666667,0.104965277777778
08NM174,2025-11-02,3.925,0.153159722222222
08NM174,2025-11-03,3.1625,0.137329861111111
08NM174,2025-11-04,2.83333333333333,0.117447916666667
08NM174,2025-11-05,2.37083333333333,0.115392361111111
08NM174,2025-11-06,3.72916666666667,0.126819444444444
08NM174,2025-11-07,4.25416666666667,0.179017361111111
08NM174,2025-11-08,3.07083333333333,0.172336805555556
08NM174,2025-11-09,3.66666666666667,0.140972222222222
08NM174,2025-11-10,3.80833333333333,0.131260416666667
08NM174,2025-11-11,4.19166666666667,0.136697916666667
08NM174,2025-11-12,3.85,0.131611111111111
08NM174,2025-11-13,4.72083333333333,0.131909722222222
08NM174,2025-11-14,5.00833333333333,0.141704861111111
08NM174,2025-11-15,4.51666666666667,0.159329861111111
08NM174,2025-11-16,4.925,0.157555555555556
08NM174,2025-11-17,5.60416666666667,0.177423611111111
08NM174,2025-11-18,5.76666666666667,0.281690972222222
08NM174,2025-11-19,4.26666666666667,0.30596875
08NM174,2025-11-20,4.125,0.257916666666667
08NM174,2025-11-21,3.40416666666667,0.229993055555556
08NM174,2025-11-22,3.54583333333333,0.20940625
08NM174,2025-11-23,4.14583333333333,0.206802083333333
08NM174,2025-11-24,3.71666666666667,0.217545138888889
08NM174,2025-11-25,2.67916666666667,0.200861111111111
08NM174,2025-11-26,2.72083333333333,0.189684027777778
08NM174,2025-11-27,2.83333333333333,0.185753472222222
08NM174,2025-11-28,1.7,0.183444444444444
08NM174,2025-11-29,0.845833333333333,0.147583333333333
08NM174,2025-11-30,0.6125,0.150055555555556
08NM174,2025-12-01,0.758333333333333,0.159857638888889
08NM174,2025-12-02,0.7125,0.156267361111111
08NM174,2025-12-03,1.22083333333333,0.153111111111111
08NM174,2025-12-04,1.5625,0.152458333333333
08NM174,2025-12-05,1.55,0.155798611111111
08NM174,2025-12-06,1.5375,0.160236111111111
08NM174,2025-12-07,1.17083333333333,0.156649305555556
08NM174,2025-12-08,1.79166666666667,0.153465277777778
08NM174,2025-12-09,2.02916666666667,0.157447916666667
08NM174,2025-12-10,2.25416666666667,0.167576388888889
08NM174,2025-12-11,2.62083333333333,0.284065972222222
08NM174,2025-12-12,2.57916666666667,0.327336805555556
08NM174,2025-12-13,2.30833333333333,0.294229166666667
08NM174,2025-12-14,2.625,0.249423611111111
08NM174,2025-12-15,3.16666666666667,0.279649305555556
08NM174,2025-12-16,2.99166666666667,0.596809027777778
08NM174,2025-12-17,3.01666666666667,0.631777777777778
08NM174,2025-12-18,2.4375,0.595076388888889
08NM174,2025-12-19,1.8375,0.492961805555556
08NM174,2025-12-20,1.1375,0.416454861111111
08NM174,2025-12-21,0.9,0.371642361111111
08NM174,2025-12-22,1.31666666666667,0.33440625
08NM174,2025-12-23,0.9,0.31765625
08NM174,2025-12-24,0.870833333333333,0.313319444444444
08NM174,2025-12-25,0.958333333333333,0.294524305555556
08NM174,2025-12-26,0.929166666666667,0.295541666666667
08NM174,2025-12-27,0.533333333333333,0.243420138888889
08NM174,2025-12-28,0.154166666666667,0.225079861111111
08NM174,2025-12-29,0.0666666666666667,0.232736111111111
08NM174,2025-12-30,0.1,0.234454861111111
08NM174,2025-12-31,0.1125,0.2299375
08NM174,2026-01-01,0.241666666666667,0.226725694444444
08NM174,2026-01-02,0.5375,0.222138888888889
08NM174,2026-01-03,0.620833333333333,0.219170138888889
08NM174,2026-01-04,1.14583333333333,0.217479166666667
08NM174,2026-01-05,1.09583333333333,0.210135416666667
08NM174,2026-01-06,0.920833333333333,0.199586805555556
08NM174,2026-01-07,0.895833333333333,0.197034722222222
08NM174,2026-01-08,0.641666666666667,0.191277777777778
08NM174,2026-01-09,0.529166666666667,0.182888888888889
08NM174,2026-01-10,1.23333333333333,0.172364583333333
08NM174,2026-01-11,1.25416666666667,0.173059027777778
08NM174,2026-01-12,1.6125,0.175291666666667
08NM174,2026-01-13,1.72083333333333,0.193069444444444
08NM174,2026-01-14,1.50833333333333,0.260881944444444
08NM174,2026-01-15,1.45,0.275611111111111
08NM174,2026-01-16,0.595833333333333,0.277892361111111
08NM174,2026-01-17,0.141666666666667,0.256840277777778
08NM174,2026-01-18,0.375,0.283003472222222
08NM174,2026-01-19,0.483333333333333,0.261982638888889
08NM174,2026-01-20,0.654166666666667,0.2496875
08NM174,2026-01-21,0.629166666666667,0.237715277777778
08NM174,2026-01-22,0.558333333333333,0.225520833333333
08NM174,2026-01-23,0.295833333333333,0.214604166666667
08NM174,2026-01-24,-0.0291666666666667,0.187888888888889
08NM174,2026-01-25,0,0.195638888888889
08NM174,2026-01-26,0,0.189180555555556
08NM174,2026-01-27,-0.0291666666666667,0.18415625
08NM174,2026-01-28,0.391666666666667,0.182475694444444
08NM174,2026-01-29,0.675,0.181975694444444
08NM174,2026-01-30,1.0125,0.181930555555556
08NM174,2026-01-31,1.10416666666667,0.183423611111111
08NM174,2026-02-01,1.3625,0.191923611111111
08NM174,2026-02-02,1.22083333333333,0.191128472222222
08NM174,2026-02-03,1.53333333333333,0.184916666666667
08NM174,2026-02-04,1.71666666666667,0.184875
08NM174,2026-02-05,1.6125,0.18721875
08NM174,2026-02-06,1.7625,0.186041666666667
08NM174,2026-02-07,1.87916666666667,0.187222222222222
08NM174,2026-02-08,1.6,0.191197916666667
08NM174,2026-02-09,0.8375,0.185666666666667
08NM174,2026-02-10,1.31666666666667,0.18634375
08NM174,2026-02-11,1.35,0.184322916666667
08NM174,2026-02-12,0.75,0.179069444444444
08NM174,2026-02-13,0.975,0.176940972222222
08NM174,2026-02-14,1.60833333333333,0.180434027777778
08NM174,2026-02-15,0.7625,0.175131944444444
08NM174,2026-02-16,0.754166666666667,0.175965277777778
08NM174,2026-02-17,0.516666666666667,0.170555555555556
08NM174,2026-02-18,0.141666666666667,0.166361111111111
08NM174,2026-02-19,-0.075,0.160010416666667
08NM174,2026-02-20,-0.0791666666666667,0.157263888888889
08NM174,2026-02-21,-0.1,0.154559027777778
08NM174,2026-02-22,0.104166666666667,0.151888888888889
08NM174,2026-02-23,0.658333333333333,0.145381944444444
08NM174,2026-02-24,0.633333333333333,0.140680555555556
08NM174,2026-02-25,0.570833333333333,0.142399305555556
08NM174,2026-02-26,1.12916666666667,0.141350694444444
08NM174,2026-02-27,1.35,0.143315972222222
08NM174,2026-02-28,1.50416666666667,0.141434027777778
08NM174,2026-03-01,1.04583333333333,0.129986111111111
08NM174,2026-03-02,0.925,0.120013888888889
08NM174,2026-03-03,1.425,0.123697916666667
08NM174,2026-03-04,1.68333333333333,0.14709375
08NM174,2026-03-05,1.63333333333333,0.165940972222222
08NM174,2026-03-06,1.96666666666667,0.159767361111111
08NM174,2026-03-07,2.1875,0.206440972222222
08NM174,2026-03-08,1.5625,0.4668125
08NM174,2026-03-09,1.01666666666667,0.482961805555556
08NM174,2026-03-10,0.354166666666667,0.418923611111111
08NM174,2026-03-11,0.720833333333333,0.397371527777778
08NM174,2026-03-12,1.09166666666667,0.368732638888889
08NM174,2026-03-13,1.1125,0.345444444444444
08NM174,2026-03-14,1.05,0.3279375
08NM174,2026-03-15,0.216666666666667,0.293361111111111
08NM174,2026-03-16,0.241666666666667,0.327510416666667
08NM174,2026-03-17,1.62916666666667,0.308055555555556
08NM174,2026-03-18,1.82083333333333,0.71709375
08NM174,2026-03-19,2.15416666666667,1.99534722222222
08NM174,2026-03-20,2.94166666666667,3.40034722222222
08NM174,2026-03-21,2.58333333333333,4.29065972222222
08NM174,2026-03-22,2.15416666666667,3.30381944444444
08NM174,2026-03-23,2.2625,2.62069444444444
08NM174,2026-03-24,2.77916666666667,2.23833333333333
08NM174,2026-03-25,2.71666666666667,1.9590625
08NM174,2026-03-26,2.1375,1.70125
08NM174,2026-03-27,2.125,1.53673611111111
08NM174,2026-03-28,2.89166666666667,1.44822916666667
08NM174,2026-03-29,2.7,1.34048611111111
08NM174,2026-03-30,1.94583333333333,1.19586805555556
08NM174,2026-03-31,1.5125,1.12008333333333
08NM174,2026-04-01,2.24583333333333,1.09486111111111
08NM174,2026-04-02,3.15833333333333,1.02869097222222
08NM174,2026-04-03,3.5625,1.00156597222222
08NM174,2026-04-04,3.95,1.02257638888889
08NM174,2026-04-05,4.05833333333333,1.32979166666667
08NM174,2026-04-06,4.1875,1.97795138888889
08NM174,2026-04-07,3.79583333333333,2.48704861111111
08NM174,2026-04-08,3.0125,2.37822916666667
08NM174,2026-04-09,3.36666666666667,2.46774305555556
08NM174,2026-04-10,3.77916666666667,2.76982638888889
08NM174,2026-04-11,4.48333333333333,3.28288194444444
08NM174,2026-04-12,4.35416666666667,4.74430555555556
08NM174,2026-04-13,4.30416666666667,5.22715277777778
08NM174,2026-04-14,4.0125,4.73465277777778
08NM174,2026-04-15,3.43333333333333,3.33618055555556
08NM174,2026-04-16,2.98333333333333,2.70579861111111
08NM174,2026-04-17,3.47083333333333,2.44395833333333
08NM174,2026-04-18,3.75416666666667,2.316875
08NM174,2026-04-19,5.00833333333333,2.37277777777778
08NM174,2026-04-20,5.84583333333333,2.60975694444444
08NM174,2026-04-21,6.25833333333333,3.17229166666667
08NM174,2026-04-22,6.50416666666667,3.35767361111111
08NM174,2026-04-23,4.98333333333333,3.05350694444444
08NM174,2026-04-24,3.9875,2.47649305555556
08NM174,2026-04-25,3.97916666666667,2.21739583333333
08NM174,2026-04-26,4.2125,2.02979166666667
08NM174,2026-04-27,4.6875,1.93427083333333
08NM174,2026-04-28,5.75833333333333,1.86416666666667
08NM174,2026-04-29,6.42083333333333,1.845625
08NM174,2026-04-30,6.79583333333333,1.83402777777778
08NM174,2026-05-01,7.39583333333333,1.85260416666667
08NM174,2026-05-02,7.69583333333333,1.86708333333333
08NM174,2026-05-03,8.2875,1.86416666666667
08NM174,2026-05-04,9.14583333333333,1.87923611111111
08NM174,2026-05-05,9.32083333333333,1.875
08NM174,2026-05-06,9.64583333333333,1.80319444444444
08NM174,2026-05-07,10.0958333333333,1.75163194444444
08NM174,2026-05-08,9.65833333333333,1.63899305555556
08NM174,2026-05-09,9.22083333333333,1.51659722222222
08NM174,2026-05-10,9.85,1.39628472222222
08NM174,2026-05-11,9.57083333333333,1.29493055555556
08NM174,2026-05-12,9.64583333333333,1.19086805555556
08NM174,2026-05-13,10.1375,1.15680555555556
08NM174,2026-05-14,9.07916666666667,1.77527777777778
08NM174,2026-05-15,7.9875,1.42857638888889
08NM174,2026-05-16,7.39583333333333,1.26204861111111
08NM174,2026-05-17,7.85833333333333,1.22802083333333
08NM174,2026-05-18,8.61666666666667,1.14649305555556
08NM174,2026-05-19,8.8125,1.04278472222222
08NM174,2026-05-20,9.26666666666667,1.01659722222222
08NM174,2026-05-21,9.20416666666667,0.910232638888889
08NM174,2026-05-22,9.72083333333333,0.852753472222222
08NM174,2026-05-23,10.7916666666667,0.848493055555556
08NM174,2026-05-24,11.375,0.761861111111111
08NM174,2026-05-25,11.6166666666667,0.692083333333333
08NM174,2026-05-26,10.925,0.661135416666667
08NM174,2026-05-27,11.0666666666667,0.634965277777778
08NM174,2026-05-28,13.1125,0.586111111111111
08NM174,2026-05-29,13.8125,0.618392361111111
08NM174,2026-05-30,11.1791666666667,0.662336805555556
08NM174,2026-05-31,11.1666666666667,0.585423611111111
08NM174,2026-06-01,11.075,0.519059027777778
08NM174,2026-06-02,11.2541666666667,0.490177083333333
08NM174,2026-06-03,13.1625,0.465347222222222
08NM174,2026-06-04,11.9375,0.554829861111111
08NM174,2026-06-05,11.7333333333333,0.479083333333333
08NM174,2026-06-06,10.5875,0.440017361111111
08NM174,2026-06-07,9.89583333333333,0.486541666666667
08NM174,2026-06-08,10.275,0.452475694444444
08NM174,2026-06-09,11.1708333333333,0.421854166666667
08NM174,2026-06-10,10.55,0.447454861111111
08NM174,2026-06-11,11.2666666666667,0.435375
08NM174,2026-06-12,12.1416666666667,0.393322916666667
08NM174,2026-06-13,12.2791666666667,0.3725
08NM174,2026-06-14,13.3458333333333,0.336440972222222
08NM174,2026-06-15,14.5416666666667,0.310145833333333
08NM174,2026-06-16,14.4958333333333,0.285760416666667
08NM174,2026-06-17,13.95,0.275017361111111
08NM174,2026-06-18,13.7083333333333,0.259763888888889
08NM174,2026-06-19,14.0875,0.239142361111111
08NM174,2026-06-20,14.9541666666667,0.213961805555556
08NM174,2026-06-21,14.320833333333301,0.200430555555556
08NM174,2026-06-22,14.1708333333333,0.190270833333333
08NM174,2026-06-23,14.8333333333333,0.179076388888889
08NM174,2026-06-24,15.625,0.164940972222222
08NM174,2026-06-25,16.1041666666667,0.154461805555556
08NM174,2026-06-26,15.125,0.14921875
08NM174,2026-06-27,13.9,0.183194444444444
08NM174,2026-06-28,13.5625,0.168871527777778
08NM174,2026-06-29,14.4375,0.154444444444444
08NM174,2026-06-30,14.6869565217391,0.149121527777778
08NM174,2026-07-01,13.7041666666667,0.150489583333333
08NM174,2026-07-02,13.3583333333333,0.146260416666667
08NM174,2026-07-03,13.6375,0.137548611111111
08NM174,2026-07-04,14.7375,0.131020833333333
08NM174,2026-07-05,14.7541666666667,0.119694444444444
08NM174,2026-07-06,14.7166666666667,0.114111111111111
08NM174,2026-07-07,16.0583333333333,0.102631944444444
08NM174,2026-07-08,16.3458333333333,0.095
08NM174,2026-07-09,16.1416666666667,0.0889791666666667
08NM174,2026-07-10,15.8166666666667,0.0858854166666667
08NM174,2026-07-11,15.8125,0.0857465277777778
08NM174,2026-07-12,14.7833333333333,0.0866527777777778
08NM174,2026-07-13,15.0833333333333,0.0795763888888889
08NM174,2026-07-14,15.8583333333333,0.0732916666666667
08NM174,2026-07-15,16.8791666666667,0.0679409722222222
08NM174,2026-07-16,17.0416666666667,0.0661111111111111
08NM174,2026-07-17,17.8083333333333,0.0632777777777778
08NM174,2026-07-18,17.3333333333333,0.0588298611111111
08NM174,2026-07-19,16.3666666666667,0.0582534722222222
08NM174,2026-07-20,16.6416666666667,0.0578888888888889
08NM174,2026-07-21,17.6375,0.0552395833333333
08NM174,2026-07-22,18.1708333333333,0.0516597222222222
08NM174,2026-07-23,18.0708333333333,0.0513055555555556
08NM174,2026-07-24,17.6375,0.0541354166666667
08NM174,2026-07-25,17.8625,0.0505972222222222
08NM174,2026-07-26,16.5458333333333,0.0508333333333333
08NM174,2026-07-27,16.5333333333333,0.0510104166666667
08NM174,2026-07-28,16.4791666666667,0.04940625
08NM174,2026-07-29,16.025,0.0465833333333333
08NM174,2026-07-30,15.9666666666667,0.0450798611111111
08NM174,2026-07-31,16.0625,0.0437013888888889
08NM174,2026-08-01,16.7625,0.0418576388888889
08NM174,2026-08-02,14.8458333333333,0.0409826388888889
08NM174,2026-08-03,14.475,0.0431840277777778
08NM174,2026-08-04,14.9625,0.0409965277777778
08NM174,2026-08-05,15.2875,0.0392673611111111
08NM174,2026-08-06,15.0458333333333,0.0398020833333333
08NM174,2026-08-07,15.320833333333301,0.0406944444444444
08NM174,2026-08-08,15.875,0.0380625
08NM174,2026-08-09,15.2125,0.0375138888888889
08NM174,2026-08-10,15.5583333333333,0.0367847222222222
08NM174,2026-08-11,15.6375,0.035875
08NM174,2026-08-12,16.0083333333333,0.0355347222222222
08NM174,2026-08-13,15.8458333333333,0.0353541666666667
08NM174,2026-08-14,15.5458333333333,0.0360555555555556
08NM174,2026-08-15,15.7166666666667,0.0347881944444444
08NM174,2026-08-16,15.5583333333333,0.0338368055555556
08NM174,2026-08-17,15.525,0.0334722222222222
08NM174,2026-08-18,16.2208333333333,0.0315590277777778
08NM174,2026-08-19,16.5333333333333,0.0313472222222222
08NM174,2026-08-20,16.8458333333333,0.03153125
08NM174,2026-08-21,16.6458333333333,0.0305104166666667
08NM174,2026-08-22,16.9333333333333,0.0302083333333333
08NM174,2026-08-23,15.875,0.0476979166666667
08NM174,2026-08-24,15,0.0467534722222222
08NM174,2026-08-25,15.6125,0.0409583333333333
08NM174,2026-08-26,15.9,0.037
08NM174,2026-08-27,15.6952380952381,0.0348333333333333
08NM200,2024-10-19,10.14,0.105663157894737
08NM200,2024-10-20,13.9234782608696,0.101434782608696
08NM200,2024-10-21,12.5082608695652,0.0977391304347826
08NM200,2024-10-22,10.2553571428571,0.0972142857142857
08NM200,2024-10-23,8.3837037037037,0.0951481481481481
08NM200,2024-10-24,7.93130434782609,0.0939130434782609
08NM200,2024-10-25,7.29384615384615,0.0931538461538462
08NM200,2024-10-26,9.86869565217391,0.0931739130434783
08NM200,2024-10-27,11.1839130434783,0.143347826086957
08NM200,2024-10-28,9.4152380952381,0.140428571428571
08NM200,2024-10-29,8.52761904761905,0.118142857142857
08NM200,2024-10-30,8.29685714285714,0.107971428571429
08NM200,2024-10-31,9.10074074074074,0.107148148148148
08NM200,2024-11-01,8.062,0.1444
08NM200,2024-11-02,9.19661764705882,0.150176470588235
08NM200,2024-11-03,7.90272727272727,0.135909090909091
08NM200,2024-11-04,7.07234567901235,0.125691358024691
08NM200,2024-11-05,7.25869565217391,0.117913043478261
08NM200,2024-11-06,6.55114285714286,0.108971428571429
08NM200,2024-11-07,6.30268292682927,0.110243902439024
08NM200,2024-11-08,7.0047619047619,0.107952380952381
08NM200,2024-11-09,6.98257142857143,0.112485714285714
08NM200,2024-11-10,6.93533333333333,0.1188
08NM200,2024-11-11,8.25666666666667,0.157466666666667
08NM200,2024-11-12,7.05012345679012,0.219888888888889
08NM200,2024-11-13,7.32409836065574,0.253377049180328
08NM200,2024-11-14,8.43714285714286,0.224857142857143
08NM200,2024-11-15,7.17363636363636,0.22525
08NM200,2024-11-16,4.725,0.165375
08NM200,2024-11-17,5.74869565217391,0.159913043478261
08NM200,2024-11-18,5.449375,0.144125
08NM200,2024-11-19,4.39035714285714,0.0917142857142857
08NM200,2024-11-20,4.71071428571429,0.163964285714286
08NM200,2024-11-21,5.71409090909091,0.149227272727273
08NM200,2024-11-22,5.71,0.192863636363636
08NM200,2024-11-23,6.34227272727273,0.183363636363636
08NM200,2024-11-24,6.17590909090909,0.176363636363636
08NM200,2024-11-25,5.72135416666667,0.187805555555556
08NM200,2024-11-26,5.11715277777778,0.181381944444444
08NM200,2024-11-27,4.79368055555556,0.1496875
08NM200,2024-11-28,4.28864583333333,0.138677083333333
08NM200,2024-11-29,4.0084375,0.148368055555556
08NM200,2024-11-30,4.36318181818182,0.139636363636364
08NM200,2024-12-01,4.71,0.104238095238095
08NM200,2024-12-02,2.94153846153846,0.0776923076923077
08NM200,2024-12-03,3.82464285714286,0.153571428571429
08NM200,2024-12-04,3.39107142857143,0.131
08NM200,2024-12-05,3.13769230769231,0.124384615384615
08NM200,2024-12-06,3.14678571428571,0.128285714285714
08NM200,2024-12-07,3.20029411764706,0.130735294117647
08NM200,2024-12-08,4.01607142857143,0.101642857142857
08NM200,2024-12-09,2.63071428571429,0.110214285714286
08NM200,2024-12-10,2.61088235294118,0.0772941176470588
08NM200,2024-12-11,3.02382352941176,0.122058823529412
08NM200,2024-12-12,2.07323529411765,0.108764705882353
08NM200,2024-12-13,3.30965517241379,0.139586206896552
08NM200,2024-12-14,4.30428571428571,0.156428571428571
08NM200,2024-12-15,3.34,0.147310344827586
08NM200,2024-12-16,2.33241379310345,0.156827586206897
08NM200,2024-12-17,3.14241379310345,0.153758620689655
08NM200,2024-12-18,4.56928571428571,0.174964285714286
08NM200,2024-12-19,3.19742857142857,0.152142857142857
08NM200,2024-12-20,4.0451724137931,0.155310344827586
08NM200,2024-12-21,3.23857142857143,0.164321428571429
08NM200,2024-12-22,4.6,0.171074074074074
08NM200,2024-12-23,5.23076923076923,0.174292307692308
08NM200,2024-12-24,5.43206896551724,0.183862068965517
08NM200,2024-12-25,4.35571428571429,0.17025
08NM200,2024-12-26,4.45642857142857,0.202892857142857
08NM200,2024-12-27,4.20142857142857,0.154142857142857
08NM200,2024-12-28,4.67535714285714,0.18175
08NM200,2024-12-29,4.7,0.18525
08NM200,2024-12-30,4.73071428571429,0.175571428571429
08NM200,2024-12-31,3.46821428571429,0.141464285714286
08NM200,2025-01-01,3.3175,0.170642857142857
08NM200,2025-01-02,3.25035714285714,0.163357142857143
08NM200,2025-01-03,3.31892857142857,0.171392857142857
08NM200,2025-01-04,4.25,0.168321428571429
08NM200,2025-01-05,4.51571428571429,0.172285714285714
08NM200,2025-01-06,4.079375,0.126875
08NM200,2025-01-07,3.24176470588235,0.184264705882353
08NM200,2025-01-08,3.98,0.158441176470588
08NM200,2025-01-09,2.87794117647059,0.150970588235294
08NM200,2025-01-10,3.51617647058824,0.155941176470588
08NM200,2025-01-11,2.88181818181818,0.153363636363636
08NM200,2025-01-12,3.23090909090909,0.152121212121212
08NM200,2025-01-13,2.39636363636364,0.121454545454545
08NM200,2025-01-14,2.9469696969697,0.139666666666667
08NM200,2025-01-15,3.01964912280702,0.106052631578947
08NM200,2025-01-16,3.48205128205128,0.166820512820513
08NM200,2025-01-17,2.87818181818182,0.129727272727273
08NM200,2025-01-18,2.06181818181818,0.101454545454545
08NM200,2025-01-19,1.53449275362319,0.0761594202898551
08NM200,2025-01-20,0.599090909090909,0.150272727272727
08NM200,2025-01-21,0.818484848484848,0.150575757575758
08NM200,2025-01-22,0.610909090909091,0.17
08NM200,2025-01-23,1.26787878787879,0.121242424242424
08NM200,2025-01-24,1.76757575757576,0.120969696969697
08NM200,2025-01-25,1.48181818181818,0.0891515151515151
08NM200,2025-01-26,0.855263157894737,0.0854385964912281
08NM200,2025-01-27,0.635,0.151735294117647
08NM200,2025-01-28,1.19454861111111,0.11975
08NM200,2025-01-29,0.836076388888889,0.09425
08NM200,2025-01-30,0.611944444444444,0.126378472222222
08NM200,2025-01-31,0.87383275261324,0.133715277777778
08NM200,2025-02-01,1.95604166666667,0.136138888888889
08NM200,2025-02-02,1.37256944444444,0.133902777777778
08NM200,2025-02-03,1.02777777777778,0.114475694444444
08NM200,2025-02-04,0.644479166666667,0.112447916666667
08NM200,2025-02-05,0.631840277777778,0.112753472222222
08NM200,2025-02-06,0.617743055555556,0.107416666666667
08NM200,2025-02-07,0.619236111111111,0.102322916666667
08NM200,2025-02-08,0.618090277777778,0.107326388888889
08NM200,2025-02-09,0.617673611111111,0.103555555555556
08NM200,2025-02-10,0.621215277777778,0.0924756944444445
08NM200,2025-02-11,0.624895833333333,0.0698472222222222
08NM200,2025-02-12,0.631631944444444,0.0579340277777778
08NM200,2025-02-13,0.636180555555556,0.0536666666666667
08NM200,2025-02-14,0.647083333333333,0.0625694444444444
08NM200,2025-02-15,0.653715277777778,0.0749722222222222
08NM200,2025-02-16,0.664236111111111,0.09353125
08NM200,2025-02-17,0.685659722222222,0.107586805555556
08NM200,2025-02-18,0.945902777777778,0.109347222222222
08NM200,2025-02-19,1.58052083333333,0.12171875
08NM200,2025-02-20,1.98989583333333,0.118946996466431
08NM200,2025-02-21,2.41309027777778,0.119555555555556
08NM200,2025-02-22,2.61184027777778,0.123524305555556
08NM200,2025-02-23,2.92444444444444,0.163576388888889
08NM200,2025-02-24,2.87965277777778,0.182440972222222
08NM200,2025-02-25,3.29684027777778,0.187840277777778
08NM200,2025-02-26,3.08979166666667,0.194211805555556
08NM200,2025-02-27,3.93465277777778,0.176256944444444
08NM200,2025-02-28,3.97149305555556,0.175246527777778
08NM200,2025-03-01,3.99608391608392,0.177621527777778
08NM200,2025-03-02,4.15708333333333,0.183680555555556
08NM200,2025-03-03,4.96336805555556,0.192739583333333
08NM200,2025-03-04,4.35982638888889,0.194510416666667
08NM200,2025-03-05,4.3634375,0.206322916666667
08NM200,2025-03-06,4.75993055555556,0.203982638888889
08NM200,2025-03-07,4.47326388888889,0.202104166666667
08NM200,2025-03-08,5.17017361111111,0.201986111111111
08NM200,2025-03-09,5.73645833333333,0.227229166666667
08NM200,2025-03-10,5.69486013986014,0.26225
08NM200,2025-03-11,4.77944444444444,0.25015625
08NM200,2025-03-12,4.81409722222222,0.2360625
08NM200,2025-03-13,5.37586805555556,0.343166666666667
08NM200,2025-03-14,4.28170138888889,0.366305555555556
08NM200,2025-03-15,4.62863157894737,0.329048611111111
08NM200,2025-03-16,4.90295138888889,0.296583333333333
08NM200,2025-03-17,4.65413194444444,0.280013888888889
08NM200,2025-03-18,5.01559027777778,0.26153125
08NM200,2025-03-19,4.45319444444444,0.245708333333333
08NM200,2025-03-20,5.29239583333333,0.251895833333333
08NM200,2025-03-21,6.91930555555556,0.250600694444444
08NM200,2025-03-22,7.24371527777778,0.269368055555556
08NM200,2025-03-23,7.01857638888889,0.26865625
08NM200,2025-03-24,7.29059027777778,0.291482638888889
08NM200,2025-03-25,8.36649305555556,0.381913194444444
08NM200,2025-03-26,8.52850174216028,0.646804
08NM200,2025-03-27,7.76458333333333,1.01956701030928
08NM200,2025-03-28,6.73381944444444,1.50149825783972
08NM200,2025-03-29,5.75201388888889,1.53388888888889
08NM200,2025-03-30,5.34766550522648,1.3340625
08NM200,2025-03-31,5.93649305555556,1.38809027777778
08NM200,2025-04-01,5.6846875,1.50847222222222
08NM200,2025-04-02,6.1508362369338,1.34975694444444
08NM200,2025-04-03,5.81094076655052,1.23326388888889
08NM200,2025-04-04,5.52411149825784,1.10930555555556
08NM200,2025-04-05,6.18201388888889,1.0865625
08NM200,2025-04-06,6.77210526315789,1.31173611111111
08NM200,2025-04-07,7.31378472222222,2.03590277777778
08NM200,2025-04-08,5.66470175438597,3.11177083333333
08NM200,2025-04-09,5.55752613240418,2.38125
08NM200,2025-04-10,6.46466898954704,2.09805555555556
08NM200,2025-04-11,7.00846153846154,2.35100694444444
08NM200,2025-04-12,6.26313588850174,2.384375
08NM200,2025-04-13,5.4290637630662,1.98038194444444
08NM200,2025-04-14,5.96540069686411,1.91361111111111
08NM200,2025-04-15,6.98454861111111,2.06319444444444
08NM200,2025-04-16,7.40888888888889,2.43954861111111
08NM200,2025-04-17,5.92153846153846,2.07138888888889
08NM200,2025-04-18,6.58463414634146,1.87357638888889
08NM200,2025-04-19,8.54878472222222,2.09111111111111
08NM200,2025-04-20,7.77264084507042,2.35260416666667
08NM200,2025-04-21,6.86550522648084,2.04427083333333
08NM200,2025-04-22,6.23128472222222,1.76961805555556
08NM200,2025-04-23,6.45104895104895,1.61888888888889
08NM200,2025-04-24,7.5146875,1.58315972222222
08NM200,2025-04-25,8.4084721875,1.66447916666667
08NM200,2025-04-26,9.20163194444445,1.83152777777778
08NM200,2025-04-27,9.87989583333333,2.00326388888889
08NM200,2025-04-28,8.87494773519164,2.06722222222222
08NM200,2025-04-29,9.14947916666667,1.90295138888889
08NM200,2025-04-30,9.1456993006993,1.79604166666667
08NM200,2025-05-01,9.66588850174216,1.67395833333333
08NM200,2025-05-02,10.6536111111111,1.66013888888889
08NM200,2025-05-03,11.3236363636364,1.79125
08NM200,2025-05-04,8.81625,1.95520833333333
08NM200,2025-05-05,8.42048083623693,1.5720905923344899
08NM200,2025-05-06,9.57794791666667,1.41885416666667
08NM200,2025-05-07,10.7989930555556,1.38409722222222
08NM200,2025-05-08,11.045331010453,1.40965277777778
08NM200,2025-05-09,9.70111888111888,1.18034722222222
08NM200,2025-05-10,10.298986013986,1.05904861111111
08NM200,2025-05-11,10.0032986111111,1.04069444444444
08NM200,2025-05-12,10.7132867132867,1.16884027777778
08NM200,2025-05-13,11.1051567944251,1.33725694444444
08NM200,2025-05-14,11.4126736111111,1.15305555555556
08NM200,2025-05-15,11.1275958188153,1.01431597222222
08NM200,2025-05-16,11.2690592334495,0.945149305555556
08NM200,2025-05-17,11.3065277777778,0.942149305555556
08NM200,2025-05-18,10.5596180555556,1.06465972222222
08NM200,2025-05-19,9.44493006993007,0.951579861111111
08NM200,2025-05-20,9.78850694444444,0.882534722222222
08NM200,2025-05-21,10.0594755244755,0.808833333333333
08NM200,2025-05-22,11.3345296167247,0.76984375
08NM200,2025-05-23,12.2064583333333,0.758083333333333
08NM200,2025-05-24,12.8985763888889,0.740819444444444
08NM200,2025-05-25,14.0914982578397,0.751361111111111
08NM200,2025-05-26,14.916724738676,0.890934027777778
08NM200,2025-05-27,13.132787456446,1.07631597222222
08NM200,2025-05-28,14.09875,0.918940972222222
08NM200,2025-05-29,15.0709027777778,0.982229166666667
08NM200,2025-05-30,13.6530208333333,0.947888888888889
08NM200,2025-05-31,14.9345644599303,0.816958333333333
08NM200,2025-06-01,13.8693706293706,0.785784722222222
08NM200,2025-06-02,12.8182229965157,0.674493055555556
08NM200,2025-06-03,13.4360416666667,0.635006944444444
08NM200,2025-06-04,14.2102083333333,0.632947916666667
08NM200,2025-06-05,14.8590277777778,0.5704375
08NM200,2025-06-06,16.9086458333333,0.530729166666667
08NM200,2025-06-07,17.3693402777778,0.542475694444444
08NM200,2025-06-08,16.9004861111111,0.513525
08NM200,2025-06-09,18.1409722222222,0.532952606635071
08NM200,2025-06-10,18.8651736111111,0.520955665024631
08NM200,2025-06-11,18.6092361111111,0.428423611111111
08NM200,2025-06-12,18.7098958333333,0.38125
08NM200,2025-06-13,17.5905555555556,0.348243055555556
08NM200,2025-06-14,17.9539024390244,0.322222222222222
08NM200,2025-06-15,17.6146180555556,0.294611111111111
08NM200,2025-06-16,17.5514285714286,0.267711805555556
08NM200,2025-06-17,17.6833680555556,0.245284722222222
08NM200,2025-06-18,18.2944097222222,0.162482638888889
08NM200,2025-06-19,16.8518932038835,0.127024305555556
08NM200,2025-06-20,17.3283333333333,0.133524305555556
08NM200,2025-06-21,14.6525,0.344347222222222
08NM200,2025-06-22,14.5820833333333,0.359725694444444
08NM200,2025-06-23,15.8233333333333,0.305090277777778
08NM200,2025-06-24,17.5654166666667,0.246361111111111
08NM200,2025-06-25,18.3479166666667,0.212020833333333
08NM200,2025-06-26,18.3229166666667,0.185888888888889
08NM200,2025-06-27,18.0266666666667,0.1723125
08NM200,2025-06-28,18.2979166666667,0.164663194444444
08NM200,2025-06-29,18.9133333333333,0.151909722222222
08NM200,2025-06-30,20.0454166666667,0.142534722222222
08NM200,2025-07-01,21.415,0.132631944444444
08NM200,2025-07-02,22.05875,0.121392361111111
08NM200,2025-07-03,20.29375,0.112201388888889
08NM200,2025-07-04,19.635,0.110881944444444
08NM200,2025-07-05,20.52875,0.106809027777778
08NM200,2025-07-06,19.5933333333333,0.121125
08NM200,2025-07-07,20.0791666666667,0.114284722222222
08NM200,2025-07-08,21.11875,0.10178125
08NM200,2025-07-09,21.1979166666667,0.0930173611111111
08NM200,2025-07-10,19.8541666666667,0.0975868055555556
08NM200,2025-07-11,19.5404166666667,0.0925034722222222
08NM200,2025-07-12,21.81875,0.0975798611111111
08NM200,2025-07-13,22.9091666666667,0.0907013888888889
08NM200,2025-07-14,22.4641666666667,0.0867326388888889
08NM200,2025-07-15,20.8295833333333,0.0816111111111111
08NM200,2025-07-16,21.1479166666667,0.0770451388888889
08NM200,2025-07-17,21.0866666666667,0.0709479166666667
08NM200,2025-07-18,20.27,0.0710173611111111
08NM200,2025-07-19,19.8695833333333,0.0810520833333333
08NM200,2025-07-20,20.605,0.0731701388888889
08NM200,2025-07-21,19.72,0.0731909722222222
08NM200,2025-07-22,20.3283333333333,0.106486111111111
08NM200,2025-07-23,20.5895833333333,0.114920138888889
08NM200,2025-07-24,21.5133333333333,0.0832638888888889
08NM200,2025-07-25,22.0520833333333,0.0638263888888889
08NM200,2025-07-26,20.4858333333333,0.05690625
08NM200,2025-07-27,20.28875,0.0559861111111111
08NM200,2025-07-28,20.4029166666667,0.0540451388888889
08NM200,2025-07-29,21.2845833333333,0.0478680555555556
08NM200,2025-07-30,21.87125,0.0460972222222222
08NM200,2025-07-31,22.1520833333333,0.0437118055555556
08NM200,2025-08-01,22.2433333333333,0.0465520833333333
08NM200,2025-08-02,21.1470833333333,0.0709097222222222
08NM200,2025-08-03,22.1329166666667,0.0636527777777778
08NM200,2025-08-04,21.4420833333333,0.0517256944444444
08NM200,2025-08-05,20.4658333333333,0.0500243055555556
08NM200,2025-08-06,20.095,0.0519305555555556
08NM200,2025-08-07,19.0325,0.0646944444444444
08NM200,2025-08-08,18.8858333333333,0.0663541666666667
08NM200,2025-08-09,20.5095833333333,0.05328125
08NM200,2025-08-10,21.5541666666667,0.0466909722222222
08NM200,2025-08-11,22.6504166666667,0.0399166666666667
08NM200,2025-08-12,21.8741666666667,0.0369097222222222
08NM200,2025-08-13,22.19875,0.0364236111111111
08NM200,2025-08-14,21.0125,0.0347847222222222
08NM200,2025-08-15,20.8566666666667,0.0390625
08NM200,2025-08-16,20.59625,0.0556770833333333
08NM200,2025-08-17,19.71375,0.0585173611111111
08NM200,2025-08-18,19.6020833333333,0.0504444444444444
08NM200,2025-08-19,20.07375,0.0436736111111111
08NM200,2025-08-20,20.6979166666667,0.0394548611111111
08NM200,2025-08-21,19.6916666666667,0.0370243055555556
08NM200,2025-08-22,19.0354166666667,0.0371180555555556
08NM200,2025-08-23,19.0483333333333,0.0377673611111111
08NM200,2025-08-24,19.53375,0.0358576388888889
08NM200,2025-08-25,20.095,0.0329444444444444
08NM200,2025-08-26,20.4758333333333,0.0310069444444444
08NM200,2025-08-27,19.7216666666667,0.0308958333333333
08NM200,2025-08-28,19.0579166666667,0.03915625
08NM200,2025-08-29,19.8825,0.0398576388888889
08NM200,2025-08-30,20.1920833333333,0.0341875
08NM200,2025-08-31,19.7295833333333,0.0311458333333333
08NM200,2025-09-01,20.015,0.0292395833333333
08NM200,2025-09-02,20.155,0.0297083333333333
08NM200,2025-09-03,20.3158333333333,0.0283923611111111
08NM200,2025-09-04,20.6154166666667,0.0264131944444444
08NM200,2025-09-05,19.2416666666667,0.0264965277777778
08NM200,2025-09-06,18.1733333333333,0.0332048611111111
08NM200,2025-09-07,19.2004166666667,0.0370138888888889
08NM200,2025-09-08,18.6795833333333,0.0388368055555556
08NM200,2025-09-09,18.4354166666667,0.0362638888888889
08NM200,2025-09-10,17.8895833333333,0.0345416666666667
08NM200,2025-09-11,18.1608333333333,0.0329826388888889
08NM200,2025-09-12,18.45,0.0309722222222222
08NM200,2025-09-13,18.9929166666667,0.0324548611111111
08NM200,2025-09-14,18.4391666666667,0.0324618055555556
08NM200,2025-09-15,17.49,0.0456770833333333
08NM200,2025-09-16,18.4508333333333,0.0413402777777778
08NM200,2025-09-17,18.11625,0.0401875
08NM200,2025-09-18,17.8104166666667,0.0371215277777778
08NM200,2025-09-19,17.67625,0.0348958333333333
08NM200,2025-09-20,16.5245833333333,0.0359791666666667
08NM200,2025-09-21,16.8583333333333,0.0441111111111111
08NM200,2025-09-22,15.105,0.0537430555555556
08NM200,2025-09-23,14.92,0.0448472222222222
08NM200,2025-09-24,15.0204166666667,0.0429236111111111
08NM200,2025-09-25,14.8754166666667,0.0432604166666667
08NM200,2025-09-26,14.5095833333333,0.0407881944444444
08NM200,2025-09-27,14.5258333333333,0.0439409722222222
08NM200,2025-09-28,14.4604166666667,0.0442708333333333
08NM200,2025-09-29,14.6291666666667,0.0453229166666667
08NM200,2025-09-30,15.465,0.0491006944444444
08NM200,2025-10-01,14.9879166666667,0.0474930555555556
08NM200,2025-10-02,14.845,0.0488194444444444
08NM200,2025-10-03,12.865,0.05103125
08NM200,2025-10-04,13.2516666666667,0.0534513888888889
08NM200,2025-10-05,12.3358333333333,0.0565277777777778
08NM200,2025-10-06,11.57625,0.0554409722222222
08NM200,2025-10-07,11.4016666666667,0.0591666666666667
08NM200,2025-10-08,12.1133333333333,0.0597326388888889
08NM200,2025-10-09,12.5804166666667,0.0609027777777778
08NM200,2025-10-10,12.7320833333333,0.0635243055555556
08NM200,2025-10-11,13.0870833333333,0.0649131944444444
08NM200,2025-10-12,11.43875,0.0772430555555556
08NM200,2025-10-13,10.1566666666667,0.0761631944444444
08NM200,2025-10-14,8.57166666666667,0.0747708333333333
08NM200,2025-10-15,7.3366666666666696,0.0749166666666667
08NM200,2025-10-16,7.62208333333333,0.0782083333333333
08NM200,2025-10-17,8.61291666666667,0.0799166666666667
08NM200,2025-10-18,7.5,0.0822291666666667
08NM200,2025-10-19,8.86916666666667,0.0896770833333333
08NM200,2025-10-20,9.01291666666667,0.102892361111111
08NM200,2025-10-21,8.61458333333333,0.100083333333333
08NM200,2025-10-22,7.945,0.0910416666666667
08NM200,2025-10-23,8.55333333333333,0.0864166666666667
08NM200,2025-10-24,9.90833333333333,0.0841423611111111
08NM200,2025-10-25,9.52291666666667,0.208520833333333
08NM200,2025-10-26,8.61416666666667,0.236923611111111
08NM200,2025-10-27,8.0125,0.166236111111111
08NM200,2025-10-28,6.42625,0.123704861111111
08NM200,2025-10-29,7.52041666666667,0.116690972222222
08NM200,2025-10-30,6.96583333333333,0.111579861111111
08NM200,2025-10-31,6.15375,0.102972222222222
08NM200,2025-11-01,7.465,0.102038194444444
08NM200,2025-11-02,7.04083333333333,0.103215277777778
08NM200,2025-11-03,6.47916666666667,0.109513888888889
08NM200,2025-11-04,6.97791666666667,0.101170138888889
08NM200,2025-11-05,7.5975,0.115121527777778
08NM200,2025-11-06,8.22875,0.170149305555556
08NM200,2025-11-07,8.21666666666667,0.266208333333333
08NM200,2025-11-08,7.88,0.192881944444444
08NM200,2025-11-09,NA,0.145701388888889
08NM200,2025-11-10,NA,0.125055555555556
08NM200,2025-11-11,NA,0.12621875
08NM200,2025-11-12,NA,0.128559027777778
08NM200,2025-11-13,8.47,0.112114583333333
08NM200,2025-11-14,8.9,0.140881944444444
08NM200,2025-11-15,NA,0.220597222222222
08NM200,2025-11-16,8.55,0.207595419847328
08NM200,2025-11-17,8.70217391304348,0.161300366300366
08NM200,2025-11-18,8.64652173913043,0.362164874551971
08NM200,2025-11-19,6.81333333333333,0.377534722222222
08NM200,2025-11-20,6.5325,0.240618055555556
08NM200,2025-11-21,5.69958333333333,0.191809027777778
08NM200,2025-11-22,6.42125,0.1724375
08NM200,2025-11-23,6.70541666666667,0.157097222222222
08NM200,2025-11-24,6.5225,0.160888888888889
08NM200,2025-11-25,4.6179166666666696,0.154565972222222
08NM200,2025-11-26,5.05,0.156725694444444
08NM200,2025-11-27,5.50916666666667,0.153708333333333
08NM200,2025-11-28,4.54208333333333,0.169243055555556
08NM200,2025-11-29,3.03291666666667,0.150552083333333
08NM200,2025-11-30,2.3425,0.154965277777778
08NM200,2025-12-01,2.36208333333333,0.258135416666667
08NM200,2025-12-02,3.04791666666667,0.325128472222222
08NM200,2025-12-03,3.48125,0.313815972222222
08NM200,2025-12-04,3.76041666666667,0.297038194444444
08NM200,2025-12-05,3.43916666666667,0.180340277777778
08NM200,2025-12-06,3.83166666666667,0.169052083333333
08NM200,2025-12-07,3.85125,0.163420138888889
08NM200,2025-12-08,5.19791666666667,0.178927083333333
08NM200,2025-12-09,5.94375,0.20525
08NM200,2025-12-10,5.84083333333333,0.221604166666667
08NM200,2025-12-11,6.11,0.224163194444444
08NM200,2025-12-12,6.06708333333333,0.226305555555556
08NM200,2025-12-13,6.20375,0.221149305555556
08NM200,2025-12-14,6.13708333333333,0.215576388888889
08NM200,2025-12-15,6.68583333333333,0.22109375
08NM200,2025-12-16,5.81,0.322371527777778
08NM200,2025-12-17,6.06375,0.347517361111111
08NM200,2025-12-18,4.79708333333333,0.312892361111111
08NM200,2025-12-19,4.10583333333333,0.290027777777778
08NM200,2025-12-20,2.995,0.226482638888889
08NM200,2025-12-21,3.4525,0.242309027777778
08NM200,2025-12-22,3.865,0.235263888888889
08NM200,2025-12-23,3.78291666666667,0.223329861111111
08NM200,2025-12-24,3.75083333333333,0.240288194444444
08NM200,2025-12-25,3.70666666666667,0.465711805555556
08NM200,2025-12-26,4.215,0.424527777777778
08NM200,2025-12-27,2.01666666666667,0.286513888888889
08NM200,2025-12-28,0.482916666666667,0.160951388888889
08NM200,2025-12-29,0.490416666666667,0.189138888888889
08NM200,2025-12-30,0.719166666666667,0.204315972222222
08NM200,2025-12-31,1.30375,0.231763888888889
08NM200,2026-01-01,0.965,0.238208333333333
08NM200,2026-01-02,1.73625,0.258190972222222
08NM200,2026-01-03,2.71875,0.260326388888889
08NM200,2026-01-04,3.55833333333333,0.288118055555556
08NM200,2026-01-05,3.89375,0.290333333333333
08NM200,2026-01-06,3.76916666666667,0.268520833333333
08NM200,2026-01-07,3.23375,0.261256944444444
08NM200,2026-01-08,2.81375,0.248638888888889
08NM200,2026-01-09,2.17833333333333,0.23584375
08NM200,2026-01-10,2.98916666666667,0.23125
08NM200,2026-01-11,3.47375,0.234392361111111
08NM200,2026-01-12,4.49,0.239604166666667
08NM200,2026-01-13,4.565,0.245583333333333
08NM200,2026-01-14,3.54375,0.250746527777778
08NM200,2026-01-15,3.89375,0.255826388888889
08NM200,2026-01-16,3.375,0.248934027777778
08NM200,2026-01-17,2.49083333333333,0.232340277777778
08NM200,2026-01-18,2.63958333333333,0.226868055555556
08NM200,2026-01-19,2.61041666666667,0.229868055555556
08NM200,2026-01-20,2.11416666666667,0.231770833333333
08NM200,2026-01-21,2.13083333333333,0.203920138888889
08NM200,2026-01-22,2.26291666666667,0.215756944444444
08NM200,2026-01-23,1.855,0.1925625
08NM200,2026-01-24,0.68625,0.109840277777778
08NM200,2026-01-25,0.4825,0.0859583333333333
08NM200,2026-01-26,0.590416666666667,0.133604166666667
08NM200,2026-01-27,1.01875,0.155381944444444
08NM200,2026-01-28,1.79916666666667,0.149538194444444
08NM200,2026-01-29,2.51625,0.187732638888889
08NM200,2026-01-30,3.47666666666667,0.227006944444444
08NM200,2026-01-31,4.1725,0.229329861111111
08NM200,2026-02-01,4.19916666666667,0.223090277777778
08NM200,2026-02-02,4.40166666666667,0.249402777777778
08NM200,2026-02-03,4.96291666666667,0.228170138888889
08NM200,2026-02-04,5.44625,0.229746527777778
08NM200,2026-02-05,5.21416666666667,0.244315972222222
08NM200,2026-02-06,4.77166666666667,0.2326875
08NM200,2026-02-07,4.81708333333333,0.233701388888889
08NM200,2026-02-08,5.14333333333333,0.232361111111111
08NM200,2026-02-09,4.12583333333333,0.226041666666667
08NM200,2026-02-10,4.00083333333333,0.219677083333333
08NM200,2026-02-11,3.25583333333333,0.214579861111111
08NM200,2026-02-12,2.76875,0.205534722222222
08NM200,2026-02-13,4.39458333333333,0.20434375
08NM200,2026-02-14,4.80333333333333,0.204913194444444
08NM200,2026-02-15,2.92083333333333,0.188600694444444
08NM200,2026-02-16,3.14916666666667,0.201965277777778
08NM200,2026-02-17,3.11791666666667,0.199958333333333
08NM200,2026-02-18,2.92541666666667,0.184878472222222
08NM200,2026-02-19,1.2775,0.117128472222222
08NM200,2026-02-20,0.577083333333333,0.298288194444444
08NM200,2026-02-21,0.570416666666667,0.396263888888889
08NM200,2026-02-22,1.68291666666667,0.199045138888889
08NM200,2026-02-23,3.09208333333333,0.187423611111111
08NM200,2026-02-24,3.15416666666667,0.172878472222222
08NM200,2026-02-25,2.985,0.1561875
08NM200,2026-02-26,3.85166666666667,0.154652777777778
08NM200,2026-02-27,5.3366666666666696,0.155423611111111
08NM200,2026-02-28,5.63833333333333,0.158003472222222
08NM200,2026-03-01,4.45291666666667,0.152065972222222
08NM200,2026-03-02,3.76458333333333,0.151111111111111
08NM200,2026-03-03,4.12791666666667,0.150802083333333
08NM200,2026-03-04,5.7775,0.160954861111111
08NM200,2026-03-05,5.715,0.189625
08NM200,2026-03-06,5.97791666666667,0.181069444444444
08NM200,2026-03-07,6.64166666666667,0.239319444444444
08NM200,2026-03-08,6.79541666666667,0.330854166666667
08NM200,2026-03-09,4.62416666666667,0.3175
08NM200,2026-03-10,3.15708333333333,0.241
08NM200,2026-03-11,3.76458333333333,0.257072916666667
08NM200,2026-03-12,5.36291666666667,0.236784722222222
08NM200,2026-03-13,5.26625,0.212607638888889
08NM200,2026-03-14,5.07416666666667,0.205645833333333
08NM200,2026-03-15,3.54375,0.151538194444444
08NM200,2026-03-16,4.2875,0.205520833333333
08NM200,2026-03-17,5.82958333333333,0.182378472222222
08NM200,2026-03-18,9.17208333333333,0.216434027777778
08NM200,2026-03-19,10.0316666666667,0.446017361111111
08NM200,2026-03-20,8.8325,0.712003472222222
08NM200,2026-03-21,7.21708333333333,0.988947916666667
08NM200,2026-03-22,4.92291666666667,0.766569444444444
08NM200,2026-03-23,4.8875,0.693298611111111
08NM200,2026-03-24,5.77958333333333,0.630885416666667
08NM200,2026-03-25,6.29208333333333,0.586083333333333
08NM200,2026-03-26,5.26583333333333,0.505267361111111
08NM200,2026-03-27,5.07541666666667,0.490739583333333
08NM200,2026-03-28,5.93125,0.504840277777778
08NM200,2026-03-29,6.42583333333333,0.49221875
08NM200,2026-03-30,5.02583333333333,0.429454861111111
08NM200,2026-03-31,4.50875,0.426590277777778
08NM200,2026-04-01,4.95541666666667,0.485170138888889
08NM200,2026-04-02,6.40125,0.485666666666667
08NM200,2026-04-03,6.28125,0.50640562248996
08NM200,2026-04-04,7.52791666666667,0.582933962264151
08NM200,2026-04-05,8.12166666666667,0.627582089552239
08NM200,2026-04-06,8.88416666666667,0.693024590163934
08NM200,2026-04-07,8.59125,0.757340425531915
08NM200,2026-04-08,6.98166666666667,0.72690099009901
08NM200,2026-04-09,7.25125,0.69441
08NM200,2026-04-10,7.88291666666667,0.70299
08NM200,2026-04-11,8.88625,0.728419642857143
08NM200,2026-04-12,9.33625,0.799715447154472
08NM200,2026-04-13,9.70541666666667,0.882346534653465
08NM200,2026-04-14,8.27166666666667,0.825836956521739
08NM200,2026-04-15,7.47916666666667,0.799225806451613
08NM200,2026-04-16,6.11958333333333,0.732633333333333
08NM200,2026-04-17,6.49125,0.688263736263736
08NM200,2026-04-18,7.40375,0.643954022988506
08NM200,2026-04-19,8.51583333333333,0.621880952380952
08NM200,2026-04-20,9.99416666666667,0.607262626262626
08NM200,2026-04-21,10.9095833333333,0.646691489361702
08NM200,2026-04-22,12.1558333333333,0.722395061728395
08NM200,2026-04-23,10.075,0.711894736842105
08NM200,2026-04-24,7.9175,0.638683544303797
08NM200,2026-04-25,7.62625,0.602267605633803
08NM200,2026-04-26,7.745,0.595548076923077
08NM200,2026-04-27,8.315,0.53168
08NM200,2026-04-28,9.665,0.543142857142857
08NM200,2026-04-29,10.7008333333333,0.562428571428571
08NM200,2026-04-30,11.6316666666667,0.546040201005025
08NM200,2026-05-01,12.1629166666667,0.515242857142857
08NM200,2026-05-02,12.60875,0.499256637168142
08NM200,2026-05-03,13.09625,0.52888961038961
08NM200,2026-05-04,13.885,0.585392156862745
08NM200,2026-05-05,13.9375,0.66543949044586
08NM200,2026-05-06,13.5608333333333,0.663583333333333
08NM200,2026-05-07,13.3075,0.613756097560976
08NM200,2026-05-08,13.6220833333333,0.599579710144928
08NM200,2026-05-09,12.5433333333333,0.581463157894737
08NM200,2026-05-10,13.33625,0.535730337078652
08NM200,2026-05-11,12.7625,0.487157142857143
08NM200,2026-05-12,13.34375,0.436493243243243
08NM200,2026-05-13,14.0895833333333,0.428888888888889
08NM200,2026-05-14,11.6866666666667,0.713844621513944
08NM200,2026-05-15,10.9341666666667,0.647586956521739
08NM200,2026-05-16,9.98208333333333,0.564788732394366
08NM200,2026-05-17,10.5445833333333,0.501376306620209
08NM200,2026-05-18,11.8166666666667,0.44128125
08NM200,2026-05-19,12.2308333333333,0.403482638888889
08NM200,2026-05-20,13.1458333333333,0.369652777777778
08NM200,2026-05-21,13.275,0.334451388888889
08NM200,2026-05-22,13.9866666666667,0.318317689530686
08NM200,2026-05-23,16.0816666666667,0.303257839721254
08NM200,2026-05-24,17.0454166666667,0.287440972222222
08NM200,2026-05-25,16.78625,0.266357638888889
08NM200,2026-05-26,15.5770833333333,0.256152777777778
08NM200,2026-05-27,15.75875,0.260868055555556
08NM200,2026-05-28,17.8104166666667,0.271715277777778
08NM200,2026-05-29,18.8795833333333,0.349476534296029
08NM200,2026-05-30,13.914583333333301,1.13325480769231
08NM200,2026-05-31,14.3445833333333,0.741432142857143
08NM200,2026-06-01,14.02375,0.517892361111111
08NM200,2026-06-02,13.9425,0.418048611111111
08NM200,2026-06-03,16.3791666666667,0.361541666666667
08NM200,2026-06-04,16.01,0.327267361111111
08NM200,2026-06-05,16.64125,0.285493055555556
08NM200,2026-06-06,14.4558333333333,0.257989583333333
08NM200,2026-06-07,13.3604166666667,0.262329861111111
08NM200,2026-06-08,13.7708333333333,0.246878472222222
08NM200,2026-06-09,14.42375,0.2606875
08NM200,2026-06-10,14.35,0.345722222222222
08NM200,2026-06-11,14.5145833333333,0.280333333333333
08NM200,2026-06-12,16.4345833333333,0.230913194444444
08NM200,2026-06-13,16.9745833333333,0.198364583333333
08NM200,2026-06-14,18.2125,0.173430555555556
08NM200,2026-06-15,19.10625,0.153444444444444
08NM200,2026-06-16,19.6058333333333,0.138881944444444
08NM200,2026-06-17,18.88625,0.119059027777778
08NM200,2026-06-18,18.9991666666667,0.111274305555556
08NM200,2026-06-19,18.8758333333333,0.107486111111111
08NM200,2026-06-20,19.7729166666667,0.0970381944444444
08NM200,2026-06-21,19.2225,0.0910451388888889
08NM200,2026-06-22,19.6766666666667,0.0866805555555556
08NM200,2026-06-23,19.5554166666667,0.0838229166666667
08NM200,2026-06-24,20.0045833333333,0.0810069444444444
08NM200,2026-06-25,20.6095833333333,0.0766215277777778
08NM200,2026-06-26,19.6933333333333,0.0756041666666667
08NM200,2026-06-27,18.73875,0.0885763888888889
08NM200,2026-06-28,18.4570833333333,0.0864375
08NM200,2026-06-29,18.2291666666667,0.0847708333333333
08NM200,2026-06-30,19.9666666666667,0.0785208333333333
08NM200,2026-07-01,19.7675,0.0787951388888889
08NM200,2026-07-02,19.085,0.0772847222222222
08NM200,2026-07-03,19.4558333333333,0.0766527777777778
08NM200,2026-07-04,21.1020833333333,0.0707291666666667
08NM200,2026-07-05,20.1266666666667,0.0636041666666667
08NM200,2026-07-06,19.4720833333333,0.0623020833333333
08NM200,2026-07-07,20.5745833333333,0.05946875
08NM200,2026-07-08,21.73125,0.05365625
08NM200,2026-07-09,21.2695833333333,0.0509097222222222
08NM200,2026-07-10,21.3054166666667,0.0483576388888889
08NM200,2026-07-11,21.83,0.0475451388888889
08NM200,2026-07-12,20.6591666666667,0.0443055555555556
08NM200,2026-07-13,20.25,0.04421875
08NM200,2026-07-14,20.2775,0.0421631944444444
08NM200,2026-07-15,22.005,0.0419340277777778
08NM200,2026-07-16,22.0770833333333,0.0610243055555556
08NM200,2026-07-17,23.545,0.0565972222222222
08NM200,2026-07-18,22.16,0.0462916666666667
08NM200,2026-07-19,20.8883333333333,0.0447881944444444
08NM200,2026-07-20,21.5233333333333,0.0417951388888889
08NM200,2026-07-21,21.62,0.0404965277777778
08NM200,2026-07-22,22.47125,0.0367534722222222
08NM200,2026-07-23,23.6820833333333,0.0285625
08NM200,2026-07-24,22.3720833333333,0.0689201388888889
08NM200,2026-07-25,22.8179166666667,0.0582673611111111
08NM200,2026-07-26,21.1595833333333,0.0538055555555556
08NM200,2026-07-27,21.4570833333333,0.0506111111111111
08NM200,2026-07-28,21.17375,0.0471736111111111
08NM200,2026-07-29,20.54,0.0411494661921708
08NM200,2026-07-30,19.7516666666667,0.0355555555555556
08NM200,2026-07-31,20.4045833333333,0.0288854166666667
08NM200,2026-08-01,20.1558333333333,0.0235694444444444
08NM200,2026-08-02,19.0779166666667,0.0191180555555556
08NM200,2026-08-03,18.1725,0.0218298611111111
08NM200,2026-08-04,18.6108333333333,0.0215486111111111
08NM200,2026-08-05,18.9308333333333,0.0218194444444444
08NM200,2026-08-06,18.1883333333333,0.0248263888888889
08NM200,2026-08-07,18.5529166666667,0.0211527777777778
08NM200,2026-08-08,18.9979166666667,0.0210555555555556
08NM200,2026-08-09,19.4608333333333,0.0170625
08NM200,2026-08-10,20.0533333333333,0.0159652777777778
08NM200,2026-08-11,20.365,0.0243263888888889
08NM200,2026-08-12,20.02,0.0266944444444444
08NM200,2026-08-13,19.0045833333333,0.0418506944444444
08NM200,2026-08-14,19.45125,0.0372673611111111
08NM200,2026-08-15,19.03625,0.0360868055555556
08NM200,2026-08-16,19.3954166666667,0.03403125
08NM200,2026-08-17,19.515,0.0325694444444444
08NM200,2026-08-18,20.4920833333333,0.0288090277777778
08NM200,2026-08-19,20.8366666666667,0.0272326388888889
08NM200,2026-08-20,20.4904166666667,0.0272673611111111
08NM200,2026-08-21,20.3858333333333,0.0273055555555556
08NM200,2026-08-22,20.8979166666667,0.0280416666666667
08NM200,2026-08-23,21.0779166666667,0.0271215277777778
08NM200,2026-08-24,19.3733333333333,0.0292534722222222
08NM200,2026-08-25,19.8808333333333,0.0279791666666667
08NM200,2026-08-26,19.7566666666667,0.0280868055555556
08NM200,2026-08-27,19.97,0.0253122529644269
08NM232,2024-10-19,7.025,0.49125
08NM232,2024-10-20,7.7,0.494
08NM232,2024-10-21,7.4,0.491761904761905
08NM232,2024-10-22,6.55,0.4890625
08NM232,2024-10-23,6.15,0.487787878787879
08NM232,2024-10-24,6,0.48425
08NM232,2024-10-25,5.55,0.48296875
08NM232,2024-10-26,6.2,0.478714285714286
08NM232,2024-10-27,6,0.4894
08NM232,2024-10-28,5.6,0.4838
08NM232,2024-10-29,5.2,0.47355
08NM232,2024-10-30,4.7,0.279
08NM232,2024-10-31,4.65,0.2795625
08NM232,2024-11-01,4.2,0.2811
08NM232,2024-11-02,4.2,0.282
08NM232,2024-11-03,4.2,0.279
08NM232,2024-11-04,3.33333333333333,0.282
08NM232,2024-11-05,2.6,0.0795625
08NM232,2024-11-06,1.65,0.07925
08NM232,2024-11-07,1.85,0.078
08NM232,2024-11-08,2.3,0.0771428571428571
08NM232,2024-11-09,2.6,0.0791
08NM232,2024-11-10,2.8,0.079
08NM232,2024-11-11,2.9,0.09465
08NM232,2024-11-12,2,0.079075
08NM232,2024-11-13,2.26,0.0798970588235294
08NM232,2024-11-14,2,0.0854545454545455
08NM232,2024-11-15,1.38571428571429,0.0786413043478261
08NM232,2024-11-16,0.2,0.075
08NM232,2024-11-17,0.1,0.076
08NM232,2024-11-18,0.7,0.075047619047619
08NM232,2024-11-19,0.1,0.073
08NM232,2024-11-20,0.2,0.073
08NM232,2024-11-21,0.75,0.0731875
08NM232,2024-11-22,0.9,0.07275
08NM232,2024-11-23,1.1,0.07228125
08NM232,2024-11-24,0.85,0.071625
08NM232,2024-11-25,0.7,0.0722569444444444
08NM232,2024-11-26,0.6625,0.0719201388888889
08NM232,2024-11-27,0.3375,0.0690138888888889
08NM232,2024-11-28,0.2125,0.0732916666666667
08NM232,2024-11-29,0.254166666666667,0.0719756944444444
08NM232,2024-11-30,0.4,0.0694375
08NM232,2024-12-01,0.35,0.069
08NM232,2024-12-02,0.1,0.065
08NM232,2024-12-03,0.2,0.066
08NM232,2024-12-04,0.2,0.066
08NM232,2024-12-05,0.1,0.066
08NM232,2024-12-06,0.1,0.066
08NM232,2024-12-07,0.1,0.066
08NM232,2024-12-08,0.1,0.066
08NM232,2024-12-09,0.3,0.066
08NM232,2024-12-10,0.2,0.066
08NM232,2024-12-11,0.2,0.066
08NM232,2024-12-12,0.2,0.067
08NM232,2024-12-13,0.5,0.06546875
08NM232,2024-12-14,0.6,0.0655625
08NM232,2024-12-15,0.5,0.06365625
08NM232,2024-12-16,0.1,0.062
08NM232,2024-12-17,0.4,0.063
08NM232,2024-12-18,0.2,0.0612121212121212
08NM232,2024-12-19,0.3,0.0604242424242424
08NM232,2024-12-20,0.6,0.060125
08NM232,2024-12-21,0.75,0.0615151515151515
08NM232,2024-12-22,0.8,0.0623333333333333
08NM232,2024-12-23,0.7,0.0621492537313433
08NM232,2024-12-24,0.9,0.0630645161290323
08NM232,2024-12-25,0.1,0.063
08NM232,2024-12-26,0.58,0.0631911764705882
08NM232,2024-12-27,0.1,0.062
08NM232,2024-12-28,0.1,0.062
08NM232,2024-12-29,0.3,0.061875
08NM232,2024-12-30,0.45,0.0611875
08NM232,2024-12-31,0.4,0.0600625
08NM232,2025-01-01,0.3,0.05996875
08NM232,2025-01-02,0.4,0.05921875
08NM232,2025-01-03,0.3,0.059
08NM232,2025-01-04,0.2,0.05890625
08NM232,2025-01-05,0.6,0.059
08NM232,2025-01-06,0.8,0.0589
08NM232,2025-01-07,0.5,0.0588125
08NM232,2025-01-08,0.45,0.05865625
08NM232,2025-01-09,0.1,0.0593125
08NM232,2025-01-10,0.2,0.06325
08NM232,2025-01-11,0.65,0.059
08NM232,2025-01-12,0.7,0.058875
08NM232,2025-01-13,0.1,0.04328125
08NM232,2025-01-14,0.1,0.0404418604651163
08NM232,2025-01-15,0.1,0.045
08NM232,2025-01-16,0.1,0.0377954545454545
08NM232,2025-01-17,0.1,0.032
08NM232,2025-01-18,0.1,0.028
08NM232,2025-01-19,0.1,0.028
08NM232,2025-01-20,0,0.027
08NM232,2025-01-21,0,0.028
08NM232,2025-01-22,-0.1,0.027
08NM232,2025-01-23,-0.0333333333333333,0.027
08NM232,2025-01-24,-0.1,0.027
08NM232,2025-01-25,-0.333333333333333,0.027
08NM232,2025-01-26,-0.5,0.027
08NM232,2025-01-27,-0.5,0.028
08NM232,2025-01-28,-0.416666666666667,0.0288958333333333
08NM232,2025-01-29,-0.346666666666667,0.0324965277777778
08NM232,2025-01-30,-0.191666666666667,0.0376041666666667
08NM232,2025-01-31,-0.1,0.0420972222222222
08NM232,2025-02-01,-0.075,0.0425451388888889
08NM232,2025-02-02,-0.317647058823529,0.0401215277777778
08NM232,2025-02-03,-0.466666666666667,0.0376423611111111
08NM232,2025-02-04,NA,0.0350694444444444
08NM232,2025-02-05,NA,0.0327291666666667
08NM232,2025-02-06,NA,0.0308576388888889
08NM232,2025-02-07,NA,0.0293645833333333
08NM232,2025-02-08,NA,0.0283958333333333
08NM232,2025-02-09,NA,0.028
08NM232,2025-02-10,NA,0.0279201388888889
08NM232,2025-02-11,NA,0.0271909722222222
08NM232,2025-02-12,NA,0.028
08NM232,2025-02-13,NA,0.0290034722222222
08NM232,2025-02-14,NA,0.0308125
08NM232,2025-02-15,NA,0.0325208333333333
08NM232,2025-02-16,-0.5,0.0339236111111111
08NM232,2025-02-17,NA,0.0349583333333333
08NM232,2025-02-18,NA,0.0358402777777778
08NM232,2025-02-19,-0.3,0.0367222222222222
08NM232,2025-02-20,-0.195833333333333,0.0376041666666667
08NM232,2025-02-21,-0.2,0.0382743055555556
08NM232,2025-02-22,-0.129166666666667,0.039
08NM232,2025-02-23,-0.05,0.0396805555555556
08NM232,2025-02-24,-0.0416666666666667,0.04
08NM232,2025-02-25,-0.0541666666666667,0.04
08NM232,2025-02-26,0,0.0409270833333333
08NM232,2025-02-27,0.0541666666666667,0.0402743055555556
08NM232,2025-02-28,0.195833333333333,0.0427916666666667
08NM232,2025-03-01,0.375,0.0463020833333333
08NM232,2025-03-02,0.4875,0.0487048611111111
08NM232,2025-03-03,0.629166666666667,0.0509513888888889
08NM232,2025-03-04,0.5875,0.0518819444444444
08NM232,2025-03-05,0.604166666666667,0.0527534722222222
08NM232,2025-03-06,0.733333333333333,0.05309375
08NM232,2025-03-07,0.579166666666667,0.0530486111111111
08NM232,2025-03-08,0.733333333333333,0.0534722222222222
08NM232,2025-03-09,0.866666666666667,0.0548229166666667
08NM232,2025-03-10,0.779166666666667,0.0557465277777778
08NM232,2025-03-11,0.65,0.0557916666666667
08NM232,2025-03-12,0.7125,0.0564895833333333
08NM232,2025-03-13,0.654166666666667,0.06071875
08NM232,2025-03-14,0.3375,0.0630381944444444
08NM232,2025-03-15,0.504166666666667,0.0636527777777778
08NM232,2025-03-16,0.625,0.0642881944444444
08NM232,2025-03-17,0.604166666666667,0.0650520833333333
08NM232,2025-03-18,0.4875,0.0650347222222222
08NM232,2025-03-19,0.325,0.0659340277777778
08NM232,2025-03-20,0.779166666666667,0.0663541666666667
08NM232,2025-03-21,0.883333333333333,0.0662465277777778
08NM232,2025-03-22,0.854166666666667,0.0655069444444445
08NM232,2025-03-23,0.695833333333333,0.0670555555555556
08NM232,2025-03-24,0.733333333333333,0.0676979166666667
08NM232,2025-03-25,1.13333333333333,0.0768680555555556
08NM232,2025-03-26,1.1625,0.0868194444444444
08NM232,2025-03-27,1.2,0.0970798611111111
08NM232,2025-03-28,1.125,0.108722222222222
08NM232,2025-03-29,1.0875,0.12478125
08NM232,2025-03-30,0.829166666666667,0.1394375
08NM232,2025-03-31,0.9375,0.148423611111111
08NM232,2025-04-01,0.958333333333333,0.15578125
08NM232,2025-04-02,0.954166666666667,0.157583333333333
08NM232,2025-04-03,0.875,0.153864583333333
08NM232,2025-04-04,0.691666666666667,0.147836805555556
08NM232,2025-04-05,0.883333333333333,0.145305555555556
08NM232,2025-04-06,1.15,0.152947916666667
08NM232,2025-04-07,1.12083333333333,0.222222222222222
08NM232,2025-04-08,0.733333333333333,0.358930555555556
08NM232,2025-04-09,0.929166666666667,0.322118055555556
08NM232,2025-04-10,1.03333333333333,0.289534722222222
08NM232,2025-04-11,1.1125,0.321600694444444
08NM232,2025-04-12,1.0875,0.311034722222222
08NM232,2025-04-13,1.02916666666667,0.274805555555556
08NM232,2025-04-14,1.39583333333333,0.258402777777778
08NM232,2025-04-15,1.9,0.270597222222222
08NM232,2025-04-16,1.9875,0.298003472222222
08NM232,2025-04-17,1.5625,0.276298611111111
08NM232,2025-04-18,2.01666666666667,0.270145833333333
08NM232,2025-04-19,2.575,0.312899305555556
08NM232,2025-04-20,2.25833333333333,0.327607638888889
08NM232,2025-04-21,2.29583333333333,0.3165
08NM232,2025-04-22,2.04583333333333,0.287829861111111
08NM232,2025-04-23,2.31666666666667,0.271520833333333
08NM232,2025-04-24,2.62916666666667,0.263628472222222
08NM232,2025-04-25,3.23333333333333,0.279861111111111
08NM232,2025-04-26,3.40833333333333,0.299559027777778
08NM232,2025-04-27,3.5875,0.308472222222222
08NM232,2025-04-28,3.34347826086957,0.310384341637011
08NM232,2025-04-29,3.2125,0.314048611111111
08NM232,2025-04-30,4.25,0.66109375
08NM232,2025-05-01,7.0375,1.62128472222222
08NM232,2025-05-02,7.6125,2.00381944444444
08NM232,2025-05-03,7.91666666666667,2.27118055555556
08NM232,2025-05-04,7.73333333333333,3.03322916666667
08NM232,2025-05-05,8.05416666666667,2.68815972222222
08NM232,2025-05-06,8.9625,2.16180555555556
08NM232,2025-05-07,8.34166666666667,1.92638888888889
08NM232,2025-05-08,8.9,1.96395833333333
08NM232,2025-05-09,10.0125,1.89041666666667
08NM232,2025-05-10,8.8375,1.69305555555556
08NM232,2025-05-11,9.25,1.54003472222222
08NM232,2025-05-12,8.99166666666667,1.51708333333333
08NM232,2025-05-13,9.30833333333333,1.82517361111111
08NM232,2025-05-14,10.2791666666667,1.90572916666667
08NM232,2025-05-15,9.825,1.8021875
08NM232,2025-05-16,9.75416666666667,1.60458333333333
08NM232,2025-05-17,9.13333333333333,1.46614583333333
08NM232,2025-05-18,8.89583333333333,1.98288194444444
08NM232,2025-05-19,8.95833333333333,2.28006944444444
08NM232,2025-05-20,8.30416666666667,2.0765625
08NM232,2025-05-21,8.81666666666667,1.73309027777778
08NM232,2025-05-22,9.66666666666667,1.49822916666667
08NM232,2025-05-23,9.575,1.32642361111111
08NM232,2025-05-24,9.87083333333333,1.21902777777778
08NM232,2025-05-25,10.35,1.19163194444444
08NM232,2025-05-26,10.7625,1.54288194444444
08NM232,2025-05-27,10.0833333333333,2.21868055555556
08NM232,2025-05-28,12.5041666666667,1.73586805555556
08NM232,2025-05-29,12.6416666666667,1.53819444444444
08NM232,2025-05-30,13.025,1.48347222222222
08NM232,2025-05-31,13.258333333333301,1.27965277777778
08NM232,2025-06-01,12.7958333333333,1.08020833333333
08NM232,2025-06-02,12.0291666666667,0.900756944444444
08NM232,2025-06-03,12.2791666666667,0.760496527777778
08NM232,2025-06-04,12.6125,0.657628472222222
08NM232,2025-06-05,13.2541666666667,0.592767361111111
08NM232,2025-06-06,14.3916666666667,0.524631944444444
08NM232,2025-06-07,14.2333333333333,0.488663194444444
08NM232,2025-06-08,13.9875,0.411840277777778
08NM232,2025-06-09,15.5791666666667,0.361013888888889
08NM232,2025-06-10,15.8125,0.307472222222222
08NM232,2025-06-11,15.5541666666667,0.269361111111111
08NM232,2025-06-12,15.3041666666667,0.225177083333333
08NM232,2025-06-13,13.5375,0.199760416666667
08NM232,2025-06-14,12.575,0.190940972222222
08NM232,2025-06-15,12.4875,0.202482638888889
08NM232,2025-06-16,13.070833333333301,0.192086805555556
08NM232,2025-06-17,11.4041666666667,0.213454861111111
08NM232,2025-06-18,10.9083333333333,0.168020833333333
08NM232,2025-06-19,9.63333333333333,0.165631944444444
08NM232,2025-06-20,10.0208333333333,0.152864583333333
08NM232,2025-06-21,8.725,0.202798611111111
08NM232,2025-06-22,8.85,0.235784722222222
08NM232,2025-06-23,8.97083333333333,0.232930555555556
08NM232,2025-06-24,9.2625,0.204111111111111
08NM232,2025-06-25,10.445833333333301,0.17909375
08NM232,2025-06-26,10.6217391304348,0.154152777777778
08NM232,2025-06-27,10.4083333333333,0.141565972222222
08NM232,2025-06-28,9.73333333333333,0.140652777777778
08NM232,2025-06-29,10.125,0.129159722222222
08NM232,2025-06-30,11.1666666666667,0.118868055555556
08NM232,2025-07-01,12.1458333333333,0.109125
08NM232,2025-07-02,12.508333333333301,0.110364583333333
08NM232,2025-07-03,11.3291666666667,0.126138888888889
08NM232,2025-07-04,10.9958333333333,0.125861111111111
08NM232,2025-07-05,11.6208333333333,0.197555555555556
08NM232,2025-07-06,11.8166666666667,0.347583333333333
08NM232,2025-07-07,11.675,0.398295138888889
08NM232,2025-07-08,12.1916666666667,0.477510416666667
08NM232,2025-07-09,12.0458333333333,0.443986111111111
08NM232,2025-07-10,11.5,0.288333333333333
08NM232,2025-07-11,11.133333333333301,0.324229166666667
08NM232,2025-07-12,12,0.4795625
08NM232,2025-07-13,12.5541666666667,0.476277777777778
08NM232,2025-07-14,12.4333333333333,0.469104166666667
08NM232,2025-07-15,11.7041666666667,0.0934131944444444
08NM232,2025-07-16,12.0625,0.0952326388888889
08NM232,2025-07-17,12.4416666666667,0.233909722222222
08NM232,2025-07-18,12.1208333333333,0.370493055555556
08NM232,2025-07-19,11.9291666666667,0.302145833333333
08NM232,2025-07-20,12.1541666666667,0.153107638888889
08NM232,2025-07-21,11.7708333333333,0.145694444444444
08NM232,2025-07-22,11.8041666666667,0.178642361111111
08NM232,2025-07-23,11,0.130225694444444
08NM232,2025-07-24,12.4041666666667,0.0881458333333333
08NM232,2025-07-25,12.9625,0.0725451388888889
08NM232,2025-07-26,12.4875,0.189381944444444
08NM232,2025-07-27,12.5875,0.319607638888889
08NM232,2025-07-28,12.8375,0.387503472222222
08NM232,2025-07-29,13.225,0.660732638888889
08NM232,2025-07-30,13.6,0.7915
08NM232,2025-07-31,13.8291666666667,0.634319444444444
08NM232,2025-08-01,14.0125,0.502243055555556
08NM232,2025-08-02,13.9833333333333,0.309722222222222
08NM232,2025-08-03,13.6708333333333,0.196704861111111
08NM232,2025-08-04,13.7708333333333,0.35165625
08NM232,2025-08-05,13.5291666666667,0.290128472222222
08NM232,2025-08-06,13.7416666666667,0.348368055555556
08NM232,2025-08-07,13.008333333333301,0.242385416666667
08NM232,2025-08-08,12.3125,0.117315972222222
08NM232,2025-08-09,13.1708333333333,0.157097222222222
08NM232,2025-08-10,14.1208333333333,0.304611111111111
08NM232,2025-08-11,14.6458333333333,0.6170625
08NM232,2025-08-12,14.570833333333301,0.696222222222222
08NM232,2025-08-13,14.6208333333333,0.684138888888889
08NM232,2025-08-14,14.7166666666667,0.587201388888889
08NM232,2025-08-15,14.775,0.527486111111111
08NM232,2025-08-16,14.9541666666667,0.365774305555556
08NM232,2025-08-17,14.7041666666667,0.295052083333333
08NM232,2025-08-18,14.4916666666667,0.288645833333333
08NM232,2025-08-19,14.9541666666667,0.28725
08NM232,2025-08-20,14.9375,0.3474375
08NM232,2025-08-21,15.2333333333333,0.487256944444444
08NM232,2025-08-22,15.3166666666667,0.641711805555556
08NM232,2025-08-23,15.7541666666667,0.587520833333333
08NM232,2025-08-24,15.5791666666667,0.527590277777778
08NM232,2025-08-25,15.675,0.634364583333333
08NM232,2025-08-26,15.6875,0.625534722222222
08NM232,2025-08-27,15.5583333333333,0.509565972222222
08NM232,2025-08-28,15.7166666666667,0.508489583333333
08NM232,2025-08-29,15.675,0.472559027777778
08NM232,2025-08-30,15.2208333333333,0.391822916666667
08NM232,2025-08-31,15.1583333333333,0.374746527777778
08NM232,2025-09-01,15.5375,0.379263888888889
08NM232,2025-09-02,15.7083333333333,0.381493055555556
08NM232,2025-09-03,15.758333333333301,0.49825
08NM232,2025-09-04,15.8083333333333,0.614743055555556
08NM232,2025-09-05,15.695833333333301,0.613336805555556
08NM232,2025-09-06,15.9875,0.609079861111111
08NM232,2025-09-07,15.9916666666667,0.607246527777778
08NM232,2025-09-08,16.2208333333333,0.547694444444444
08NM232,2025-09-09,15.6875,0.438628472222222
08NM232,2025-09-10,15.1041666666667,0.365836805555556
08NM232,2025-09-11,14.8083333333333,0.326979166666667
08NM232,2025-09-12,15.0458333333333,0.421034722222222
08NM232,2025-09-13,15.2208333333333,0.513333333333333
08NM232,2025-09-14,15.8,0.512447916666667
08NM232,2025-09-15,15.575,0.552118055555556
08NM232,2025-09-16,15.5541666666667,0.6451875
08NM232,2025-09-17,15.2791666666667,0.643600694444444
08NM232,2025-09-18,15.4125,0.614475694444444
08NM232,2025-09-19,15.5291666666667,0.568357638888889
08NM232,2025-09-20,14.9291666666667,0.643774305555556
08NM232,2025-09-21,15.0041666666667,0.620513888888889
08NM232,2025-09-22,13.5666666666667,0.348072916666667
08NM232,2025-09-23,13.4958333333333,0.452524305555556
08NM232,2025-09-24,13.820833333333301,0.549659722222222
08NM232,2025-09-25,13.85,0.549013888888889
08NM232,2025-09-26,13.1083333333333,0.549618055555556
08NM232,2025-09-27,13.1583333333333,0.5496875
08NM232,2025-09-28,13.1541666666667,0.548552083333333
08NM232,2025-09-29,12.9583333333333,0.548586805555556
08NM232,2025-09-30,12.9708333333333,0.501982638888889
08NM232,2025-10-01,11.7458333333333,0.293986111111111
08NM232,2025-10-02,11.6166666666667,0.471475694444444
08NM232,2025-10-03,11.3041666666667,0.629114583333333
08NM232,2025-10-04,11.3916666666667,0.714649305555556
08NM232,2025-10-05,10.5875,0.716711805555556
08NM232,2025-10-06,11.1125,0.656444444444444
08NM232,2025-10-07,10.4208333333333,0.536239583333333
08NM232,2025-10-08,10.375,0.466586805555556
08NM232,2025-10-09,10.070833333333301,0.39103125
08NM232,2025-10-10,10.7416666666667,0.636993055555556
08NM232,2025-10-11,10.1583333333333,0.506211805555556
08NM232,2025-10-12,9.18333333333333,0.505836805555556
08NM232,2025-10-13,8.24166666666667,0.446732638888889
08NM232,2025-10-14,7.55416666666667,0.569986111111111
08NM232,2025-10-15,7.04166666666667,0.513246527777778
08NM232,2025-10-16,7.36666666666667,0.496020833333333
08NM232,2025-10-17,7.0875,0.464284722222222
08NM232,2025-10-18,6.50833333333333,0.461302083333333
08NM232,2025-10-19,6.2125,0.452149305555556
08NM232,2025-10-20,5.80416666666667,0.304805555555556
08NM232,2025-10-21,5.4375,0.15915625
08NM232,2025-10-22,4.48333333333333,0.1700625
08NM232,2025-10-23,4.8625,0.29440625
08NM232,2025-10-24,5.49166666666667,0.346347222222222
08NM232,2025-10-25,5.02916666666667,0.358270833333333
08NM232,2025-10-26,4.70416666666667,0.359604166666667
08NM232,2025-10-27,4.35416666666667,0.351875
08NM232,2025-10-28,3.82083333333333,0.349621527777778
08NM232,2025-10-29,3.70416666666667,0.348451388888889
08NM232,2025-10-30,3.24166666666667,0.345027777777778
08NM232,2025-10-31,2.94166666666667,0.284940972222222
08NM232,2025-11-01,3.45,0.284902777777778
08NM232,2025-11-02,2.90833333333333,0.280586805555556
08NM232,2025-11-03,2.69166666666667,0.210961805555556
08NM232,2025-11-04,1.96666666666667,0.160923611111111
08NM232,2025-11-05,1.975,0.103545138888889
08NM232,2025-11-06,2.74166666666667,0.0537916666666667
08NM232,2025-11-07,2.65,0.0551597222222222
08NM232,2025-11-08,1.65833333333333,0.0523298611111111
08NM232,2025-11-09,1.82083333333333,0.0484895833333333
08NM232,2025-11-10,2.44583333333333,0.045875
08NM232,2025-11-11,2.55833333333333,0.0445659722222222
08NM232,2025-11-12,2.0304347826087,0.0444895833333333
08NM232,2025-11-13,2.88333333333333,0.0452916666666667
08NM232,2025-11-14,3.09166666666667,0.0513680555555556
08NM232,2025-11-15,1.97083333333333,0.0615798611111111
08NM232,2025-11-16,2.6625,0.0591527777777778
08NM232,2025-11-17,3.55833333333333,0.05921875
08NM232,2025-11-18,3.30833333333333,0.0699479166666667
08NM232,2025-11-19,2.06666666666667,0.0668541666666667
08NM232,2025-11-20,1.85416666666667,0.0644305555555556
08NM232,2025-11-21,1.37916666666667,0.06
08NM232,2025-11-22,1.65416666666667,0.0539340277777778
08NM232,2025-11-23,2.2125,0.0539201388888889
08NM232,2025-11-24,1.83333333333333,0.05534375
08NM232,2025-11-25,0.725,0.0499583333333333
08NM232,2025-11-26,0.6375,0.0484444444444444
08NM232,2025-11-27,0.954166666666667,0.0490104166666667
08NM232,2025-11-28,0.329166666666667,0.0552986111111111
08NM232,2025-11-29,0.370833333333333,0.0420138888888889
08NM232,2025-11-30,0.3,0.0504479166666667
08NM232,2025-12-01,0.204166666666667,0.0523923611111111
08NM232,2025-12-02,0.2,0.0576944444444444
08NM232,2025-12-03,0.254166666666667,0.0524097222222222
08NM232,2025-12-04,0.358333333333333,0.0472604166666667
08NM232,2025-12-05,0.545833333333333,0.0447118055555556
08NM232,2025-12-06,0.5375,0.0444895833333333
08NM232,2025-12-07,0.608333333333333,0.0439826388888889
08NM232,2025-12-08,0.783333333333333,0.04315625
08NM232,2025-12-09,0.929166666666667,0.04440625
08NM232,2025-12-10,0.691666666666667,0.0451458333333333
08NM232,2025-12-11,0.895833333333333,0.0617847222222222
08NM232,2025-12-12,0.808333333333333,0.0674895833333333
08NM232,2025-12-13,0.7875,0.0674201388888889
08NM232,2025-12-14,0.925,0.0660694444444444
08NM232,2025-12-15,1.11666666666667,0.0696875
08NM232,2025-12-16,0.8375,0.0820451388888889
08NM232,2025-12-17,0.7125,0.0816805555555556
08NM232,2025-12-18,0.354166666666667,0.0754027777777778
08NM232,2025-12-19,0.3,0.070392361111111107
08NM232,2025-12-20,0.2,0.0639826388888889
08NM232,2025-12-21,0.2,0.0636527777777778
08NM232,2025-12-22,0.2,0.0595
08NM232,2025-12-23,0.2,0.0612222222222222
08NM232,2025-12-24,0.2125,0.0635104166666667
08NM232,2025-12-25,0.45,0.0617083333333333
08NM232,2025-12-26,0.5375,0.0615833333333333
08NM232,2025-12-27,0.25,0.0598553459119497
08NM232,2025-12-28,0.2,0.0594895833333333
08NM232,2025-12-29,0.2,0.061359477124183
08NM232,2025-12-30,0.2,0.06115625
08NM232,2025-12-31,0.2,0.0628263888888889
08NM232,2026-01-01,0.2,0.0613784722222222
08NM232,2026-01-02,0.2,0.0612465277777778
08NM232,2026-01-03,0.254166666666667,0.0558298611111111
08NM232,2026-01-04,0.4125,0.0533611111111111
08NM232,2026-01-05,0.6125,0.0513090277777778
08NM232,2026-01-06,0.55,0.0501770833333333
08NM232,2026-01-07,0.466666666666667,0.0489930555555556
08NM232,2026-01-08,0.295833333333333,0.0485069444444444
08NM232,2026-01-09,0.279166666666667,0.0474722222222222
08NM232,2026-01-10,0.520833333333333,0.0469826388888889
08NM232,2026-01-11,0.520833333333333,0.0473052631578947
08NM232,2026-01-12,0.633333333333333,0.0473958333333333
08NM232,2026-01-13,0.708333333333333,0.0496666666666667
08NM232,2026-01-14,0.6625,0.0548333333333333
08NM232,2026-01-15,0.625,0.0591875
08NM232,2026-01-16,0.233333333333333,0.0589930555555556
08NM232,2026-01-17,0.2,0.0540902777777778
08NM232,2026-01-18,0.1625,0.0459930555555556
08NM232,2026-01-19,0.125,0.0395173611111111
08NM232,2026-01-20,0.1,0.03565625
08NM232,2026-01-21,0.1,0.0336875
08NM232,2026-01-22,0.1,0.033
08NM232,2026-01-23,0.1,0.0321527777777778
08NM232,2026-01-24,0.1,0.033
08NM232,2026-01-25,-0.0142857142857143,0.0334166666666667
08NM232,2026-01-26,NA,0.0351701388888889
08NM232,2026-01-27,NA,0.03725
08NM232,2026-01-28,0,0.0394791666666667
08NM232,2026-01-29,0,0.0416215277777778
08NM232,2026-01-30,0,0.0434479166666667
08NM232,2026-01-31,0.1,0.0449270833333333
08NM232,2026-02-01,0.1,0.046
08NM232,2026-02-02,0.183333333333333,0.0469583333333333
08NM232,2026-02-03,0.429166666666667,0.0454375
08NM232,2026-02-04,0.583333333333333,0.0466388888888889
08NM232,2026-02-05,0.658333333333333,0.0485902777777778
08NM232,2026-02-06,0.6,0.0493368055555556
08NM232,2026-02-07,0.691666666666667,0.0500069444444444
08NM232,2026-02-08,0.741666666666667,0.0502638888888889
08NM232,2026-02-09,0.520833333333333,0.0500833333333333
08NM232,2026-02-10,0.520833333333333,0.0500277777777778
08NM232,2026-02-11,0.620833333333333,0.0497048611111111
08NM232,2026-02-12,0.295833333333333,0.0490381944444444
08NM232,2026-02-13,0.591666666666667,0.0490104166666667
08NM232,2026-02-14,0.8125,0.0491006944444444
08NM232,2026-02-15,0.533333333333333,0.0479340277777778
08NM232,2026-02-16,0.208333333333333,0.0480972222222222
08NM232,2026-02-17,0.408333333333333,0.0479618055555556
08NM232,2026-02-18,0.416666666666667,0.0474097222222222
08NM232,2026-02-19,0.191666666666667,0.0448715277777778
08NM232,2026-02-20,0.1,0.0423576388888889
08NM232,2026-02-21,0.1,0.0425694444444444
08NM232,2026-02-22,0.1,0.0433020833333333
08NM232,2026-02-23,0.1875,0.0442256944444444
08NM232,2026-02-24,0.4625,0.0440833333333333
08NM232,2026-02-25,0.333333333333333,0.04384375
08NM232,2026-02-26,0.5375,0.04378125
08NM232,2026-02-27,0.775,0.044
08NM232,2026-02-28,0.841666666666667,0.0440069444444444
08NM232,2026-03-01,0.595833333333333,0.0436701388888889
08NM232,2026-03-02,0.441666666666667,0.0433055555555556
08NM232,2026-03-03,0.729166666666667,0.0436145833333333
08NM232,2026-03-04,0.870833333333333,0.0454895833333333
08NM232,2026-03-05,0.8875,0.04640625
08NM232,2026-03-06,0.916666666666667,0.0461180555555556
08NM232,2026-03-07,0.842105263157895,0.0481215277777778
08NM232,2026-03-08,0.870833333333333,0.05665625
08NM232,2026-03-09,0.275,0.0725555555555556
08NM232,2026-03-10,0.1125,0.066125
08NM232,2026-03-11,0.254166666666667,0.0568472222222222
08NM232,2026-03-12,0.483333333333333,0.0547777777777778
08NM232,2026-03-13,0.3875,0.0540034722222222
08NM232,2026-03-14,0.479166666666667,0.05346875
08NM232,2026-03-15,0.158333333333333,0.1006875
08NM232,2026-03-16,0.1,0.0862222222222222
08NM232,2026-03-17,0.154166666666667,0.0702013888888889
08NM232,2026-03-18,0.779166666666667,0.05940625
08NM232,2026-03-19,0.925,0.0738472222222222
08NM232,2026-03-20,0.8875,0.0974409722222222
08NM232,2026-03-21,0.691666666666667,0.121645833333333
08NM232,2026-03-22,0.525,0.117236111111111
08NM232,2026-03-23,0.666666666666667,0.110045138888889
08NM232,2026-03-24,0.879166666666667,0.104663194444444
08NM232,2026-03-25,0.9,0.103725694444444
08NM232,2026-03-26,0.725,0.0987743055555556
08NM232,2026-03-27,0.575,0.0952013888888889
08NM232,2026-03-28,0.995833333333333,0.0948368055555556
08NM232,2026-03-29,1.025,0.0938784722222222
08NM232,2026-03-30,0.641666666666667,0.120211805555556
08NM232,2026-03-31,0.395833333333333,0.157777777777778
08NM232,2026-04-01,0.829166666666667,0.0872118055555555
08NM232,2026-04-02,1.2625,0.0860243055555556
08NM232,2026-04-03,1.29583333333333,0.0845381944444445
08NM232,2026-04-04,1.56666666666667,0.0877951388888889
08NM232,2026-04-05,1.56666666666667,0.0984826388888889
08NM232,2026-04-06,1.72083333333333,0.112489583333333
08NM232,2026-04-07,1.72916666666667,0.12703125
08NM232,2026-04-08,1.4625,0.124041666666667
08NM232,2026-04-09,1.62083333333333,0.126243055555556
08NM232,2026-04-10,1.875,0.131052083333333
08NM232,2026-04-11,2.29166666666667,0.14559375
08NM232,2026-04-12,1.98333333333333,0.204059027777778
08NM232,2026-04-13,1.89583333333333,0.227100694444444
08NM232,2026-04-14,1.8375,0.215729166666667
08NM232,2026-04-15,1.5875,0.197482638888889
08NM232,2026-04-16,1.35416666666667,0.1764375
08NM232,2026-04-17,1.725,0.164690972222222
08NM232,2026-04-18,1.8,0.157642361111111
08NM232,2026-04-19,2.70416666666667,0.161010416666667
08NM232,2026-04-20,3.1625,0.175788194444444
08NM232,2026-04-21,3.59583333333333,0.19296875
08NM232,2026-04-22,3.77083333333333,0.202875
08NM232,2026-04-23,2.95,0.189930555555556
08NM232,2026-04-24,2.25833333333333,0.167534722222222
08NM232,2026-04-25,2.31666666666667,0.157090277777778
08NM232,2026-04-26,2.44583333333333,0.150152777777778
08NM232,2026-04-27,2.75416666666667,0.143954861111111
08NM232,2026-04-28,3.2125,0.141496527777778
08NM232,2026-04-29,3.51666666666667,0.144621527777778
08NM232,2026-04-30,3.90416666666667,0.141909722222222
08NM232,2026-05-01,4.65833333333333,0.144173611111111
08NM232,2026-05-02,5.02916666666667,0.1446875
08NM232,2026-05-03,5.50833333333333,0.144152777777778
08NM232,2026-05-04,6.1125,0.142013888888889
08NM232,2026-05-05,6.34166666666667,0.137888888888889
08NM232,2026-05-06,6.57083333333333,0.133347222222222
08NM232,2026-05-07,6.8625,0.130409722222222
08NM232,2026-05-08,6.7125,0.127486111111111
08NM232,2026-05-09,6.29583333333333,0.123736111111111
08NM232,2026-05-10,7.10416666666667,0.120625
08NM232,2026-05-11,7.01666666666667,0.108652777777778
08NM232,2026-05-12,6.65416666666667,0.0785486111111111
08NM232,2026-05-13,7.72083333333333,0.0799513888888889
08NM232,2026-05-14,5.90833333333333,0.119229166666667
08NM232,2026-05-15,5.45,0.0944270833333333
08NM232,2026-05-16,4.39166666666667,0.0870590277777778
08NM232,2026-05-17,4.975,0.0834861111111111
08NM232,2026-05-18,5.45833333333333,0.0796006944444444
08NM232,2026-05-19,6.27083333333333,0.0774479166666667
08NM232,2026-05-20,6.45833333333333,0.0767222222222222
08NM232,2026-05-21,6.42083333333333,0.0713819444444444
08NM232,2026-05-22,6.89583333333333,0.0705659722222222
08NM232,2026-05-23,7.73333333333333,0.0690451388888889
08NM232,2026-05-24,9.0375,0.0651909722222222
08NM232,2026-05-25,9.37916666666667,0.0628263888888889
08NM232,2026-05-26,9.29166666666667,0.0615277777777778
08NM232,2026-05-27,8.8625,0.0596736111111111
08NM232,2026-05-28,10.0666666666667,0.0579479166666667
08NM232,2026-05-29,11.8708333333333,0.0673993055555556
08NM232,2026-05-30,8.47916666666667,0.06825
08NM232,2026-05-31,7.9875,0.06190625
08NM232,2026-06-01,8.26666666666667,0.0578854166666667
08NM232,2026-06-02,7.5375,0.0568229166666667
08NM232,2026-06-03,9.35,0.0552465277777778
08NM232,2026-06-04,9.24166666666667,0.06278125
08NM232,2026-06-05,9.41666666666667,0.0567673611111111
08NM232,2026-06-06,7.84166666666667,0.0566319444444444
08NM232,2026-06-07,6.38333333333333,0.0621354166666667
08NM232,2026-06-08,6.4625,0.0581041666666667
08NM232,2026-06-09,7.9625,0.0606944444444444
08NM232,2026-06-10,7.37916666666667,0.0800347222222222
08NM232,2026-06-11,8.81666666666667,0.139211805555556
08NM232,2026-06-12,10.8478260869565,0.177857638888889
08NM232,2026-06-13,10.8625,0.165743055555556
08NM232,2026-06-14,12.15,0.146777777777778
08NM232,2026-06-15,13.3,0.125225694444444
08NM232,2026-06-16,12.1375,0.139989583333333
08NM232,2026-06-17,11.0791666666667,0.114354166666667
08NM232,2026-06-18,10.05,0.0946770833333333
08NM232,2026-06-19,10.0583333333333,0.07540625
08NM232,2026-06-20,12.35,0.421229166666667
08NM232,2026-06-21,11.8583333333333,0.310159722222222
08NM232,2026-06-22,11.8416666666667,0.244034722222222
08NM232,2026-06-23,12.9,0.434392361111111
08NM232,2026-06-24,12.9833333333333,0.672298611111111
08NM232,2026-06-25,13.2625,0.647885416666667
08NM232,2026-06-26,13.2125,0.601135416666667
08NM232,2026-06-27,12.2708333333333,0.341319444444444
08NM232,2026-06-28,9.99166666666667,0.0863229166666667
08NM232,2026-06-29,10.008333333333301,0.0813506944444444
08NM232,2026-06-30,10.8826086956522,0.0785729166666667
08NM232,2026-07-01,10.0583333333333,0.0691041666666667
08NM232,2026-07-02,11.7,0.288708333333333
08NM232,2026-07-03,13.5541666666667,0.470788194444444
08NM232,2026-07-04,13.9541666666667,0.506180555555556
08NM232,2026-07-05,14.320833333333301,0.723760416666667
08NM232,2026-07-06,14.4416666666667,0.839947916666667
08NM232,2026-07-07,14.825,0.833243055555556
08NM232,2026-07-08,15.2041666666667,0.69025
08NM232,2026-07-09,14.4625,0.578739583333333
08NM232,2026-07-10,14.8083333333333,0.633194444444445
08NM232,2026-07-11,14.775,0.493809027777778
08NM232,2026-07-12,14.0791666666667,0.303399305555556
08NM232,2026-07-13,14.4,0.433194444444444
08NM232,2026-07-14,14.6208333333333,0.432486111111111
08NM232,2026-07-15,15.225,0.430458333333333
08NM232,2026-07-16,15.275,0.407034722222222
08NM232,2026-07-17,15.5625,0.323534722222222
08NM232,2026-07-18,14.9375,0.323927083333333
08NM232,2026-07-19,14.9541666666667,0.325020833333333
08NM232,2026-07-20,15.0208333333333,0.396545138888889
08NM232,2026-07-21,15.9208333333333,0.619291666666667
08NM232,2026-07-22,16.2416666666667,0.61646875
08NM232,2026-07-23,16.3208333333333,0.617024305555556
08NM232,2026-07-24,16.1958333333333,0.572138888888889
08NM232,2026-07-25,16.3583333333333,0.525381944444444
08NM232,2026-07-26,16.2375,0.513680555555556
08NM232,2026-07-27,16.4416666666667,0.427940972222222
08NM232,2026-07-28,16.8833333333333,0.436986111111111
08NM232,2026-07-29,16.425,0.517565972222222
08NM232,2026-07-30,17.0166666666667,0.540756944444444
08NM232,2026-07-31,17.0958333333333,0.607434027777778
08NM232,2026-08-01,17.6333333333333,0.539673611111111
08NM232,2026-08-02,16.5583333333333,0.463819444444444
08NM232,2026-08-03,16.5833333333333,0.429743055555556
08NM232,2026-08-04,16.7625,0.479364583333333
08NM232,2026-08-05,16.7166666666667,0.559163194444445
08NM232,2026-08-06,16.8166666666667,0.672027777777778
08NM232,2026-08-07,16.8166666666667,0.688805555555556
08NM232,2026-08-08,16.9125,0.610586805555556
08NM232,2026-08-09,16.5875,0.522798611111111
08NM232,2026-08-10,16.6458333333333,0.441274305555556
08NM232,2026-08-11,16.4652173913043,0.397434027777778
08NM232,2026-08-12,16.5833333333333,0.437583333333333
08NM232,2026-08-13,17.0666666666667,0.506350694444444
08NM232,2026-08-14,16.9958333333333,0.57825
08NM232,2026-08-15,16.8875,0.5754375
08NM232,2026-08-16,17.0125,0.571322916666667
08NM232,2026-08-17,17.0916666666667,0.613565972222222
08NM232,2026-08-18,17.2583333333333,0.634118055555556
08NM232,2026-08-19,17.3958333333333,0.749777777777778
08NM232,2026-08-20,17.425,0.747645833333333
08NM232,2026-08-21,17.0958333333333,0.469142361111111
08NM232,2026-08-22,17.1291666666667,0.425503472222222
08NM232,2026-08-23,16.8458333333333,0.35046875
08NM232,2026-08-24,15.5333333333333,0.215371527777778
08NM232,2026-08-25,16.0291666666667,0.238232638888889
08NM232,2026-08-26,16.5875,0.421375
08NM232,2026-08-27,17.0227272727273,0.559653543307087
08NM240,2024-10-19,5.275,0.00572727272727273
08NM240,2024-10-20,4.15,0.014
08NM240,2024-10-21,4.45,0.008
08NM240,2024-10-22,4.4,0.006
08NM240,2024-10-23,4.25,0.005
08NM240,2024-10-24,4.35,0.004
08NM240,2024-10-25,4.3,0.004
08NM240,2024-10-26,4.45,0.004
08NM240,2024-10-27,4,0.011
08NM240,2024-10-28,2.86666666666667,0.008
08NM240,2024-10-29,3.35,0.006
08NM240,2024-10-30,3.1,0.00503703703703704
08NM240,2024-10-31,3.25,0.005
08NM240,2024-11-01,3.4,0.005
08NM240,2024-11-02,3.2,0.004
08NM240,2024-11-03,3.1,0.004
08NM240,2024-11-04,2.96666666666667,0.004
08NM240,2024-11-05,2.86666666666667,0.003
08NM240,2024-11-06,3.26666666666667,0.003
08NM240,2024-11-07,3.3,0.003
08NM240,2024-11-08,3,0.003
08NM240,2024-11-09,3.05,0.003
08NM240,2024-11-10,3,0.003
08NM240,2024-11-11,3,0.003
08NM240,2024-11-12,2.65714285714286,0.004
08NM240,2024-11-13,2.46,0.004
08NM240,2024-11-14,2.44285714285714,0.004
08NM240,2024-11-15,2.51111111111111,0.004
08NM240,2024-11-16,2.2,0.004
08NM240,2024-11-17,2.3,0.004
08NM240,2024-11-18,2,0.004
08NM240,2024-11-19,2.05,0.003
08NM240,2024-11-20,2.1,0.003
08NM240,2024-11-21,2.1,0.003
08NM240,2024-11-22,2.1,0.003
08NM240,2024-11-23,2.1,0.003
08NM240,2024-11-24,2.05,0.003
08NM240,2024-11-25,1.99166666666667,0.003
08NM240,2024-11-26,1.97083333333333,0.003
08NM240,2024-11-27,2.03333333333333,0.003
08NM240,2024-11-28,1.96666666666667,0.003
08NM240,2024-11-29,1.95833333333333,0.003
08NM240,2024-11-30,2,0.003
08NM240,2024-12-01,1.95,0.003
08NM240,2024-12-02,2.1,0.003
08NM240,2024-12-03,1.8,0.003
08NM240,2024-12-04,1.76666666666667,0.003
08NM240,2024-12-05,2.05,0.003
08NM240,2024-12-06,1.7,0.003
08NM240,2024-12-07,1.7,0.003
08NM240,2024-12-08,1.7,0.003
08NM240,2024-12-09,1.85,0.003
08NM240,2024-12-10,1.7,0.003
08NM240,2024-12-11,1.85,0.003
08NM240,2024-12-12,2,0.003
08NM240,2024-12-13,1.8,0.003
08NM240,2024-12-14,1.6,0.003
08NM240,2024-12-15,1.8,0.003
08NM240,2024-12-16,1.75,0.003
08NM240,2024-12-17,1.66666666666667,0.003
08NM240,2024-12-18,1.76666666666667,0.003
08NM240,2024-12-19,1.63333333333333,0.003
08NM240,2024-12-20,1.7,0.003
08NM240,2024-12-21,1.76666666666667,0.003
08NM240,2024-12-22,1.65,0.003
08NM240,2024-12-23,1.64,0.003
08NM240,2024-12-24,1.9,0.003
08NM240,2024-12-25,1.7,0.003
08NM240,2024-12-26,1.73333333333333,0.003
08NM240,2024-12-27,1.4,0.003
08NM240,2024-12-28,1.4,0.003
08NM240,2024-12-29,1.65,0.003
08NM240,2024-12-30,1.65,0.003
08NM240,2024-12-31,1.9,0.003
08NM240,2025-01-01,1.4,0.003
08NM240,2025-01-02,1.65,0.003
08NM240,2025-01-03,1.65,0.003
08NM240,2025-01-04,1.85,0.003
08NM240,2025-01-05,1.4,0.003
08NM240,2025-01-06,1.4,0.003
08NM240,2025-01-07,1.66666666666667,0.003
08NM240,2025-01-08,1.7,0.003
08NM240,2025-01-09,1.4,0.003
08NM240,2025-01-10,1.66666666666667,0.003
08NM240,2025-01-11,1.66666666666667,0.003
08NM240,2025-01-12,1.66666666666667,0.003
08NM240,2025-01-13,1.53333333333333,0.003
08NM240,2025-01-14,1.53333333333333,0.003
08NM240,2025-01-15,1.5,0.003
08NM240,2025-01-16,1.66666666666667,0.003
08NM240,2025-01-17,1.53333333333333,0.003
08NM240,2025-01-18,1.66666666666667,0.003
08NM240,2025-01-19,1.4,0.003
08NM240,2025-01-20,1.66666666666667,0.002
08NM240,2025-01-21,1.4,0.002
08NM240,2025-01-22,1.6,0.002
08NM240,2025-01-23,1.5,0.002
08NM240,2025-01-24,1.6,0.001
08NM240,2025-01-25,1.2,0.001
08NM240,2025-01-26,1.34,0.001
08NM240,2025-01-27,1.4,0.001
08NM240,2025-01-28,1.325,0.001
08NM240,2025-01-29,1.275,0.001
08NM240,2025-01-30,1.275,0.001
08NM240,2025-01-31,1.2375,0.001
08NM240,2025-02-01,1.27916666666667,0.001
08NM240,2025-02-02,1.18333333333333,0.001
08NM240,2025-02-03,1.225,0.001
08NM240,2025-02-04,1.14166666666667,0.001
08NM240,2025-02-05,1.19583333333333,0.001
08NM240,2025-02-06,1.2625,0.001
08NM240,2025-02-07,1.22083333333333,0.001
08NM240,2025-02-08,1.27083333333333,0.001
08NM240,2025-02-09,1.29583333333333,0.001
08NM240,2025-02-10,1.24166666666667,0.001
08NM240,2025-02-11,1.30833333333333,0.001
08NM240,2025-02-12,1.44166666666667,0.001
08NM240,2025-02-13,1.32083333333333,0.001
08NM240,2025-02-14,1.37916666666667,0.001
08NM240,2025-02-15,1.325,0.001
08NM240,2025-02-16,1.26666666666667,0.001
08NM240,2025-02-17,1.20833333333333,0.001
08NM240,2025-02-18,1.25833333333333,0.00183680555555556
08NM240,2025-02-19,1.22916666666667,0.002
08NM240,2025-02-20,1.20833333333333,0.002
08NM240,2025-02-21,1.2,0.002
08NM240,2025-02-22,1.16666666666667,0.002
08NM240,2025-02-23,1.16666666666667,0.002
08NM240,2025-02-24,1.19583333333333,0.002
08NM240,2025-02-25,1.13333333333333,0.002
08NM240,2025-02-26,1.17083333333333,0.002
08NM240,2025-02-27,1.17083333333333,0.002
08NM240,2025-02-28,1.15416666666667,0.002
08NM240,2025-03-01,1.17916666666667,0.002
08NM240,2025-03-02,1.15,0.002
08NM240,2025-03-03,1.15833333333333,0.002
08NM240,2025-03-04,1.1625,0.002
08NM240,2025-03-05,1.12916666666667,0.002
08NM240,2025-03-06,1.125,0.002
08NM240,2025-03-07,1.07916666666667,0.002
08NM240,2025-03-08,1.13333333333333,0.002
08NM240,2025-03-09,1.13333333333333,0.002
08NM240,2025-03-10,1.1125,0.002
08NM240,2025-03-11,1.075,0.002
08NM240,2025-03-12,1.14166666666667,0.002
08NM240,2025-03-13,1.0875,0.002
08NM240,2025-03-14,1.175,0.002
08NM240,2025-03-15,1.1,0.002
08NM240,2025-03-16,1.175,0.002
08NM240,2025-03-17,1.125,0.002
08NM240,2025-03-18,1.12083333333333,0.002
08NM240,2025-03-19,1.15416666666667,0.002
08NM240,2025-03-20,1.0875,0.002
08NM240,2025-03-21,1.09583333333333,0.002
08NM240,2025-03-22,1.175,0.002
08NM240,2025-03-23,1.1875,0.002
08NM240,2025-03-24,1.14166666666667,0.002
08NM240,2025-03-25,1.10833333333333,0.00219097222222222
08NM240,2025-03-26,1.14166666666667,0.00334027777777778
08NM240,2025-03-27,1.15,0.00625694444444444
08NM240,2025-03-28,1.12916666666667,0.0117673611111111
08NM240,2025-03-29,1.175,0.016375
08NM240,2025-03-30,1.12916666666667,0.0144479166666667
08NM240,2025-03-31,1.125,0.0117673611111111
08NM240,2025-04-01,1.2,0.00970486111111111
08NM240,2025-04-02,1.15,0.00889930555555555
08NM240,2025-04-03,1.1,0.008
08NM240,2025-04-04,1.20833333333333,0.00733680555555556
08NM240,2025-04-05,1.15,0.00726388888888889
08NM240,2025-04-06,1.1125,0.00855208333333333
08NM240,2025-04-07,1.12083333333333,0.0137013888888889
08NM240,2025-04-08,1.075,0.0310416666666667
08NM240,2025-04-09,1.10416666666667,0.0439444444444444
08NM240,2025-04-10,1.1625,0.0478541666666667
08NM240,2025-04-11,1.15,0.0428090277777778
08NM240,2025-04-12,1.0875,0.0374375
08NM240,2025-04-13,1.20416666666667,0.03484375
08NM240,2025-04-14,1.21666666666667,0.0332673611111111
08NM240,2025-04-15,1.38333333333333,0.0353159722222222
08NM240,2025-04-16,1.50833333333333,0.0573402777777778
08NM240,2025-04-17,1.58333333333333,0.0633888888888889
08NM240,2025-04-18,1.71666666666667,0.0635833333333333
08NM240,2025-04-19,1.67916666666667,0.0807847222222222
08NM240,2025-04-20,1.57,0.11421875
08NM240,2025-04-21,1.67916666666667,0.105583333333333
08NM240,2025-04-22,1.74583333333333,0.0971909722222222
08NM240,2025-04-23,1.8375,0.0934756944444444
08NM240,2025-04-24,1.96086956521739,0.0914583333333333
08NM240,2025-04-25,2.11428571428571,0.100440972222222
08NM240,2025-04-26,1.9375,0.136381944444444
08NM240,2025-04-27,1.93333333333333,0.181309027777778
08NM240,2025-04-28,1.74166666666667,0.215090277777778
08NM240,2025-04-29,1.775,0.267805555555556
08NM240,2025-04-30,1.89583333333333,0.259076388888889
08NM240,2025-05-01,2.05,0.279447916666667
08NM240,2025-05-02,1.95833333333333,0.367944444444444
08NM240,2025-05-03,1.65,0.521534722222222
08NM240,2025-05-04,1.625,0.534340277777778
08NM240,2025-05-05,1.90416666666667,0.340579861111111
08NM240,2025-05-06,2.275,0.297642361111111
08NM240,2025-05-07,2.4375,0.357201388888889
08NM240,2025-05-08,2.37083333333333,0.445385416666667
08NM240,2025-05-09,2.39166666666667,0.366253472222222
08NM240,2025-05-10,2.59166666666667,0.340704861111111
08NM240,2025-05-11,2.5,0.33525
08NM240,2025-05-12,2.54166666666667,0.335552083333333
08NM240,2025-05-13,2.49583333333333,0.418381944444444
08NM240,2025-05-14,2.67083333333333,0.424840277777778
08NM240,2025-05-15,2.675,0.35240625
08NM240,2025-05-16,2.85416666666667,0.298590277777778
08NM240,2025-05-17,2.89166666666667,0.266694444444444
08NM240,2025-05-18,2.70833333333333,0.313274305555556
08NM240,2025-05-19,2.67083333333333,0.257354166666667
08NM240,2025-05-20,2.30416666666667,0.228826388888889
08NM240,2025-05-21,2.74583333333333,0.218329861111111
08NM240,2025-05-22,2.89583333333333,0.201833333333333
08NM240,2025-05-23,3.14166666666667,0.199
08NM240,2025-05-24,3.67083333333333,0.221958333333333
08NM240,2025-05-25,4.05,0.272548611111111
08NM240,2025-05-26,4.47083333333333,0.367569444444444
08NM240,2025-05-27,4.175,0.327576388888889
08NM240,2025-05-28,4.65416666666667,0.271229166666667
08NM240,2025-05-29,5.43333333333333,0.303881944444444
08NM240,2025-05-30,5.11666666666667,0.241774305555556
08NM240,2025-05-31,5.69444444444444,0.2028125
08NM240,2025-06-01,5.82,0.181867595818815
08NM240,2025-06-02,5.05882352941176,0.150842657342657
08NM240,2025-06-03,5.3,0.133836805555556
08NM240,2025-06-04,5.66666666666667,0.123324041811847
08NM240,2025-06-05,5.705,0.113052083333333
08NM240,2025-06-06,6.46153846153846,0.105447916666667
08NM240,2025-06-07,6.68571428571429,0.0974722222222222
08NM240,2025-06-08,6.90909090909091,0.08921875
08NM240,2025-06-09,7.67,0.0820416666666667
08NM240,2025-06-10,8.05294117647059,0.0755381944444444
08NM240,2025-06-11,8.30769230769231,0.0685243055555556
08NM240,2025-06-12,8.21904761904762,0.0621840277777778
08NM240,2025-06-13,7.84761904761905,0.059875
08NM240,2025-06-14,7.57916666666667,0.06146875
08NM240,2025-06-15,7.59583333333333,0.0576736111111111
08NM240,2025-06-16,7.7125,0.0495451388888889
08NM240,2025-06-17,7.675,0.0457727272727273
08NM240,2025-06-18,7.92083333333333,0.0462569444444444
08NM240,2025-06-19,7.65,0.0444652777777778
08NM240,2025-06-20,7.50416666666667,0.0409340277777778
08NM240,2025-06-21,6.92083333333333,0.0431423611111111
08NM240,2025-06-22,6.62083333333333,0.0438888888888889
08NM240,2025-06-23,7.0625,0.0406180555555556
08NM240,2025-06-24,7.45833333333333,0.0369722222222222
08NM240,2025-06-25,7.99166666666667,0.0358576388888889
08NM240,2025-06-26,7.97727272727273,0.0339270833333333
08NM240,2025-06-27,8.0375,0.0338263888888889
08NM240,2025-06-28,7.87083333333333,0.0326458333333333
08NM240,2025-06-29,7.7125,0.0297256944444444
08NM240,2025-06-30,8.5304347826087,0.0272604166666667
08NM240,2025-07-01,9.70666666666667,0.0249616724738676
08NM240,2025-07-02,10.0809523809524,0.0231631944444444
08NM240,2025-07-03,9.69166666666667,0.0216458333333333
08NM240,2025-07-04,9.25,0.0201944444444444
08NM240,2025-07-05,9.50833333333333,0.0189375
08NM240,2025-07-06,9.80909090909091,0.0183958333333333
08NM240,2025-07-07,9.385,0.0171458333333333
08NM240,2025-07-08,9.8952380952381,0.0158298611111111
08NM240,2025-07-09,10.3416666666667,0.0154340277777778
08NM240,2025-07-10,9.94166666666667,0.0189861111111111
08NM240,2025-07-11,9.3,0.0158368055555556
08NM240,2025-07-12,9.83333333333333,0.0139236111111111
08NM240,2025-07-13,10.4125,0.0127569444444444
08NM240,2025-07-14,11.0166666666667,0.0119965277777778
08NM240,2025-07-15,10.5583333333333,0.0161805555555556
08NM240,2025-07-16,10.2125,0.0130034722222222
08NM240,2025-07-17,10.3791666666667,0.01140625
08NM240,2025-07-18,10.0541666666667,0.0111006944444444
08NM240,2025-07-19,9.5125,0.0116805555555556
08NM240,2025-07-20,9.44782608695652,0.0123784722222222
08NM240,2025-07-21,9.25,0.0281736111111111
08NM240,2025-07-22,9.01666666666667,0.0905590277777778
08NM240,2025-07-23,9.05416666666667,0.0530069444444444
08NM240,2025-07-24,9.62727272727273,0.03346875
08NM240,2025-07-25,10.325,0.0258125
08NM240,2025-07-26,10.3333333333333,0.0222916666666667
08NM240,2025-07-27,10.05,0.0199895833333333
08NM240,2025-07-28,9.77916666666667,0.0187569444444444
08NM240,2025-07-29,10.2541666666667,0.0165104166666667
08NM240,2025-07-30,10.595652173913,0.0147326388888889
08NM240,2025-07-31,10.8916666666667,0.0141111111111111
08NM240,2025-08-01,11.275,0.0191319444444444
08NM240,2025-08-02,10.820833333333301,0.0483645833333333
08NM240,2025-08-03,10.6142857142857,0.0282673611111111
08NM240,2025-08-04,10.8666666666667,0.0218611111111111
08NM240,2025-08-05,10.8,0.0188611111111111
08NM240,2025-08-06,10.7545454545455,0.0172638888888889
08NM240,2025-08-07,10.2318181818182,0.0214305555555556
08NM240,2025-08-08,9.85833333333333,0.0187673611111111
08NM240,2025-08-09,9.99166666666667,0.0161006944444444
08NM240,2025-08-10,10.5739130434783,0.01425
08NM240,2025-08-11,11.3565217391304,0.0128645833333333
08NM240,2025-08-12,11.4583333333333,0.0119444444444444
08NM240,2025-08-13,11.5208333333333,0.010875
08NM240,2025-08-14,11.3666666666667,0.0101701388888889
08NM240,2025-08-15,11.0416666666667,0.0109027777777778
08NM240,2025-08-16,10.9416666666667,0.0228819444444444
08NM240,2025-08-17,10.5125,0.0180868055555556
08NM240,2025-08-18,10.0166666666667,0.0139583333333333
08NM240,2025-08-19,10.2913043478261,0.0121215277777778
08NM240,2025-08-20,10.3166666666667,0.01096875
08NM240,2025-08-21,9.66666666666667,0.01
08NM240,2025-08-22,9.32083333333333,0.00913888888888889
08NM240,2025-08-23,9.40416666666667,0.00843402777777778
08NM240,2025-08-24,9.69583333333333,0.00798958333333333
08NM240,2025-08-25,10.225,0.00702777777777778
08NM240,2025-08-26,10.347619047619,0.00685069444444444
08NM240,2025-08-27,10.7041666666667,0.006
08NM240,2025-08-28,10.6521739130435,0.006
08NM240,2025-08-29,10.7375,0.006
08NM240,2025-08-30,11.0458333333333,0.00525
08NM240,2025-08-31,10.9416666666667,0.005
08NM240,2025-09-01,10.8,0.00462152777777778
08NM240,2025-09-02,11.3875,0.004
08NM240,2025-09-03,11.425,0.004
08NM240,2025-09-04,11.575,0.00383680555555556
08NM240,2025-09-05,11.325,0.00321527777777778
08NM240,2025-09-06,10.8375,0.003
08NM240,2025-09-07,10.8166666666667,0.00306944444444444
08NM240,2025-09-08,10.7916666666667,0.00395833333333333
08NM240,2025-09-09,10.4791666666667,0.003
08NM240,2025-09-10,10.0380952380952,0.003
08NM240,2025-09-11,9.85,0.003
08NM240,2025-09-12,9.65909090909091,0.00299305555555556
08NM240,2025-09-13,9.69047619047619,0.00200694444444444
08NM240,2025-09-14,10.06,0.002
08NM240,2025-09-15,10.0363636363636,0.002
08NM240,2025-09-16,10.125,0.00189583333333333
08NM240,2025-09-17,9.62727272727273,0.001
08NM240,2025-09-18,9.73571428571429,0.001
08NM240,2025-09-19,9.51875,0.001
08NM240,2025-09-20,8.98181818181818,0.001
08NM240,2025-09-21,8.83,0.00204861111111111
08NM240,2025-09-22,8.35,0.00332986111111111
08NM240,2025-09-23,7.34615384615385,0.002
08NM240,2025-09-24,7.36666666666667,0.00191319444444444
08NM240,2025-09-25,7.49230769230769,0.001
08NM240,2025-09-26,7,0.001
08NM240,2025-09-27,6.68888888888889,0.001
08NM240,2025-09-28,7.2,0.001
08NM240,2025-09-29,7.37272727272727,0.001
08NM240,2025-09-30,7.85,0.001
08NM240,2025-10-01,7.9,0.001
08NM240,2025-10-02,7.33333333333333,0.001
08NM240,2025-10-03,6.8,0.001
08NM240,2025-10-04,6.05454545454545,0.001
08NM240,2025-10-05,5.925,0.001
08NM240,2025-10-06,5.665,0.001
08NM240,2025-10-07,5.68,0.001
08NM240,2025-10-08,5.73125,0.001
08NM240,2025-10-09,5.77727272727273,0.001
08NM240,2025-10-10,5.83636363636364,0.001
08NM240,2025-10-11,6.05,0.00109722222222222
08NM240,2025-10-12,5.725,0.002
08NM240,2025-10-13,5.6,0.00160069444444444
08NM240,2025-10-14,5.5,0.001
08NM240,2025-10-15,5.8,0.001
08NM240,2025-10-16,NA,0.001
08NM240,2025-10-17,5.52,0.00131597222222222
08NM240,2025-10-18,5.3,0.002
08NM240,2025-10-19,5.39166666666667,0.00193055555555556
08NM240,2025-10-20,5.31764705882353,0.002
08NM240,2025-10-21,5.275,0.002
08NM240,2025-10-22,NA,0.00289583333333333
08NM240,2025-10-23,5.0125,0.00201408450704225
08NM240,2025-10-24,5,0.00214236111111111
08NM240,2025-10-25,4.55384615384615,0.00702430555555556
08NM240,2025-10-26,4.18333333333333,0.00437847222222222
08NM240,2025-10-27,3.925,0.00328819444444444
08NM240,2025-10-28,3.925,0.00226041666666667
08NM240,2025-10-29,3.76666666666667,0.002
08NM240,2025-10-30,3.675,0.002
08NM240,2025-10-31,3.73333333333333,0.002
08NM240,2025-11-01,3.775,0.00203125
08NM240,2025-11-02,3.52,0.003
08NM240,2025-11-03,3.43333333333333,0.00227777777777778
08NM240,2025-11-04,3.2,0.0016875
08NM240,2025-11-05,3.2,0.002
08NM240,2025-11-06,2.98333333333333,0.002
08NM240,2025-11-07,2.9,0.002
08NM240,2025-11-08,NA,0.002
08NM240,2025-11-09,2.76,0.002
08NM240,2025-11-10,3,0.002
08NM240,2025-11-11,2.7,0.002
08NM240,2025-11-12,2.5,0.002
08NM240,2025-11-13,2.5,0.002
08NM240,2025-11-14,2.7,0.00345486111111111
08NM240,2025-11-15,2.625,0.004
08NM240,2025-11-16,2.51818181818182,0.00484722222222222
08NM240,2025-11-17,2.175,0.00587152777777778
08NM240,2025-11-18,2.46,0.00965277777777778
08NM240,2025-11-19,2.17777777777778,0.00807986111111111
08NM240,2025-11-20,1.98333333333333,0.00633680555555556
08NM240,2025-11-21,2.06666666666667,0.00477777777777778
08NM240,2025-11-22,1.9,0.00407638888888889
08NM240,2025-11-23,1.86666666666667,0.004
08NM240,2025-11-24,1.97142857142857,0.00363194444444444
08NM240,2025-11-25,2.0625,0.004
08NM240,2025-11-26,1.99230769230769,0.004
08NM240,2025-11-27,1.97777777777778,0.00314236111111111
08NM240,2025-11-28,1.9,0.003
08NM240,2025-11-29,1.9,0.003
08NM240,2025-11-30,2.01428571428571,0.003
08NM240,2025-12-01,1.97142857142857,0.00217013888888889
08NM240,2025-12-02,2.02727272727273,0.0029375
08NM240,2025-12-03,1.87368421052632,0.003
08NM240,2025-12-04,1.84705882352941,0.003
08NM240,2025-12-05,1.83333333333333,0.003
08NM240,2025-12-06,1.87647058823529,0.003
08NM240,2025-12-07,1.80714285714286,0.003
08NM240,2025-12-08,1.80526315789474,0.003
08NM240,2025-12-09,1.97692307692308,0.00321180555555556
08NM240,2025-12-10,1.78235294117647,0.00318402777777778
08NM240,2025-12-11,1.55,0.00599305555555556
08NM240,2025-12-12,1.6,0.007
08NM240,2025-12-13,1.5,0.007
08NM240,2025-12-14,1.54285714285714,0.00689930555555556
08NM240,2025-12-15,1.55,0.00619097222222222
08NM240,2025-12-16,1.56,0.00795138888888889
08NM240,2025-12-17,1.48,0.008
08NM240,2025-12-18,1.40833333333333,0.008
08NM240,2025-12-19,1.45,0.00754513888888889
08NM240,2025-12-20,1.44210526315789,0.007
08NM240,2025-12-21,1.52857142857143,0.007
08NM240,2025-12-22,1.39,0.007
08NM240,2025-12-23,1.41818181818182,0.007
08NM240,2025-12-24,1.42857142857143,0.007
08NM240,2025-12-25,1.5125,0.007
08NM240,2025-12-26,1.525,0.007
08NM240,2025-12-27,NA,0.007
08NM240,2025-12-28,1.425,0.007
08NM240,2025-12-29,1.46,0.007
08NM240,2025-12-30,1.32,0.00669097222222222
08NM240,2025-12-31,1.40769230769231,0.006
08NM240,2026-01-01,1.29230769230769,0.006
08NM240,2026-01-02,1.32,0.006
08NM240,2026-01-03,1.21428571428571,0.006
08NM240,2026-01-04,1.3,0.006
08NM240,2026-01-05,1.22857142857143,0.006
08NM240,2026-01-06,1.27777777777778,0.006
08NM240,2026-01-07,1.34,0.006
08NM240,2026-01-08,1.33333333333333,0.006
08NM240,2026-01-09,1.1875,0.006
08NM240,2026-01-10,1.22222222222222,0.006
08NM240,2026-01-11,1.23333333333333,0.006
08NM240,2026-01-12,1.2,0.00673611111111111
08NM240,2026-01-13,1.18,0.007
08NM240,2026-01-14,1.28571428571429,0.007
08NM240,2026-01-15,1.5,0.007
08NM240,2026-01-16,1.5,0.007
08NM240,2026-01-17,1.075,0.007
08NM240,2026-01-18,1.45,0.007
08NM240,2026-01-19,1.32,0.007
08NM240,2026-01-20,1.16666666666667,0.00717482517482518
08NM240,2026-01-21,1.15,0.0115902777777778
08NM240,2026-01-22,1.1,0.01940625
08NM240,2026-01-23,1.325,0.0279791666666667
08NM240,2026-01-24,1.3,0.0277743055555556
08NM240,2026-01-25,1.38888888888889,0.0483888888888889
08NM240,2026-01-26,1.4,0.0499192825112108
08NM240,2026-01-27,1.26666666666667,0.0415902777777778
08NM240,2026-01-28,1.225,0.0127326388888889
08NM240,2026-01-29,1.2,0.00515976331360947
08NM240,2026-01-30,1.33333333333333,0.00783680555555556
08NM240,2026-01-31,1.3,0.008
08NM240,2026-02-01,NA,0.008
08NM240,2026-02-02,1.1,0.008
08NM240,2026-02-03,1,0.008
08NM240,2026-02-04,1.4,0.008
08NM240,2026-02-05,1,0.00765972222222222
08NM240,2026-02-06,1.16,0.00771527777777778
08NM240,2026-02-07,1.2,0.00792708333333333
08NM240,2026-02-08,1.1,0.00755208333333333
08NM240,2026-02-09,1.18,0.007
08NM240,2026-02-10,1.08,0.007
08NM240,2026-02-11,1.22222222222222,0.007
08NM240,2026-02-12,1.10555555555556,0.007
08NM240,2026-02-13,1.15,0.007
08NM240,2026-02-14,1.17142857142857,0.007
08NM240,2026-02-15,1.325,0.007
08NM240,2026-02-16,1.1625,0.007
08NM240,2026-02-17,1.2,0.00699305555555556
08NM240,2026-02-18,1.25,0.00608680555555556
08NM240,2026-02-19,1.19130434782609,0.006
08NM240,2026-02-20,1.13076923076923,0.006
08NM240,2026-02-21,1.21666666666667,0.00600347222222222
08NM240,2026-02-22,1.3,0.006
08NM240,2026-02-23,1.02,0.006
08NM240,2026-02-24,1.1,0.006
08NM240,2026-02-25,1.3,0.006
08NM240,2026-02-26,1.3,0.006
08NM240,2026-02-27,1,0.006
08NM240,2026-02-28,1.2,0.006
08NM240,2026-03-01,1.05,0.006
08NM240,2026-03-02,1.225,0.006
08NM240,2026-03-03,1.24,0.00588541666666667
08NM240,2026-03-04,1.23333333333333,0.00576041666666667
08NM240,2026-03-05,1.28,0.006
08NM240,2026-03-06,1.31666666666667,0.00584722222222222
08NM240,2026-03-07,1.15,0.00600347222222222
08NM240,2026-03-08,1.1,0.00767361111111111
08NM240,2026-03-09,1.24,0.00733680555555556
08NM240,2026-03-10,1.17777777777778,0.007
08NM240,2026-03-11,1.15,0.00675694444444444
08NM240,2026-03-12,1.2,0.00653125
08NM240,2026-03-13,1.11666666666667,0.006
08NM240,2026-03-14,1.135,0.006
08NM240,2026-03-15,1.27692307692308,0.00539583333333333
08NM240,2026-03-16,1.10909090909091,0.006
08NM240,2026-03-17,1.2375,0.00544444444444444
08NM240,2026-03-18,1.05625,0.00746180555555556
08NM240,2026-03-19,1.17647058823529,0.0104791666666667
08NM240,2026-03-20,1.08,0.0220381944444444
08NM240,2026-03-21,1.2,0.0491354166666667
08NM240,2026-03-22,1.1,0.0310277777777778
08NM240,2026-03-23,1.15,0.0261354166666667
08NM240,2026-03-24,0.9875,0.0229192307692308
08NM240,2026-03-25,1.12857142857143,0.0135034722222222
08NM240,2026-03-26,1.1,0.0156666666666667
08NM240,2026-03-27,1.15555555555556,0.0147048611111111
08NM240,2026-03-28,1.15833333333333,0.0120868055555556
08NM240,2026-03-29,1.40714285714286,0.0120833333333333
08NM240,2026-03-30,1.27272727272727,0.0125243055555556
08NM240,2026-03-31,1.23333333333333,0.001
08NM240,2026-04-01,1.12,0.0127395833333333
08NM240,2026-04-02,1.36,0.0129861111111111
08NM240,2026-04-03,1.425,0.0122326388888889
08NM240,2026-04-04,1.55,0.0120972222222222
08NM240,2026-04-05,1.54,0.0130208333333333
08NM240,2026-04-06,1.65,0.0147256944444444
08NM240,2026-04-07,1.1,0.0213090277777778
08NM240,2026-04-08,1.56666666666667,0.0236736111111111
08NM240,2026-04-09,1.55,0.02475
08NM240,2026-04-10,1.47,0.0291736111111111
08NM240,2026-04-11,1.39166666666667,0.00150434782608696
08NM240,2026-04-12,1.43636363636364,0.00441319444444444
08NM240,2026-04-13,1.7,0.00730208333333333
08NM240,2026-04-14,1.76190476190476,0.00857986111111111
08NM240,2026-04-15,1.6375,0.00709375
08NM240,2026-04-16,1.35,0.00661111111111111
08NM240,2026-04-17,1.58260869565217,0.00577777777777778
08NM240,2026-04-18,1.62083333333333,0.00500347222222222
08NM240,2026-04-19,2.0625,0.00501388888888889
08NM240,2026-04-20,2.15416666666667,0.00954166666666667
08NM240,2026-04-21,2.175,0.0178472222222222
08NM240,2026-04-22,2.06086956521739,0.03790625
08NM240,2026-04-23,1.9125,0.0418923611111111
08NM240,2026-04-24,1.85416666666667,0.0265972222222222
08NM240,2026-04-25,1.82916666666667,0.0199618055555556
08NM240,2026-04-26,1.86666666666667,0.0161875
08NM240,2026-04-27,2.025,0.0136458333333333
08NM240,2026-04-28,2.34583333333333,0.0125659722222222
08NM240,2026-04-29,2.4375,0.0137708333333333
08NM240,2026-04-30,2.59166666666667,0.0190590277777778
08NM240,2026-05-01,2.64583333333333,0.0271319444444444
08NM240,2026-05-02,2.66666666666667,0.0349201388888889
08NM240,2026-05-03,2.81666666666667,0.0490381944444444
08NM240,2026-05-04,3,0.0578582677165354
08NM240,2026-05-05,3.30416666666667,0.052969298245614
08NM240,2026-05-06,3.72916666666667,0.0474027777777778
08NM240,2026-05-07,4.0875,0.03965625
08NM240,2026-05-08,4.25416666666667,0.0274652777777778
08NM240,2026-05-09,4.20416666666667,0.0199618055555556
08NM240,2026-05-10,4.53478260869565,0.01571875
08NM240,2026-05-11,4.64166666666667,0.0123958333333333
08NM240,2026-05-12,4.78260869565217,0.0100659722222222
08NM240,2026-05-13,5.3,0.0119823943661972
08NM240,2026-05-14,4.34210526315789,0.0360316901408451
08NM240,2026-05-15,4.26363636363636,0.0158263888888889
08NM240,2026-05-16,3.61304347826087,0.0119548611111111
08NM240,2026-05-17,3.39583333333333,0.0103263888888889
08NM240,2026-05-18,3.7,0.00939583333333333
08NM240,2026-05-19,3.9125,0.00772569444444444
08NM240,2026-05-20,4.2375,0.00663541666666667
08NM240,2026-05-21,4.45,0.00564236111111111
08NM240,2026-05-22,4.73333333333333,0.00483680555555556
08NM240,2026-05-23,5.29090909090909,0.004
08NM240,2026-05-24,5.64090909090909,0.00373263888888889
08NM240,2026-05-25,6.12916666666667,0.003
08NM240,2026-05-26,6.18260869565217,0.003
08NM240,2026-05-27,6.03913043478261,0.00272222222222222
08NM240,2026-05-28,6.8,0.002
08NM240,2026-05-29,7.67894736842105,0.0118958333333333
08NM240,2026-05-30,6.45454545454546,0.0107152777777778
08NM240,2026-05-31,6.12272727272727,0.00591666666666667
08NM240,2026-06-01,6.04210526315789,0.00416319444444444
08NM240,2026-06-02,5.8,0.00370833333333333
08NM240,2026-06-03,6.45625,0.003
08NM240,2026-06-04,6.40588235294118,0.00278472222222222
08NM240,2026-06-05,6.57777777777778,0.002
08NM240,2026-06-06,5.97333333333333,0.002
08NM240,2026-06-07,5.43913043478261,0.002
08NM240,2026-06-08,5.17142857142857,0.002
08NM240,2026-06-09,5.74761904761905,0.002
08NM240,2026-06-10,5.46666666666667,0.002
08NM240,2026-06-11,5.6875,0.002
08NM240,2026-06-12,6.15,0.00178819444444444
08NM240,2026-06-13,6.29047619047619,0.00104513888888889
08NM240,2026-06-14,7.1,0.001
08NM240,2026-06-15,7.51428571428571,0.001
08NM240,2026-06-16,8.03333333333333,0.0288541666666667
08NM240,2026-06-17,7.65555555555556,0.0394444444444444
08NM240,2026-06-18,7.66111111111111,0.0399953703703704
08NM240,2026-06-19,7.52941176470588,0.0385235849056604
08NM240,2026-06-20,8.4375,0.0368194444444444
08NM240,2026-06-21,8.0625,0.0351006944444444
08NM240,2026-06-22,7.92083333333333,0.0333784722222222
08NM240,2026-06-23,8.28333333333333,0.0312326388888889
08NM240,2026-06-24,8.79166666666667,0.0296979166666667
08NM240,2026-06-25,8.7625,0.0286875
08NM240,2026-06-26,9.26666666666667,0.0261076388888889
08NM240,2026-06-27,8.47916666666667,0.0346076388888889
08NM240,2026-06-28,7.81666666666667,0.0319965277777778
08NM240,2026-06-29,8.07916666666667,0.0305
08NM240,2026-06-30,9.04347826086956,0.0272898550724638
08NM240,2026-07-01,8.4375,0.0255520833333333
08NM240,2026-07-02,7.94166666666667,0.0236284722222222
08NM240,2026-07-03,8.44545454545455,0.0231737588652482
08NM240,2026-07-04,8.92352941176471,0.020936274509803902
08NM240,2026-07-05,8.695,0.0194100418410042
08NM240,2026-07-06,8.53333333333333,0.0183358208955224
08NM240,2026-07-07,9.125,0.0168669201520913
08NM240,2026-07-08,9.89473684210526,0.0154505928853755
08NM240,2026-07-09,9.74117647058824,0.0143571428571429
08NM240,2026-07-10,9.98571428571429,0.0135058823529412
08NM240,2026-07-11,10.0333333333333,0.0127420634920635
08NM240,2026-07-12,10.105,0.0119618644067797
08NM240,2026-07-13,9.45,0.0112126696832579
08NM240,2026-07-14,9.61304347826087,0.0105357142857143
08NM240,2026-07-15,10.36,0.00988847583643123
08NM240,2026-07-16,11.115,0.009
08NM240,2026-07-17,11.6368421052632,0.0083125
08NM240,2026-07-18,11.4619047619048,0.00803891050583658
08NM240,2026-07-19,10.6478260869565,0.00752898550724638
08NM240,2026-07-20,10.4684210526316,0.007
08NM240,2026-07-21,10.9842105263158,0.00645531914893617
08NM240,2026-07-22,11.4545454545455,0.006
08NM240,2026-07-23,11.9304347826087,0.00530604982206406
08NM240,2026-07-24,12.2782608695652,0.00503260869565217
08NM240,2026-07-25,12.1681818181818,0.00499245283018868
08NM240,2026-07-26,11.7434782608696,0.00487272727272727
08NM240,2026-07-27,11.4,0.00412847222222222
08NM240,2026-07-28,11.195652173913,0.004
08NM240,2026-07-29,10.7454545454545,0.004
08NM240,2026-07-30,10.3136363636364,0.00374621212121212
08NM240,2026-07-31,10.2208333333333,0.003
08NM240,2026-08-01,10.5333333333333,0.003
08NM240,2026-08-02,10.3136363636364,0.003
08NM240,2026-08-03,9.14347826086957,0.003
08NM240,2026-08-04,8.84761904761905,0.00273809523809524
08NM240,2026-08-05,8.98333333333333,0.002
08NM240,2026-08-06,9.25909090909091,0.002
08NM240,2026-08-07,9.65416666666667,0.002
08NM240,2026-08-08,10.1,0.002
08NM240,2026-08-09,10.375,0.002
08NM240,2026-08-10,10.204347826087,0.00195833333333333
08NM240,2026-08-11,10.45,0.00114583333333333
08NM240,2026-08-12,10.8375,0.001
08NM240,2026-08-13,11.2208333333333,0.001
08NM240,2026-08-14,10.5333333333333,0.001
08NM240,2026-08-15,10.0458333333333,0.001
08NM240,2026-08-16,10.195833333333301,NA
08NM240,2026-08-17,10.7,NA
08NM240,2026-08-18,10.8708333333333,NA
08NM240,2026-08-19,11.325,NA
08NM240,2026-08-20,11.5291666666667,NA
08NM240,2026-08-21,11.5625,NA
08NM240,2026-08-22,11.6458333333333,NA
08NM240,2026-08-23,11.9166666666667,NA
08NM240,2026-08-24,10.9375,0.001
08NM240,2026-08-25,10.45,NA
08NM240,2026-08-26,10.7541666666667,NA
08NM240,2026-08-27,10.8142857142857,NA
08NM241,2024-10-19,0.75,0.00417525773195876
08NM241,2024-10-20,3.9,0.01172
08NM241,2024-10-21,3.5,0.007
08NM241,2024-10-22,2.45,0.005
08NM241,2024-10-23,0.8,0.004
08NM241,2024-10-24,1.15,0.003
08NM241,2024-10-25,0.7,0.003
08NM241,2024-10-26,1.55,0.00296
08NM241,2024-10-27,2.4,0.01012
08NM241,2024-10-28,1.8,0.007
08NM241,2024-10-29,1.6,0.005
08NM241,2024-10-30,0.733333333333333,0.004
08NM241,2024-10-31,1,0.004
08NM241,2024-11-01,0.2,0.004
08NM241,2024-11-02,0.25,0.00301369863013699
08NM241,2024-11-03,0.2,0.003
08NM241,2024-11-04,0.0285714285714286,0.003
08NM241,2024-11-05,0,0.002
08NM241,2024-11-06,0.1,0.002
08NM241,2024-11-07,0.1,0.002
08NM241,2024-11-08,0.1,0.002
08NM241,2024-11-09,0.05,0.002
08NM241,2024-11-10,0.1,0.002
08NM241,2024-11-11,0,0.003
08NM241,2024-11-12,0.0714285714285714,0.003
08NM241,2024-11-13,0.04,0.003
08NM241,2024-11-14,0,0.003
08NM241,2024-11-15,0,0.003
08NM241,2024-11-16,0,0.003
08NM241,2024-11-17,0,0.003
08NM241,2024-11-18,0,0.003
08NM241,2024-11-19,0,0.003
08NM241,2024-11-20,0,0.003
08NM241,2024-11-21,0,0.002
08NM241,2024-11-22,0,0.002
08NM241,2024-11-23,0,0.002
08NM241,2024-11-24,0,0.002
08NM241,2024-11-25,0,0.002
08NM241,2024-11-26,0,0.002
08NM241,2024-11-27,0,0.002
08NM241,2024-11-28,0,0.002
08NM241,2024-11-29,0,0.002
08NM241,2024-11-30,0,0.002
08NM241,2024-12-01,0,0.002
08NM241,2024-12-02,0,0.002
08NM241,2024-12-03,0,0.002
08NM241,2024-12-04,0,0.002
08NM241,2024-12-05,0,0.002
08NM241,2024-12-06,0,0.002
08NM241,2024-12-07,0,0.002
08NM241,2024-12-08,0,0.002
08NM241,2024-12-09,0,0.002
08NM241,2024-12-10,-0.1,0.002
08NM241,2024-12-11,-0.1,0.002
08NM241,2024-12-12,0,0.002
08NM241,2024-12-13,0,0.002
08NM241,2024-12-14,0,0.002
08NM241,2024-12-15,0,0.002
08NM241,2024-12-16,0,0.002
08NM241,2024-12-17,0,0.002
08NM241,2024-12-18,0,0.002
08NM241,2024-12-19,0,0.002
08NM241,2024-12-20,0,0.002
08NM241,2024-12-21,0,0.002
08NM241,2024-12-22,0,0.002
08NM241,2024-12-23,0,0.002
08NM241,2024-12-24,0,0.002
08NM241,2024-12-25,0,0.002
08NM241,2024-12-26,0,0.002
08NM241,2024-12-27,0,0.002
08NM241,2024-12-28,0,0.002
08NM241,2024-12-29,NA,0.002
08NM241,2024-12-30,NA,0.002
08NM241,2024-12-31,NA,0.002
08NM241,2025-01-01,NA,0.002
08NM241,2025-01-02,NA,0.002
08NM241,2025-01-03,NA,0.002
08NM241,2025-01-04,NA,0.002
08NM241,2025-01-05,NA,0.002
08NM241,2025-01-06,NA,0.002
08NM241,2025-01-07,NA,0.002
08NM241,2025-01-08,NA,0.002
08NM241,2025-01-09,NA,0.002
08NM241,2025-01-10,NA,0.002
08NM241,2025-01-11,NA,0.002
08NM241,2025-01-12,NA,0.002
08NM241,2025-01-13,NA,0.002
08NM241,2025-01-14,NA,0.002
08NM241,2025-01-15,NA,0.002
08NM241,2025-01-16,NA,0.002
08NM241,2025-01-17,NA,0.002
08NM241,2025-01-18,NA,0.002
08NM241,2025-01-19,NA,0.002
08NM241,2025-01-20,0,0.002
08NM241,2025-01-21,-0.1,0.002
08NM241,2025-01-22,-0.1,0.002
08NM241,2025-01-23,-0.1,0.001
08NM241,2025-01-24,0,0.001
08NM241,2025-01-25,0,0.001
08NM241,2025-01-26,-0.1,0.001
08NM241,2025-01-27,-0.1,0.001
08NM241,2025-01-28,-0.1,0.001
08NM241,2025-01-29,-0.1,0.001
08NM241,2025-01-30,-0.1,0.001
08NM241,2025-01-31,-0.1,0.001
08NM241,2025-02-01,-0.1,0.001
08NM241,2025-02-02,-0.0916666666666667,0.001
08NM241,2025-02-03,-0.1,0.001
08NM241,2025-02-04,-0.1,0.001
08NM241,2025-02-05,-0.1,0.001
08NM241,2025-02-06,-0.1,0.001
08NM241,2025-02-07,-0.1,0.001
08NM241,2025-02-08,-0.1,0.001
08NM241,2025-02-09,-0.1,0.001
08NM241,2025-02-10,-0.1,0.001
08NM241,2025-02-11,-0.1,0.001
08NM241,2025-02-12,-0.1,0.001
08NM241,2025-02-13,-0.1,0.001
08NM241,2025-02-14,-0.1,0.001
08NM241,2025-02-15,-0.1,0.001
08NM241,2025-02-16,-0.1,0.001
08NM241,2025-02-17,-0.1,0.001
08NM241,2025-02-18,-0.1,0.001
08NM241,2025-02-19,-0.1,0.001
08NM241,2025-02-20,-0.1,0.00154513888888889
08NM241,2025-02-21,-0.1,0.002
08NM241,2025-02-22,-0.1,0.002
08NM241,2025-02-23,-0.1,0.002
08NM241,2025-02-24,-0.1,0.002
08NM241,2025-02-25,-0.1,0.002
08NM241,2025-02-26,-0.1,0.002
08NM241,2025-02-27,-0.1,0.002
08NM241,2025-02-28,-0.1,0.002
08NM241,2025-03-01,-0.1,0.002
08NM241,2025-03-02,-0.1,0.002
08NM241,2025-03-03,-0.1,0.002
08NM241,2025-03-04,-0.1,0.002
08NM241,2025-03-05,-0.1,0.002
08NM241,2025-03-06,-0.1,0.002
08NM241,2025-03-07,-0.1,0.002
08NM241,2025-03-08,-0.1,0.002
08NM241,2025-03-09,-0.1,0.002
08NM241,2025-03-10,-0.1,0.002
08NM241,2025-03-11,-0.1,0.002
08NM241,2025-03-12,-0.1,0.002
08NM241,2025-03-13,-0.1,0.002
08NM241,2025-03-14,-0.0708333333333333,0.002
08NM241,2025-03-15,-0.0916666666666667,0.002
08NM241,2025-03-16,-0.0458333333333333,0.002
08NM241,2025-03-17,0,0.002
08NM241,2025-03-18,-0.0125,0.002
08NM241,2025-03-19,-0.0416666666666667,0.002
08NM241,2025-03-20,-0.0583333333333333,0.002
08NM241,2025-03-21,-0.0333333333333333,0.002
08NM241,2025-03-22,-0.00833333333333333,0.002
08NM241,2025-03-23,-0.00833333333333333,0.002
08NM241,2025-03-24,-0.075,0.00236111111111111
08NM241,2025-03-25,-0.1,0.00509375
08NM241,2025-03-26,-0.1,0.0115763888888889
08NM241,2025-03-27,-0.1,0.0316111111111111
08NM241,2025-03-28,-0.1,0.0674409722222222
08NM241,2025-03-29,-0.1,0.0945381944444444
08NM241,2025-03-30,-0.1,0.0969131944444444
08NM241,2025-03-31,-0.1,0.0765347222222222
08NM241,2025-04-01,-0.1,0.0586979166666667
08NM241,2025-04-02,-0.1,0.0516736111111111
08NM241,2025-04-03,-0.1,0.0419652777777778
08NM241,2025-04-04,-0.1,0.0320381944444444
08NM241,2025-04-05,-0.1,0.0289618055555556
08NM241,2025-04-06,-0.1,0.0420902777777778
08NM241,2025-04-07,-0.1,0.0732881944444444
08NM241,2025-04-08,-0.1,0.123555555555556
08NM241,2025-04-09,-0.1,0.152395833333333
08NM241,2025-04-10,-0.1,0.139475694444444
08NM241,2025-04-11,-0.1,0.126024305555556
08NM241,2025-04-12,-0.1,0.114868055555556
08NM241,2025-04-13,0.0666666666666667,0.105128472222222
08NM241,2025-04-14,0.416666666666667,0.096375
08NM241,2025-04-15,0.6875,0.108013888888889
08NM241,2025-04-16,0.483333333333333,0.14178125
08NM241,2025-04-17,0.5875,0.131583333333333
08NM241,2025-04-18,0.766666666666667,0.126326388888889
08NM241,2025-04-19,0.629166666666667,0.166326388888889
08NM241,2025-04-20,0.579166666666667,0.195885416666667
08NM241,2025-04-21,0.720833333333333,0.173638888888889
08NM241,2025-04-22,0.616666666666667,0.156454861111111
08NM241,2025-04-23,0.704166666666667,0.141621527777778
08NM241,2025-04-24,0.916666666666667,0.136736111111111
08NM241,2025-04-25,1.1375,0.201090277777778
08NM241,2025-04-26,0.9,0.329777777777778
08NM241,2025-04-27,0.816666666666667,0.43946875
08NM241,2025-04-28,0.775,0.467277777777778
08NM241,2025-04-29,1,0.471690972222222
08NM241,2025-04-30,1.23333333333333,0.385576388888889
08NM241,2025-05-01,1.49166666666667,0.435371527777778
08NM241,2025-05-02,1.49583333333333,0.581361111111111
08NM241,2025-05-03,1.3125,0.737430555555556
08NM241,2025-05-04,1.275,0.566416666666667
08NM241,2025-05-05,1.6375,0.306173611111111
08NM241,2025-05-06,2.32916666666667,0.292027777777778
08NM241,2025-05-07,2.76666666666667,0.373055555555556
08NM241,2025-05-08,2.65416666666667,0.440277777777778
08NM241,2025-05-09,2.72916666666667,0.298
08NM241,2025-05-10,2.97083333333333,0.266440972222222
08NM241,2025-05-11,2.69583333333333,0.247447916666667
08NM241,2025-05-12,2.49166666666667,0.24584375
08NM241,2025-05-13,2.87916666666667,0.351010416666667
08NM241,2025-05-14,3.15416666666667,0.326614583333333
08NM241,2025-05-15,2.9625,0.244149305555556
08NM241,2025-05-16,3.25,0.20778125
08NM241,2025-05-17,3.38333333333333,0.190395833333333
08NM241,2025-05-18,3.00833333333333,0.226413194444444
08NM241,2025-05-19,2.7,0.187524305555556
08NM241,2025-05-20,2.32083333333333,0.182090277777778
08NM241,2025-05-21,2.85833333333333,0.176274305555556
08NM241,2025-05-22,3.1625,0.148142361111111
08NM241,2025-05-23,3.69583333333333,0.138736111111111
08NM241,2025-05-24,4.48333333333333,0.152381944444444
08NM241,2025-05-25,4.9625,0.182878472222222
08NM241,2025-05-26,5.375,0.239503472222222
08NM241,2025-05-27,4.73333333333333,0.210072916666667
08NM241,2025-05-28,5.67826086956522,0.154847222222222
08NM241,2025-05-29,6.55833333333333,0.163333333333333
08NM241,2025-05-30,5.7,0.134642361111111
08NM241,2025-05-31,6.89166666666667,0.106791666666667
08NM241,2025-06-01,6.05416666666667,0.0921770833333333
08NM241,2025-06-02,5.2125,0.0743506944444444
08NM241,2025-06-03,5.8625,0.0635902777777778
08NM241,2025-06-04,6.32083333333333,0.0566493055555556
08NM241,2025-06-05,6.5695652173913,0.0509027777777778
08NM241,2025-06-06,7.72083333333333,0.0459236111111111
08NM241,2025-06-07,7.71666666666667,0.0415138888888889
08NM241,2025-06-08,7.95833333333333,0.0355381944444444
08NM241,2025-06-09,9.43333333333333,0.0313576388888889
08NM241,2025-06-10,9.39583333333333,0.0269895833333333
08NM241,2025-06-11,9.325,0.02321875
08NM241,2025-06-12,9.61666666666667,0.0203993055555556
08NM241,2025-06-13,8.775,0.0225694444444444
08NM241,2025-06-14,8.54166666666667,0.0301944444444444
08NM241,2025-06-15,8.29583333333333,0.0331875
08NM241,2025-06-16,8.38333333333333,0.0234861111111111
08NM241,2025-06-17,8.19583333333333,0.0187288732394366
08NM241,2025-06-18,8.59583333333333,0.0168784722222222
08NM241,2025-06-19,7.57083333333333,0.0163125
08NM241,2025-06-20,7.89583333333333,0.0146215277777778
08NM241,2025-06-21,6.66666666666667,0.0181875
08NM241,2025-06-22,6.77083333333333,0.0202569444444444
08NM241,2025-06-23,7.42916666666667,0.0176666666666667
08NM241,2025-06-24,7.81666666666667,0.0151944444444444
08NM241,2025-06-25,8.73333333333333,0.0155347222222222
08NM241,2025-06-26,8.47083333333333,0.0139791666666667
08NM241,2025-06-27,8.65,0.0143541666666667
08NM241,2025-06-28,8.32916666666667,0.0133333333333333
08NM241,2025-06-29,8.1125,0.0111145833333333
08NM241,2025-06-30,9.65,0.00920486111111111
08NM241,2025-07-01,11.2333333333333,0.00803819444444445
08NM241,2025-07-02,11.35,0.0066875
08NM241,2025-07-03,10.3458333333333,0.00553819444444444
08NM241,2025-07-04,9.82083333333333,0.005
08NM241,2025-07-05,10.5916666666667,0.00438194444444444
08NM241,2025-07-06,10.5041666666667,0.00417708333333333
08NM241,2025-07-07,10.445833333333301,0.00365277777777778
08NM241,2025-07-08,11.7083333333333,0.00302777777777778
08NM241,2025-07-09,12.6125,0.00317708333333333
08NM241,2025-07-10,10.6166666666667,0.00522916666666667
08NM241,2025-07-11,9.475,0.00360416666666667
08NM241,2025-07-12,11.7125,0.002875
08NM241,2025-07-13,12.5833333333333,0.00203819444444444
08NM241,2025-07-14,13.4583333333333,0.002
08NM241,2025-07-15,11.5125,0.00364583333333333
08NM241,2025-07-16,11.3708333333333,0.00221875
08NM241,2025-07-17,12.0458333333333,0.002
08NM241,2025-07-18,10.0125,0.00197916666666667
08NM241,2025-07-19,9.30416666666667,0.002
08NM241,2025-07-20,9.63333333333333,0.002625
08NM241,2025-07-21,9.38333333333333,0.0204027777777778
08NM241,2025-07-22,9.275,0.0710165289256198
08NM241,2025-07-23,9.25416666666667,0.0347013888888889
08NM241,2025-07-24,10.0791666666667,0.0168020833333333
08NM241,2025-07-25,11.0541666666667,0.0104756944444444
08NM241,2025-07-26,10.5166666666667,0.00747222222222222
08NM241,2025-07-27,10.3291666666667,0.00609722222222222
08NM241,2025-07-28,10.5,0.00519444444444444
08NM241,2025-07-29,11.2869565217391,0.00406597222222222
08NM241,2025-07-30,11.7458333333333,0.00304166666666667
08NM241,2025-07-31,11.85,0.00282291666666667
08NM241,2025-08-01,11.820833333333301,0.0134583333333333
08NM241,2025-08-02,11.0875,0.04103125
08NM241,2025-08-03,10.8625,0.0171527777777778
08NM241,2025-08-04,11.1458333333333,0.0102638888888889
08NM241,2025-08-05,10.6416666666667,0.007375
08NM241,2025-08-06,10.9875,0.00623958333333333
08NM241,2025-08-07,9.65,0.0108680555555556
08NM241,2025-08-08,9.30833333333333,0.00903472222222222
08NM241,2025-08-09,9.98333333333333,0.00685416666666667
08NM241,2025-08-10,11.9958333333333,0.00513541666666667
08NM241,2025-08-11,13.0041666666667,0.00410069444444444
08NM241,2025-08-12,11.975,0.00309722222222222
08NM241,2025-08-13,13.008333333333301,0.00251736111111111
08NM241,2025-08-14,11.445833333333301,0.002
08NM241,2025-08-15,11.7083333333333,0.00255902777777778
08NM241,2025-08-16,11.3916666666667,0.00976041666666667
08NM241,2025-08-17,9.91666666666667,0.0078125
08NM241,2025-08-18,9.825,0.00505208333333333
08NM241,2025-08-19,10.258333333333301,0.00340972222222222
08NM241,2025-08-20,10.2666666666667,0.003
08NM241,2025-08-21,8.90833333333333,0.00216319444444444
08NM241,2025-08-22,8.43333333333333,0.002
08NM241,2025-08-23,9.07083333333333,0.00139236111111111
08NM241,2025-08-24,9.94583333333333,0.001
08NM241,2025-08-25,10.3333333333333,0.001
08NM241,2025-08-26,10.95,0.001
08NM241,2025-08-27,10.7708333333333,0.001
08NM241,2025-08-28,10.3166666666667,0.001
08NM241,2025-08-29,11.2875,0.001
08NM241,2025-08-30,11.2708333333333,0.001
08NM241,2025-08-31,10.8166666666667,0.001
08NM241,2025-09-01,11.65,0.001
08NM241,2025-09-02,12.1583333333333,0.001
08NM241,2025-09-03,12.4625,0.001
08NM241,2025-09-04,12.7,0.001
08NM241,2025-09-05,11.575,0.001
08NM241,2025-09-06,11.5333333333333,0.001
08NM241,2025-09-07,11.925,0.001
08NM241,2025-09-08,10.3416666666667,0.001
08NM241,2025-09-09,9.47083333333333,0.001
08NM241,2025-09-10,8.75,NA
08NM241,2025-09-11,9.3375,NA
08NM241,2025-09-12,9.73333333333333,NA
08NM241,2025-09-13,10.6565217391304,NA
08NM241,2025-09-14,11.4,NA
08NM241,2025-09-15,10.8333333333333,NA
08NM241,2025-09-16,11.0958333333333,NA
08NM241,2025-09-17,11.508333333333301,NA
08NM241,2025-09-18,11.070833333333301,NA
08NM241,2025-09-19,10.125,NA
08NM241,2025-09-20,9.70416666666667,NA
08NM241,2025-09-21,10.25,NA
08NM241,2025-09-22,6.9375,0.00111979166666667
08NM241,2025-09-23,5.77083333333333,8.38565022421525e-4
08NM241,2025-09-24,6.14583333333333,0.001
08NM241,2025-09-25,6.28333333333333,NA
08NM241,2025-09-26,5.6625,NA
08NM241,2025-09-27,5.87916666666667,NA
08NM241,2025-09-28,6.74166666666667,NA
08NM241,2025-09-29,7.69166666666667,NA
08NM241,2025-09-30,8.39583333333333,NA
08NM241,2025-10-01,7.85416666666667,NA
08NM241,2025-10-02,6.45,NA
08NM241,2025-10-03,5.5625,NA
08NM241,2025-10-04,5.6375,NA
08NM241,2025-10-05,4.97916666666667,NA
08NM241,2025-10-06,4.99166666666667,NA
08NM241,2025-10-07,4.98333333333333,NA
08NM241,2025-10-08,5.54583333333333,NA
08NM241,2025-10-09,5.075,NA
08NM241,2025-10-10,5.97916666666667,NA
08NM241,2025-10-11,5.38333333333333,NA
08NM241,2025-10-12,3.80833333333333,0.001
08NM241,2025-10-13,3.98333333333333,0.001
08NM241,2025-10-14,3.9875,0.001
08NM241,2025-10-15,3.775,0.001
08NM241,2025-10-16,3.6,0.001
08NM241,2025-10-17,3.07916666666667,0.001
08NM241,2025-10-18,2.12916666666667,0.001
08NM241,2025-10-19,1.675,0.001
08NM241,2025-10-20,0.421052631578947,0.001
08NM241,2025-10-21,0.429166666666667,0.001
08NM241,2025-10-22,0.35,0.00109375
08NM241,2025-10-23,0.482608695652174,0.00101071428571429
08NM241,2025-10-24,0.741666666666667,0.00116666666666667
08NM241,2025-10-25,0.279166666666667,0.00452777777777778
08NM241,2025-10-26,0.245833333333333,0.00338194444444444
08NM241,2025-10-27,0.104166666666667,0.00235069444444444
08NM241,2025-10-28,0.0375,0.00141319444444444
08NM241,2025-10-29,0.0416666666666667,0.001
08NM241,2025-10-30,0.025,0.001
08NM241,2025-10-31,0.0541666666666667,0.001
08NM241,2025-11-01,0.0916666666666667,0.001
08NM241,2025-11-02,-0.0541666666666667,0.00229513888888889
08NM241,2025-11-03,-0.00833333333333333,0.002
08NM241,2025-11-04,-0.025,0.002
08NM241,2025-11-05,0.00416666666666667,0.002
08NM241,2025-11-06,0.0208333333333333,0.002
08NM241,2025-11-07,-0.0458333333333333,0.002
08NM241,2025-11-08,-0.0708333333333333,0.002
08NM241,2025-11-09,-0.05,0.002
08NM241,2025-11-10,0.0208333333333333,0.002
08NM241,2025-11-11,0.025,0.002
08NM241,2025-11-12,0.0291666666666667,0.002
08NM241,2025-11-13,0.1,0.002
08NM241,2025-11-14,-0.0583333333333333,0.00309375
08NM241,2025-11-15,-0.0666666666666667,0.00519444444444444
08NM241,2025-11-16,0.025,0.00629861111111111
08NM241,2025-11-17,0.2625,0.00936458333333333
08NM241,2025-11-18,0.5375,0.0175243055555556
08NM241,2025-11-19,0.2375,0.0142048611111111
08NM241,2025-11-20,0.275,0.010625
08NM241,2025-11-21,0.025,0.00782291666666667
08NM241,2025-11-22,0.216666666666667,0.008
08NM241,2025-11-23,0.383333333333333,0.00734375
08NM241,2025-11-24,0.1125,0.00563194444444444
08NM241,2025-11-25,-0.0875,0.004
08NM241,2025-11-26,-0.0791666666666667,0.004
08NM241,2025-11-27,-0.1,0.004
08NM241,2025-11-28,-0.1,0.004
08NM241,2025-11-29,-0.1,0.004
08NM241,2025-11-30,-0.1,0.004
08NM241,2025-12-01,-0.1,0.004
08NM241,2025-12-02,-0.1,0.004
08NM241,2025-12-03,-0.1,0.00357638888888889
08NM241,2025-12-04,-0.0625,0.003
08NM241,2025-12-05,0,0.003
08NM241,2025-12-06,0,0.003
08NM241,2025-12-07,0,0.003
08NM241,2025-12-08,0,0.003
08NM241,2025-12-09,-0.025,0.00389236111111111
08NM241,2025-12-10,0,0.004
08NM241,2025-12-11,-0.1,0.004
08NM241,2025-12-12,-0.1,0.004
08NM241,2025-12-13,-0.1,0.004
08NM241,2025-12-14,-0.1,0.004
08NM241,2025-12-15,-0.1,0.004
08NM241,2025-12-16,-0.1,0.004
08NM241,2025-12-17,-0.1,0.004
08NM241,2025-12-18,-0.1,0.004
08NM241,2025-12-19,-0.0958333333333333,0.004
08NM241,2025-12-20,-0.0833333333333333,0.004
08NM241,2025-12-21,-0.0208333333333333,0.004
08NM241,2025-12-22,-0.025,0.004
08NM241,2025-12-23,-0.0375,0.004
08NM241,2025-12-24,-0.0166666666666667,0.004
08NM241,2025-12-25,0,0.004
08NM241,2025-12-26,0,0.004
08NM241,2025-12-27,-0.0541666666666667,0.004
08NM241,2025-12-28,-0.1,0.004
08NM241,2025-12-29,-0.1,0.004
08NM241,2025-12-30,-0.1,0.004
08NM241,2025-12-31,-0.1,0.004
08NM241,2026-01-01,-0.1,0.004
08NM241,2026-01-02,-0.0260869565217391,0.004
08NM241,2026-01-03,0,0.004
08NM241,2026-01-04,0,0.004
08NM241,2026-01-05,0,0.004
08NM241,2026-01-06,0,0.004
08NM241,2026-01-07,-0.0583333333333333,0.004
08NM241,2026-01-08,-0.0708333333333333,0.004
08NM241,2026-01-09,-0.0833333333333333,0.004
08NM241,2026-01-10,0,0.004
08NM241,2026-01-11,0,0.004
08NM241,2026-01-12,0,0.004
08NM241,2026-01-13,-0.0375,0.00426388888888889
08NM241,2026-01-14,-0.1,0.005
08NM241,2026-01-15,-0.0416666666666667,0.00602083333333333
08NM241,2026-01-16,-0.0583333333333333,0.007
08NM241,2026-01-17,-0.1,0.007
08NM241,2026-01-18,-0.1,0.007
08NM241,2026-01-19,-0.1,0.00628125
08NM241,2026-01-20,-0.1,0.00677777777777778
08NM241,2026-01-21,-0.1,0.007
08NM241,2026-01-22,-0.1,0.007
08NM241,2026-01-23,-0.1,0.007
08NM241,2026-01-24,-0.1,0.007
08NM241,2026-01-25,-0.1,0.00616666666666667
08NM241,2026-01-26,-0.1,NA
08NM241,2026-01-27,-0.1,NA
08NM241,2026-01-28,-0.1,NA
08NM241,2026-01-29,-0.1,0.00312418300653595
08NM241,2026-01-30,-0.1,0.00152252252252252
08NM241,2026-01-31,-0.1,0.00637152777777778
08NM241,2026-02-01,-0.1,0.00900347222222222
08NM241,2026-02-02,-0.1,0.00851388888888889
08NM241,2026-02-03,-0.1,0.00801388888888889
08NM241,2026-02-04,-0.1,0.00800347222222222
08NM241,2026-02-05,-0.1,0.00804166666666667
08NM241,2026-02-06,-0.1,0.00832638888888889
08NM241,2026-02-07,-0.1,0.00886805555555555
08NM241,2026-02-08,-0.1,0.00869444444444444
08NM241,2026-02-09,-0.1,0.00800694444444445
08NM241,2026-02-10,-0.1,0.00786458333333333
08NM241,2026-02-11,-0.1,0.00798263888888889
08NM241,2026-02-12,-0.1,0.00765972222222222
08NM241,2026-02-13,-0.1,0.00759722222222222
08NM241,2026-02-14,-0.1,0.00762152777777778
08NM241,2026-02-15,-0.1,0.00709375
08NM241,2026-02-16,-0.1,0.00651748251748252
08NM241,2026-02-17,-0.1,0.00722916666666667
08NM241,2026-02-18,-0.1,0.007
08NM241,2026-02-19,-0.1,0.00623958333333333
08NM241,2026-02-20,-0.1,0.0054280303030303
08NM241,2026-02-21,-0.1,0.00575
08NM241,2026-02-22,-0.1,0.00600796812749004
08NM241,2026-02-23,-0.1,0.00609027777777778
08NM241,2026-02-24,-0.1,0.00623611111111111
08NM241,2026-02-25,-0.1,0.00578472222222222
08NM241,2026-02-26,-0.1,0.006
08NM241,2026-02-27,-0.1,0.006
08NM241,2026-02-28,-0.1,0.006
08NM241,2026-03-01,-0.1,0.00597222222222222
08NM241,2026-03-02,-0.1,0.00594444444444444
08NM241,2026-03-03,-0.1,0.00599652777777778
08NM241,2026-03-04,-0.1,0.006
08NM241,2026-03-05,-0.1,0.006125
08NM241,2026-03-06,-0.1,0.00597916666666667
08NM241,2026-03-07,-0.1,0.00678819444444444
08NM241,2026-03-08,-0.1,0.0130990990990991
08NM241,2026-03-09,-0.1,0.0131853146853147
08NM241,2026-03-10,-0.1,0.0108263888888889
08NM241,2026-03-11,-0.1,0.00945833333333333
08NM241,2026-03-12,-0.1,0.009
08NM241,2026-03-13,-0.1,0.0089375
08NM241,2026-03-14,-0.1,0.00841319444444444
08NM241,2026-03-15,-0.1,0.00780555555555556
08NM241,2026-03-16,-0.1,0.00793402777777778
08NM241,2026-03-17,-0.1,0.00793165467625899
08NM241,2026-03-18,-0.1,0.0102783505154639
08NM241,2026-03-19,-0.1,0.00552287581699346
08NM241,2026-03-20,-0.1,0.0457755102040816
08NM241,2026-03-21,-0.1,NA
08NM241,2026-03-22,-0.1,NA
08NM241,2026-03-23,-0.1,NA
08NM241,2026-03-24,-0.1,0.014375
08NM241,2026-03-25,-0.1,0.002
08NM241,2026-03-26,-0.1,0.00153819444444444
08NM241,2026-03-27,-0.1,0.00184722222222222
08NM241,2026-03-28,-0.1,0.00259722222222222
08NM241,2026-03-29,-0.1,0.00303472222222222
08NM241,2026-03-30,-0.1,0.00352430555555556
08NM241,2026-03-31,-0.1,0.00715725806451613
08NM241,2026-04-01,-0.1,0.00547569444444444
08NM241,2026-04-02,-0.1,0.0055625
08NM241,2026-04-03,-0.1,0.00199652777777778
08NM241,2026-04-04,-0.1,0.001
08NM241,2026-04-05,-0.1,0.00208450704225352
08NM241,2026-04-06,-0.1,0.00973263888888889
08NM241,2026-04-07,-0.1,0.0173298611111111
08NM241,2026-04-08,-0.1,0.00897569444444444
08NM241,2026-04-09,-0.1,0.007625
08NM241,2026-04-10,-0.1,0.0121979166666667
08NM241,2026-04-11,0.0916666666666667,0.0200798611111111
08NM241,2026-04-12,0.408333333333333,0.0364947735191638
08NM241,2026-04-13,0.745833333333333,0.0362465277777778
08NM241,2026-04-14,0.708333333333333,0.0330833333333333
08NM241,2026-04-15,0.504166666666667,0.01790625
08NM241,2026-04-16,0.0583333333333333,0.0109444444444444
08NM241,2026-04-17,0.291666666666667,0.00788541666666667
08NM241,2026-04-18,0.491666666666667,0.00658680555555556
08NM241,2026-04-19,1.10833333333333,0.00767361111111111
08NM241,2026-04-20,1.51666666666667,0.0147673611111111
08NM241,2026-04-21,1.64166666666667,0.0314895833333333
08NM241,2026-04-22,1.76666666666667,0.0531736111111111
08NM241,2026-04-23,1.16666666666667,0.0420347222222222
08NM241,2026-04-24,0.7625,0.0177465277777778
08NM241,2026-04-25,0.8125,0.0117256944444444
08NM241,2026-04-26,0.858333333333333,0.00908333333333333
08NM241,2026-04-27,1.1375,0.00760763888888889
08NM241,2026-04-28,1.56666666666667,0.00727430555555556
08NM241,2026-04-29,1.69166666666667,0.00742708333333333
08NM241,2026-04-30,2.20416666666667,0.0103159722222222
08NM241,2026-05-01,2.62916666666667,0.0146180555555556
08NM241,2026-05-02,2.87916666666667,0.0141736111111111
08NM241,2026-05-03,3.2,0.01725
08NM241,2026-05-04,3.64166666666667,0.0165763888888889
08NM241,2026-05-05,3.86666666666667,0.0133923611111111
08NM241,2026-05-06,4.26666666666667,0.0095625
08NM241,2026-05-07,4.42916666666667,0.00763888888888889
08NM241,2026-05-08,4.47083333333333,0.00533333333333333
08NM241,2026-05-09,4.09583333333333,0.00369791666666667
08NM241,2026-05-10,4.62083333333333,0.00297222222222222
08NM241,2026-05-11,4.70833333333333,0.00203125
08NM241,2026-05-12,4.8375,0.00198611111111111
08NM241,2026-05-13,5.51666666666667,0.00235069444444444
08NM241,2026-05-14,4.14583333333333,0.0123333333333333
08NM241,2026-05-15,3.875,0.00450347222222222
08NM241,2026-05-16,2.90416666666667,0.00302083333333333
08NM241,2026-05-17,2.9,0.00305208333333333
08NM241,2026-05-18,3.53333333333333,0.00302430555555556
08NM241,2026-05-19,3.58333333333333,0.00211805555555556
08NM241,2026-05-20,4.08333333333333,0.002
08NM241,2026-05-21,4.24583333333333,0.00101736111111111
08NM241,2026-05-22,4.6125,0.001
08NM241,2026-05-23,5.46666666666667,0.001
08NM241,2026-05-24,6.125,0.001
08NM241,2026-05-25,6.53333333333333,0.001
08NM241,2026-05-26,6.575,0.001
08NM241,2026-05-27,6.875,0
08NM241,2026-05-28,8.0625,0.0289409722222222
08NM241,2026-05-29,8.97916666666667,0.00560112359550562
08NM241,2026-05-30,6.2375,0.00391319444444444
08NM241,2026-05-31,6.05833333333333,0.00189236111111111
08NM241,2026-06-01,6.07916666666667,0.001
08NM241,2026-06-02,5.67083333333333,0.001
08NM241,2026-06-03,6.84583333333333,0.001
08NM241,2026-06-04,6.75833333333333,0.001
08NM241,2026-06-05,7.03333333333333,0.0310138888888889
08NM241,2026-06-06,5.85833333333333,0.0280798611111111
08NM241,2026-06-07,5.04583333333333,0.029
08NM241,2026-06-08,4.8625,0.0283715277777778
08NM241,2026-06-09,5.5375,0.001
08NM241,2026-06-10,5.14583333333333,0.001
08NM241,2026-06-11,5.775,0.001
08NM241,2026-06-12,6.51666666666667,0.0269201388888889
08NM241,2026-06-13,6.64583333333333,0.0233333333333333
08NM241,2026-06-14,7.57916666666667,0.0209305555555556
08NM241,2026-06-15,8.5875,0.0193055555555556
08NM241,2026-06-16,9.20833333333333,0.0177083333333333
08NM241,2026-06-17,8.48333333333333,0.0170666666666667
08NM241,2026-06-18,7.875,0.0154652777777778
08NM241,2026-06-19,8.08333333333333,0.0135104166666667
08NM241,2026-06-20,9.55416666666667,0.01225
08NM241,2026-06-21,8.74166666666667,0.0110034722222222
08NM241,2026-06-22,8.37083333333333,0.0101423611111111
08NM241,2026-06-23,8.84583333333333,0.00916319444444444
08NM241,2026-06-24,9.46666666666667,0.00811111111111111
08NM241,2026-06-25,9.77083333333333,0.0074375
08NM241,2026-06-26,10.3541666666667,0.00670486111111111
08NM241,2026-06-27,9.05833333333333,0.0150416666666667
08NM241,2026-06-28,7.99166666666667,0.0127534722222222
08NM241,2026-06-29,8.72083333333333,0.0128020833333333
08NM241,2026-06-30,9.68695652173913,0.0103949275362319
08NM241,2026-07-01,8.75,0.008875
08NM241,2026-07-02,8.1375,0.00732291666666667
08NM241,2026-07-03,9.04166666666667,0.00784722222222222
08NM241,2026-07-04,9.8375,0.00632638888888889
08NM241,2026-07-05,9.26666666666667,0.0051875
08NM241,2026-07-06,9.03333333333333,0.00470138888888889
08NM241,2026-07-07,10.4,0.00410069444444444
08NM241,2026-07-08,11.7416666666667,0.00346875
08NM241,2026-07-09,11.0875,0.003
08NM241,2026-07-10,10.9958333333333,0.00243055555555556
08NM241,2026-07-11,11.4291666666667,0.00205555555555556
08NM241,2026-07-12,10.5916666666667,0.002
08NM241,2026-07-13,9.87083333333333,0.00198958333333333
08NM241,2026-07-14,10.575,0.00143402777777778
08NM241,2026-07-15,12.3875,0.001
08NM241,2026-07-16,13.5583333333333,0.001
08NM241,2026-07-17,13.8125,0.001
08NM241,2026-07-18,13.1625,9.51388888888889e-4
08NM241,2026-07-19,11.0416666666667,7.8125e-4
08NM241,2026-07-20,11.7708333333333,1.83333333333333e-4
08NM241,2026-07-21,13.383333333333301,NA
08NM241,2026-07-22,14.2333333333333,NA
08NM241,2026-07-23,15.7666666666667,NA
08NM241,2026-07-24,15.85,NA
08NM241,2026-07-25,16.4916666666667,NA
08NM241,2026-07-26,15.1208333333333,NA
08NM241,2026-07-27,16.0666666666667,NA
08NM241,2026-07-28,14.7375,NA
08NM241,2026-07-29,14.1541666666667,NA
08NM241,2026-07-30,14.225,NA
08NM241,2026-07-31,13.7478260869565,NA
08NM241,2026-08-01,14.2916666666667,NA
08NM241,2026-08-02,9.40416666666667,NA
08NM241,2026-08-03,9.26521739130435,NA
08NM241,2026-08-04,7.82,NA
08NM241,2026-08-05,9.80476190476191,NA
08NM241,2026-08-06,10.2666666666667,NA
08NM241,2026-08-07,10.195,NA
08NM241,2026-08-08,14.0458333333333,NA
08NM241,2026-08-09,10.7590909090909,NA
08NM241,2026-08-10,10.42,NA
08NM241,2026-08-11,11.6952380952381,NA
08NM241,2026-08-12,15.8125,NA
08NM241,2026-08-13,13.7636363636364,NA
08NM241,2026-08-14,11.3041666666667,NA
08NM241,2026-08-15,10.2,NA
08NM241,2026-08-16,14.55,NA
08NM241,2026-08-17,12.0380952380952,NA
08NM241,2026-08-18,13.125,NA
08NM241,2026-08-19,11.9,NA
08NM241,2026-08-20,12.53,NA
08NM241,2026-08-21,11.6263157894737,NA
08NM241,2026-08-22,16.7913043478261,NA
08NM241,2026-08-23,12.4958333333333,NA
08NM241,2026-08-24,7.68095238095238,NA
08NM241,2026-08-25,10.39,NA
08NM241,2026-08-26,11.49,NA
08NM241,2026-08-27,11.7619047619048,NA
08NM242,2024-10-19,0.95,0.00719
08NM242,2024-10-20,4.3,0.0146428571428571
08NM242,2024-10-21,3.15,0.007
08NM242,2024-10-22,1.95,0.004
08NM242,2024-10-23,0.7,0.003
08NM242,2024-10-24,0.9,0.002
08NM242,2024-10-25,0.8,0.002
08NM242,2024-10-26,1.05,0.002
08NM242,2024-10-27,1.7,0.00707142857142857
08NM242,2024-10-28,1.1,0.005
08NM242,2024-10-29,0.7,0.004
08NM242,2024-10-30,0.2,0.003
08NM242,2024-10-31,0.3,0.003
08NM242,2024-11-01,0.1,0.0028125
08NM242,2024-11-02,0.2,0.00280263157894737
08NM242,2024-11-03,0.2,0.002
08NM242,2024-11-04,0.1,0.002
08NM242,2024-11-05,0,0.002
08NM242,2024-11-06,0.05,0.002
08NM242,2024-11-07,0.05,0.002
08NM242,2024-11-08,-0.05,0.002
08NM242,2024-11-09,-0.1,0.003
08NM242,2024-11-10,0,0.003
08NM242,2024-11-11,-0.1,0.003
08NM242,2024-11-12,0,0.003
08NM242,2024-11-13,-0.1,0.003
08NM242,2024-11-14,0,0.003
08NM242,2024-11-15,-0.1,0.003
08NM242,2024-11-16,-0.1,0.002
08NM242,2024-11-17,-0.1,0.002
08NM242,2024-11-18,-0.1,0.002
08NM242,2024-11-19,-0.1,0.002
08NM242,2024-11-20,-0.1,0.002
08NM242,2024-11-21,-0.1,0.002
08NM242,2024-11-22,-0.1,0.002
08NM242,2024-11-23,-0.1,0.002
08NM242,2024-11-24,-0.1,0.002
08NM242,2024-11-25,-0.1,0.002
08NM242,2024-11-26,-0.1,0.002
08NM242,2024-11-27,-0.1,0.002
08NM242,2024-11-28,-0.1,0.002
08NM242,2024-11-29,-0.1,0.002
08NM242,2024-11-30,-0.1,0.002
08NM242,2024-12-01,-0.1,0.002
08NM242,2024-12-02,-0.1,0.002
08NM242,2024-12-03,-0.1,0.002
08NM242,2024-12-04,-0.1,0.002
08NM242,2024-12-05,-0.1,0.002
08NM242,2024-12-06,-0.1,0.002
08NM242,2024-12-07,-0.1,0.002
08NM242,2024-12-08,-0.1,0.002
08NM242,2024-12-09,-0.1,0.002
08NM242,2024-12-10,-0.1,0.002
08NM242,2024-12-11,-0.1,0.002
08NM242,2024-12-12,-0.1,0.002
08NM242,2024-12-13,-0.1,0.002
08NM242,2024-12-14,-0.1,0.002
08NM242,2024-12-15,-0.1,0.002
08NM242,2024-12-16,-0.1,0.002
08NM242,2024-12-17,-0.1,0.002
08NM242,2024-12-18,-0.1,0.002
08NM242,2024-12-19,-0.1,0.002
08NM242,2024-12-20,-0.1,0.002
08NM242,2024-12-21,-0.1,0.002
08NM242,2024-12-22,-0.1,0.002
08NM242,2024-12-23,-0.1,0.002
08NM242,2024-12-24,-0.1,0.002
08NM242,2024-12-25,-0.1,0.002
08NM242,2024-12-26,-0.1,0.002
08NM242,2024-12-27,-0.1,0.002
08NM242,2024-12-28,-0.1,0.002
08NM242,2024-12-29,-0.1,0.002
08NM242,2024-12-30,-0.1,0.002
08NM242,2024-12-31,-0.1,0.002
08NM242,2025-01-01,-0.1,0.002
08NM242,2025-01-02,-0.1,0.002
08NM242,2025-01-03,-0.1,0.002
08NM242,2025-01-04,-0.1,0.002
08NM242,2025-01-05,-0.1,0.002
08NM242,2025-01-06,-0.1,0.002
08NM242,2025-01-07,-0.1,0.002
08NM242,2025-01-08,-0.1,0.002
08NM242,2025-01-09,-0.1,0.002
08NM242,2025-01-10,-0.1,0.002
08NM242,2025-01-11,-0.1,0.002
08NM242,2025-01-12,-0.1,0.002
08NM242,2025-01-13,-0.1,0.002
08NM242,2025-01-14,-0.1,0.002
08NM242,2025-01-15,-0.1,0.002
08NM242,2025-01-16,-0.1,0.002
08NM242,2025-01-17,-0.1,0.002
08NM242,2025-01-18,-0.1,0.002
08NM242,2025-01-19,-0.1,0.002
08NM242,2025-01-20,-0.1,0.002
08NM242,2025-01-21,-0.1,0.002
08NM242,2025-01-22,-0.1,0.002
08NM242,2025-01-23,-0.1,0.002
08NM242,2025-01-24,-0.1,0.002
08NM242,2025-01-25,-0.1,0.002
08NM242,2025-01-26,-0.1,0.002
08NM242,2025-01-27,-0.1,0.002
08NM242,2025-01-28,-0.1,0.002
08NM242,2025-01-29,-0.1,0.002
08NM242,2025-01-30,-0.1,0.002
08NM242,2025-01-31,-0.1,0.002
08NM242,2025-02-01,-0.1,0.002
08NM242,2025-02-02,-0.1,0.002
08NM242,2025-02-03,-0.1,0.002
08NM242,2025-02-04,-0.1,0.002
08NM242,2025-02-05,-0.1,0.002
08NM242,2025-02-06,-0.1,0.002
08NM242,2025-02-07,-0.1,0.002
08NM242,2025-02-08,-0.1,0.002
08NM242,2025-02-09,-0.1,0.002
08NM242,2025-02-10,-0.1,0.002
08NM242,2025-02-11,-0.1,0.002
08NM242,2025-02-12,-0.1,0.002
08NM242,2025-02-13,-0.1,0.002
08NM242,2025-02-14,-0.1,0.002
08NM242,2025-02-15,-0.1,0.002
08NM242,2025-02-16,-0.1,0.002
08NM242,2025-02-17,-0.1,0.002
08NM242,2025-02-18,-0.1,0.002
08NM242,2025-02-19,-0.1,0.002
08NM242,2025-02-20,-0.1,0.002
08NM242,2025-02-21,-0.1,0.002
08NM242,2025-02-22,-0.1,0.002
08NM242,2025-02-23,-0.1,0.002
08NM242,2025-02-24,-0.1,0.002
08NM242,2025-02-25,-0.1,0.002
08NM242,2025-02-26,-0.1,0.002
08NM242,2025-02-27,-0.1,0.002
08NM242,2025-02-28,-0.1,0.002
08NM242,2025-03-01,-0.1,0.002
08NM242,2025-03-02,-0.1,0.002
08NM242,2025-03-03,-0.1,0.002
08NM242,2025-03-04,-0.1,0.002
08NM242,2025-03-05,-0.1,0.002
08NM242,2025-03-06,-0.1,0.002
08NM242,2025-03-07,-0.1,0.002
08NM242,2025-03-08,-0.1,0.002
08NM242,2025-03-09,-0.1,0.002
08NM242,2025-03-10,-0.1,0.002
08NM242,2025-03-11,-0.1,0.002
08NM242,2025-03-12,-0.1,0.002
08NM242,2025-03-13,-0.1,0.002
08NM242,2025-03-14,-0.1,0.002
08NM242,2025-03-15,-0.1,0.002
08NM242,2025-03-16,-0.1,0.002
08NM242,2025-03-17,-0.1,0.002
08NM242,2025-03-18,-0.1,0.002
08NM242,2025-03-19,-0.1,0.002
08NM242,2025-03-20,-0.1,0.002
08NM242,2025-03-21,-0.1,0.002
08NM242,2025-03-22,-0.1,0.002
08NM242,2025-03-23,-0.1,0.002
08NM242,2025-03-24,-0.1,0.002
08NM242,2025-03-25,-0.108333333333333,0.002
08NM242,2025-03-26,-0.2,0.002
08NM242,2025-03-27,-0.2,0.00210416666666667
08NM242,2025-03-28,-0.2,0.00335069444444444
08NM242,2025-03-29,-0.2,0.00461458333333333
08NM242,2025-03-30,-0.2,0.00588541666666667
08NM242,2025-03-31,-0.179166666666667,0.006
08NM242,2025-04-01,-0.1,0.006
08NM242,2025-04-02,-0.1,0.006
08NM242,2025-04-03,-0.1,0.00592708333333333
08NM242,2025-04-04,-0.1,0.005
08NM242,2025-04-05,-0.1,0.005
08NM242,2025-04-06,-0.1,0.00556944444444444
08NM242,2025-04-07,-0.175,0.00778819444444444
08NM242,2025-04-08,-0.2,0.0176319444444444
08NM242,2025-04-09,-0.120833333333333,0.0236736111111111
08NM242,2025-04-10,0.0541666666666667,0.0216701388888889
08NM242,2025-04-11,0.104166666666667,0.0199201388888889
08NM242,2025-04-12,0.104166666666667,0.0199409722222222
08NM242,2025-04-13,0.154166666666667,0.0188368055555556
08NM242,2025-04-14,0.2,0.0178541666666667
08NM242,2025-04-15,0.220833333333333,0.0198784722222222
08NM242,2025-04-16,0.108333333333333,0.0296805555555556
08NM242,2025-04-17,0.291666666666667,0.0308159722222222
08NM242,2025-04-18,0.333333333333333,0.0285416666666667
08NM242,2025-04-19,0.191666666666667,0.0412083333333333
08NM242,2025-04-20,0.35,0.0458263888888889
08NM242,2025-04-21,0.420833333333333,0.0403472222222222
08NM242,2025-04-22,0.345833333333333,0.0334590747330961
08NM242,2025-04-23,0.375,0.0297013888888889
08NM242,2025-04-24,0.441666666666667,0.0276666666666667
08NM242,2025-04-25,0.45,0.0399895833333333
08NM242,2025-04-26,0.270833333333333,0.0695
08NM242,2025-04-27,0.2375,0.0866493055555556
08NM242,2025-04-28,0.279166666666667,0.103923611111111
08NM242,2025-04-29,0.425,0.106545138888889
08NM242,2025-04-30,0.429166666666667,0.103625
08NM242,2025-05-01,0.375,0.136086805555556
08NM242,2025-05-02,0.2125,0.195815972222222
08NM242,2025-05-03,0.0666666666666667,0.30071875
08NM242,2025-05-04,0.204166666666667,0.274871527777778
08NM242,2025-05-05,0.3875,0.171972222222222
08NM242,2025-05-06,0.55,0.186378472222222
08NM242,2025-05-07,0.4875,0.272576388888889
08NM242,2025-05-08,0.316666666666667,0.353260416666667
08NM242,2025-05-09,0.604166666666667,0.270569444444444
08NM242,2025-05-10,0.704166666666667,0.262982638888889
08NM242,2025-05-11,0.616666666666667,0.260670138888889
08NM242,2025-05-12,0.591666666666667,0.233138888888889
08NM242,2025-05-13,0.720833333333333,0.258961805555556
08NM242,2025-05-14,0.65,0.352982638888889
08NM242,2025-05-15,0.766666666666667,0.258527777777778
08NM242,2025-05-16,0.966666666666667,0.227208333333333
08NM242,2025-05-17,1.09166666666667,0.222166666666667
08NM242,2025-05-18,0.654166666666667,0.275180555555556
08NM242,2025-05-19,0.6875,0.215520833333333
08NM242,2025-05-20,0.6875,0.175909722222222
08NM242,2025-05-21,1.0375,0.176590277777778
08NM242,2025-05-22,1.37083333333333,0.164784722222222
08NM242,2025-05-23,1.5875,0.168284722222222
08NM242,2025-05-24,1.98333333333333,0.214982638888889
08NM242,2025-05-25,2.25833333333333,0.343395833333333
08NM242,2025-05-26,2.09583333333333,0.576746527777778
08NM242,2025-05-27,2.05833333333333,0.510583333333333
08NM242,2025-05-28,3.11666666666667,0.436690972222222
08NM242,2025-05-29,3.5875,0.600534722222222
08NM242,2025-05-30,3.35416666666667,0.441892361111111
08NM242,2025-05-31,4.4375,0.35975
08NM242,2025-06-01,3.82083333333333,0.309986111111111
08NM242,2025-06-02,3.52916666666667,0.209243055555556
08NM242,2025-06-03,3.98333333333333,0.175791666666667
08NM242,2025-06-04,4.2,0.162986111111111
08NM242,2025-06-05,4.4,0.150371527777778
08NM242,2025-06-06,5.12916666666667,0.159145833333333
08NM242,2025-06-07,5.2875,0.147253472222222
08NM242,2025-06-08,5.925,0.132583333333333
08NM242,2025-06-09,6.94583333333333,0.124295138888889
08NM242,2025-06-10,7.25416666666667,0.106618055555556
08NM242,2025-06-11,7.52083333333333,0.0863784722222222
08NM242,2025-06-12,7.75,0.0736666666666667
08NM242,2025-06-13,7.275,0.0764270833333333
08NM242,2025-06-14,7.0625,0.114559027777778
08NM242,2025-06-15,6.9125,0.131288194444444
08NM242,2025-06-16,7.33333333333333,0.0795902777777778
08NM242,2025-06-17,7.14166666666667,0.0603923611111111
08NM242,2025-06-18,7.2375,0.0517048611111111
08NM242,2025-06-19,6.32916666666667,0.0487152777777778
08NM242,2025-06-20,6.53333333333333,0.0449756944444444
08NM242,2025-06-21,5.50833333333333,0.07521875
08NM242,2025-06-22,5.57916666666667,0.0691770833333333
08NM242,2025-06-23,6.05,0.0559513888888889
08NM242,2025-06-24,6.64166666666667,0.0465625
08NM242,2025-06-25,7.15,0.0475520833333333
08NM242,2025-06-26,7.12916666666667,0.0416493055555556
08NM242,2025-06-27,7.30416666666667,0.0442222222222222
08NM242,2025-06-28,7.0625,0.04065625
08NM242,2025-06-29,7.025,0.0339131944444444
08NM242,2025-06-30,8.1625,0.0289375
08NM242,2025-07-01,9.3125,0.0252118055555556
08NM242,2025-07-02,9.55416666666667,0.0219618055555556
08NM242,2025-07-03,8.675,0.0193923611111111
08NM242,2025-07-04,8.39583333333333,0.0175590277777778
08NM242,2025-07-05,8.98333333333333,0.0157291666666667
08NM242,2025-07-06,8.78333333333333,0.0152013888888889
08NM242,2025-07-07,8.97083333333333,0.0133156028368794
08NM242,2025-07-08,9.94583333333333,0.0113541666666667
08NM242,2025-07-09,10.3541666666667,0.0113055555555556
08NM242,2025-07-10,8.95,0.0169201388888889
08NM242,2025-07-11,8.4,0.0121909722222222
08NM242,2025-07-12,9.96666666666667,0.00964930555555556
08NM242,2025-07-13,10.9083333333333,0.00843055555555556
08NM242,2025-07-14,11.3416666666667,0.00758333333333333
08NM242,2025-07-15,9.44166666666667,0.0108402777777778
08NM242,2025-07-16,9.75416666666667,0.00792708333333333
08NM242,2025-07-17,10.1625,0.00654166666666667
08NM242,2025-07-18,9.12916666666667,0.00612152777777778
08NM242,2025-07-19,8.4,0.00815625
08NM242,2025-07-20,8.29583333333333,0.00817361111111111
08NM242,2025-07-21,8.29166666666667,0.0177152777777778
08NM242,2025-07-22,8.76666666666667,0.0378472222222222
08NM242,2025-07-23,8.63333333333333,0.0234583333333333
08NM242,2025-07-24,9.4375,0.0129305555555556
08NM242,2025-07-25,10.1208333333333,0.00905208333333333
08NM242,2025-07-26,9.42083333333333,0.00747222222222222
08NM242,2025-07-27,9.24583333333333,0.00658333333333333
08NM242,2025-07-28,9.46666666666667,0.00601736111111111
08NM242,2025-07-29,10.2304347826087,0.00502857142857143
08NM242,2025-07-30,10.9541666666667,0.00401041666666667
08NM242,2025-07-31,10.7958333333333,0.004
08NM242,2025-08-01,11.0125,0.00417361111111111
08NM242,2025-08-02,10.5125,0.00689583333333333
08NM242,2025-08-03,10.6083333333333,0.00497569444444444
08NM242,2025-08-04,10.6458333333333,0.00353819444444444
08NM242,2025-08-05,10.0541666666667,0.003
08NM242,2025-08-06,10.3666666666667,0.003
08NM242,2025-08-07,9.00416666666667,0.00482291666666667
08NM242,2025-08-08,8.87916666666667,0.0041840277777777796
08NM242,2025-08-09,9.33333333333333,0.00316319444444444
08NM242,2025-08-10,10.6791666666667,0.00298611111111111
08NM242,2025-08-11,11.570833333333301,0.002
08NM242,2025-08-12,11.225,0.002
08NM242,2025-08-13,11.4958333333333,0.00196527777777778
08NM242,2025-08-14,10.4375,0.00145486111111111
08NM242,2025-08-15,10.4791666666667,0.00213541666666667
08NM242,2025-08-16,10.3,0.00723263888888889
08NM242,2025-08-17,9.04166666666667,0.00554861111111111
08NM242,2025-08-18,9.25,0.00312152777777778
08NM242,2025-08-19,9.62916666666667,0.00202777777777778
08NM242,2025-08-20,9.45416666666667,0.002
08NM242,2025-08-21,8.15416666666667,0.0013125
08NM242,2025-08-22,7.5375,0.001
08NM242,2025-08-23,7.95833333333333,0.001
08NM242,2025-08-24,8.675,0.001
08NM242,2025-08-25,9.1375,0.001
08NM242,2025-08-26,9.77916666666667,0.001
08NM242,2025-08-27,9.96666666666667,0.001
08NM242,2025-08-28,9.725,0.001
08NM242,2025-08-29,10.0666666666667,0.001
08NM242,2025-08-30,10.075,0.001
08NM242,2025-08-31,9.60416666666667,0.001
08NM242,2025-09-01,10.175,0.001
08NM242,2025-09-02,10.6291666666667,0.001
08NM242,2025-09-03,10.6208333333333,0.001
08NM242,2025-09-04,10.6041666666667,0.001
08NM242,2025-09-05,9.84583333333333,0.001
08NM242,2025-09-06,9.55833333333333,0.001
08NM242,2025-09-07,9.74583333333333,0.001
08NM242,2025-09-08,9.09166666666667,0.001
08NM242,2025-09-09,8.70416666666667,0.001
08NM242,2025-09-10,8.125,0.001
08NM242,2025-09-11,7.92083333333333,0.001
08NM242,2025-09-12,7.95,0.001
08NM242,2025-09-13,8.16666666666667,0.001
08NM242,2025-09-14,8.82083333333333,0.001
08NM242,2025-09-15,8.45,0.001
08NM242,2025-09-16,7.97083333333333,0.001
08NM242,2025-09-17,8.3,0.001
08NM242,2025-09-18,8.09166666666667,0.001
08NM242,2025-09-19,7.33913043478261,0.001
08NM242,2025-09-20,6.7625,0.001
08NM242,2025-09-21,7.22083333333333,0.00108333333333333
08NM242,2025-09-22,5.77083333333333,0.00127430555555556
08NM242,2025-09-23,5.09166666666667,0.001
08NM242,2025-09-24,5.42916666666667,0.001
08NM242,2025-09-25,5.47083333333333,0.001
08NM242,2025-09-26,4.69166666666667,0.001
08NM242,2025-09-27,4.74166666666667,0.001
08NM242,2025-09-28,5.575,0.001
08NM242,2025-09-29,6.39166666666667,0.001
08NM242,2025-09-30,6.80416666666667,0.001
08NM242,2025-10-01,5.88333333333333,0.001
08NM242,2025-10-02,5.08333333333333,0.001
08NM242,2025-10-03,4.5125,0.001
08NM242,2025-10-04,4.33333333333333,0.001
08NM242,2025-10-05,4.25416666666667,0.001
08NM242,2025-10-06,4.36666666666667,0.001
08NM242,2025-10-07,4.33333333333333,0.001
08NM242,2025-10-08,4.3125,0.001
08NM242,2025-10-09,4.24583333333333,0.001
08NM242,2025-10-10,4.5125,0.001
08NM242,2025-10-11,4.50833333333333,0.001
08NM242,2025-10-12,4.26666666666667,0.001
08NM242,2025-10-13,4.19583333333333,0.001
08NM242,2025-10-14,3.85,0.001
08NM242,2025-10-15,3.37083333333333,0.001
08NM242,2025-10-16,3.10416666666667,0.001
08NM242,2025-10-17,2.73333333333333,0.001
08NM242,2025-10-18,2.20833333333333,0.001
08NM242,2025-10-19,2.0125,0.001
08NM242,2025-10-20,1.44583333333333,0.001
08NM242,2025-10-21,1.17083333333333,0.001
08NM242,2025-10-22,0.720833333333333,0.001
08NM242,2025-10-23,0.716666666666667,0.001
08NM242,2025-10-24,0.858333333333333,0.001
08NM242,2025-10-25,0.25,0.001
08NM242,2025-10-26,0.183333333333333,0.001
08NM242,2025-10-27,0.241666666666667,0.001
08NM242,2025-10-28,0.254166666666667,0.001
08NM242,2025-10-29,0.233333333333333,0.001
08NM242,2025-10-30,0.2,0.001
08NM242,2025-10-31,0.2,0.001
08NM242,2025-11-01,0.179166666666667,0.001
08NM242,2025-11-02,-0.1,0.001
08NM242,2025-11-03,-0.075,0.001
08NM242,2025-11-04,-0.0458333333333333,0.001
08NM242,2025-11-05,0,0.001
08NM242,2025-11-06,0.0166666666666667,0.001
08NM242,2025-11-07,-0.00416666666666667,0.001
08NM242,2025-11-08,-0.075,0.001
08NM242,2025-11-09,-0.0666666666666667,0.001
08NM242,2025-11-10,0.025,0.001
08NM242,2025-11-11,0.075,0.001
08NM242,2025-11-12,0.0541666666666667,0.001
08NM242,2025-11-13,0.141666666666667,0.001
08NM242,2025-11-14,-0.0916666666666667,0.00190625
08NM242,2025-11-15,-0.0291666666666667,0.002
08NM242,2025-11-16,0.05,0.00308333333333333
08NM242,2025-11-17,0.35,0.00469444444444444
08NM242,2025-11-18,0.320833333333333,0.00561805555555556
08NM242,2025-11-19,-0.0125,0.00514930555555556
08NM242,2025-11-20,-0.1125,0.00340277777777778
08NM242,2025-11-21,-0.133333333333333,0.003
08NM242,2025-11-22,-0.0291666666666667,0.00213194444444444
08NM242,2025-11-23,0.104166666666667,0.002
08NM242,2025-11-24,-0.0333333333333333,0.002
08NM242,2025-11-25,-0.1,0.002
08NM242,2025-11-26,-0.1,0.00193402777777778
08NM242,2025-11-27,-0.1,0.001
08NM242,2025-11-28,-0.1,0.001
08NM242,2025-11-29,-0.1,0.001
08NM242,2025-11-30,-0.0958333333333333,0.001
08NM242,2025-12-01,-0.1,0.001
08NM242,2025-12-02,-0.1,0.001
08NM242,2025-12-03,-0.1,0.001
08NM242,2025-12-04,-0.1,0.001
08NM242,2025-12-05,-0.1,0.001
08NM242,2025-12-06,-0.1,0.001
08NM242,2025-12-07,-0.1,0.001
08NM242,2025-12-08,-0.1,0.001
08NM242,2025-12-09,-0.0916666666666667,0.001
08NM242,2025-12-10,-0.0541666666666667,0.001
08NM242,2025-12-11,-0.154166666666667,0.001
08NM242,2025-12-12,-0.120833333333333,0.001
08NM242,2025-12-13,-0.1,0.001
08NM242,2025-12-14,-0.1,0.001
08NM242,2025-12-15,-0.1125,0.001
08NM242,2025-12-16,-0.2,0.001
08NM242,2025-12-17,-0.116666666666667,0.001
08NM242,2025-12-18,-0.1,0.001
08NM242,2025-12-19,-0.1,0.001
08NM242,2025-12-20,-0.1,0.001
08NM242,2025-12-21,-0.1,0.001
08NM242,2025-12-22,-0.1,0.001
08NM242,2025-12-23,-0.1,0.001
08NM242,2025-12-24,-0.0583333333333333,0.001
08NM242,2025-12-25,0,0.001
08NM242,2025-12-26,0,0.001
08NM242,2025-12-27,-0.0708333333333333,0.001
08NM242,2025-12-28,-0.1,0.001
08NM242,2025-12-29,-0.1,0.001
08NM242,2025-12-30,-0.1,0.001
08NM242,2025-12-31,-0.1,0.001
08NM242,2026-01-01,-0.1,0.001
08NM242,2026-01-02,-0.0916666666666667,0.001
08NM242,2026-01-03,0,0.001
08NM242,2026-01-04,0,0.001
08NM242,2026-01-05,0,0.001
08NM242,2026-01-06,-0.0625,0.001
08NM242,2026-01-07,-0.1,0.001
08NM242,2026-01-08,-0.1,0.001
08NM242,2026-01-09,-0.1,0.001
08NM242,2026-01-10,-0.1,0.001
08NM242,2026-01-11,-0.0666666666666667,0.001
08NM242,2026-01-12,0,0.001
08NM242,2026-01-13,-0.0666666666666667,0.001
08NM242,2026-01-14,-0.1,0.001
08NM242,2026-01-15,-0.1,0.001
08NM242,2026-01-16,-0.1,0.001
08NM242,2026-01-17,-0.1,0.001
08NM242,2026-01-18,-0.1,0.001
08NM242,2026-01-19,-0.1,0.001
08NM242,2026-01-20,-0.1,0.001
08NM242,2026-01-21,-0.1,0.001
08NM242,2026-01-22,-0.1,0.001
08NM242,2026-01-23,-0.1,0.00125
08NM242,2026-01-24,-0.1,0.00333680555555556
08NM242,2026-01-25,-0.1,0.00434027777777778
08NM242,2026-01-26,-0.1,0.00471875
08NM242,2026-01-27,-0.1,0.0037673611111111102
08NM242,2026-01-28,-0.1,0.00207638888888889
08NM242,2026-01-29,-0.1,0.002
08NM242,2026-01-30,-0.1,0.002
08NM242,2026-01-31,-0.1,0.002
08NM242,2026-02-01,-0.1,0.002
08NM242,2026-02-02,-0.1,0.002
08NM242,2026-02-03,-0.1,0.002
08NM242,2026-02-04,-0.1,0.002
08NM242,2026-02-05,-0.1,0.002
08NM242,2026-02-06,-0.1,0.002
08NM242,2026-02-07,-0.1,0.00276041666666667
08NM242,2026-02-08,-0.1,0.003
08NM242,2026-02-09,-0.1,0.003
08NM242,2026-02-10,-0.1,0.00242708333333333
08NM242,2026-02-11,-0.1125,0.00209375
08NM242,2026-02-12,-0.108333333333333,0.00378472222222222
08NM242,2026-02-13,-0.1,0.00606944444444444
08NM242,2026-02-14,-0.1,0.00619097222222222
08NM242,2026-02-15,-0.1,0.0136111111111111
08NM242,2026-02-16,-0.116666666666667,0.0651493055555556
08NM242,2026-02-17,-0.166666666666667,0.0696527777777778
08NM242,2026-02-18,-0.1,0.0683090277777778
08NM242,2026-02-19,-0.1,0.0608541666666667
08NM242,2026-02-20,-0.1,0.0652152777777778
08NM242,2026-02-21,-0.1,0.0724583333333333
08NM242,2026-02-22,-0.1,0.0738506944444444
08NM242,2026-02-23,-0.1,0.0654826388888889
08NM242,2026-02-24,-0.1,0.00398611111111111
08NM242,2026-02-25,-0.1,0.002
08NM242,2026-02-26,-0.1,0.002
08NM242,2026-02-27,-0.1,0.002
08NM242,2026-02-28,-0.1,0.002
08NM242,2026-03-01,-0.1,0.002
08NM242,2026-03-02,-0.1,0.002
08NM242,2026-03-03,-0.1,0.002
08NM242,2026-03-04,-0.1,0.002
08NM242,2026-03-05,-0.1,0.002
08NM242,2026-03-06,-0.1,0.002
08NM242,2026-03-07,-0.1,0.002
08NM242,2026-03-08,-0.1875,0.00427430555555556
08NM242,2026-03-09,-0.179166666666667,0.00334722222222222
08NM242,2026-03-10,-0.1,0.00264583333333333
08NM242,2026-03-11,-0.1,0.002
08NM242,2026-03-12,-0.1,0.00213888888888889
08NM242,2026-03-13,-0.1,0.002
08NM242,2026-03-14,-0.1,0.002
08NM242,2026-03-15,-0.1,0.002
08NM242,2026-03-16,-0.1,0.002
08NM242,2026-03-17,-0.104166666666667,0.00212152777777778
08NM242,2026-03-18,-0.2,0.00751041666666667
08NM242,2026-03-19,-0.2,0.0650868055555556
08NM242,2026-03-20,-0.2,0.143006944444444
08NM242,2026-03-21,-0.2,0.226340277777778
08NM242,2026-03-22,-0.2,0.103246527777778
08NM242,2026-03-23,-0.2,0.0627916666666667
08NM242,2026-03-24,-0.2,0.0257777777777778
08NM242,2026-03-25,-0.2,0
08NM242,2026-03-26,-0.2,0.0207013888888889
08NM242,2026-03-27,-0.2,0.00105555555555556
08NM242,2026-03-28,-0.2,0.00279166666666667
08NM242,2026-03-29,-0.2,0.0296458333333333
08NM242,2026-03-30,-0.2,0.0018125
08NM242,2026-03-31,-0.2,0.0395555555555556
08NM242,2026-04-01,-0.2,0.00695833333333333
08NM242,2026-04-02,-0.2,6.73611111111111e-4
08NM242,2026-04-03,-0.2,0
08NM242,2026-04-04,-0.175,0
08NM242,2026-04-05,-0.170833333333333,0
08NM242,2026-04-06,-0.2,0
08NM242,2026-04-07,-0.2,9.79166666666667e-4
08NM242,2026-04-08,-0.2,0.00290625
08NM242,2026-04-09,-0.179166666666667,0.0028125
08NM242,2026-04-10,-0.179166666666667,0.00280208333333333
08NM242,2026-04-11,-0.2,0.00594444444444444
08NM242,2026-04-12,-0.2,0.00867361111111111
08NM242,2026-04-13,-0.2,0.00930465949820788
08NM242,2026-04-14,-0.170833333333333,0.00526056338028169
08NM242,2026-04-15,-0.0666666666666667,0.00157986111111111
08NM242,2026-04-16,-0.15,0.001
08NM242,2026-04-17,-0.0625,9.79166666666667e-4
08NM242,2026-04-18,0.00416666666666667,9.02777777777778e-5
08NM242,2026-04-19,0.220833333333333,0.001
08NM242,2026-04-20,0.220833333333333,0.00197916666666667
08NM242,2026-04-21,0.0791666666666667,0.00556293706293706
08NM242,2026-04-22,0.166666666666667,0.0112342657342657
08NM242,2026-04-23,0.0375,0.0123402777777778
08NM242,2026-04-24,-0.0291666666666667,0.00628125
08NM242,2026-04-25,0.0166666666666667,0.00509722222222222
08NM242,2026-04-26,0.120833333333333,0.00432986111111111
08NM242,2026-04-27,0.229166666666667,0.00360763888888889
08NM242,2026-04-28,0.433333333333333,0.00305555555555556
08NM242,2026-04-29,0.525,0.00341666666666667
08NM242,2026-04-30,0.629166666666667,0.00542361111111111
08NM242,2026-05-01,0.6625,0.0106666666666667
08NM242,2026-05-02,0.845833333333333,0.0123368055555556
08NM242,2026-05-03,0.8375,0.0227951388888889
08NM242,2026-05-04,1.11666666666667,0.0358680555555556
08NM242,2026-05-05,1.37083333333333,0.0450972222222222
08NM242,2026-05-06,1.84583333333333,0.04790625
08NM242,2026-05-07,2.025,0.0483229166666667
08NM242,2026-05-08,2.47916666666667,0.0341388888888889
08NM242,2026-05-09,2.30833333333333,0.0237604166666667
08NM242,2026-05-10,3.00416666666667,0.0197951388888889
08NM242,2026-05-11,3.025,0.0155034722222222
08NM242,2026-05-12,3.36666666666667,0.0124166666666667
08NM242,2026-05-13,3.84166666666667,0.0185208333333333
08NM242,2026-05-14,2.4375,0.04403125
08NM242,2026-05-15,2.50833333333333,0.0162361111111111
08NM242,2026-05-16,1.75,0.0111979166666667
08NM242,2026-05-17,1.89166666666667,0.00901041666666667
08NM242,2026-05-18,2.51666666666667,0.00803819444444445
08NM242,2026-05-19,2.7375,0.00615277777777778
08NM242,2026-05-20,3.14583333333333,0.00486805555555556
08NM242,2026-05-21,3.4125,0.00394097222222222
08NM242,2026-05-22,3.69583333333333,0.00311805555555556
08NM242,2026-05-23,4.4125,0.003
08NM242,2026-05-24,4.82916666666667,0.00277777777777778
08NM242,2026-05-25,5.29583333333333,0.002
08NM242,2026-05-26,5.2625,0.002
08NM242,2026-05-27,5.54166666666667,0.002
08NM242,2026-05-28,6.64166666666667,0.00114930555555556
08NM242,2026-05-29,7.49166666666667,0.0105625
08NM242,2026-05-30,5.45416666666667,0.0101458333333333
08NM242,2026-05-31,5.36666666666667,0.00411458333333333
08NM242,2026-06-01,5.39166666666667,0.00229513888888889
08NM242,2026-06-02,5.03333333333333,0.002
08NM242,2026-06-03,5.97083333333333,0.00131944444444444
08NM242,2026-06-04,5.89583333333333,0.00238194444444444
08NM242,2026-06-05,6.20416666666667,0.00107291666666667
08NM242,2026-06-06,5.09583333333333,0.001
08NM242,2026-06-07,4.3875,0.001
08NM242,2026-06-08,4.24166666666667,0.001
08NM242,2026-06-09,4.65833333333333,0.00205208333333333
08NM242,2026-06-10,4.27083333333333,0.0020625
08NM242,2026-06-11,4.75833333333333,0.00186805555555556
08NM242,2026-06-12,5.4,0.001
08NM242,2026-06-13,5.72083333333333,0.001
08NM242,2026-06-14,6.65833333333333,5.76388888888889e-4
08NM242,2026-06-15,7.61666666666667,0
08NM242,2026-06-16,7.9375,0
08NM242,2026-06-17,7.4,0.00595138888888889
08NM242,2026-06-18,7.0625,0.0200243055555556
08NM242,2026-06-19,7.28333333333333,0.0173368055555556
08NM242,2026-06-20,8.19166666666667,0.0153090277777778
08NM242,2026-06-21,7.65833333333333,0.0136006944444444
08NM242,2026-06-22,7.45416666666667,0.0124270833333333
08NM242,2026-06-23,7.85,0.0110520833333333
08NM242,2026-06-24,8.44166666666667,0.00976388888888889
08NM242,2026-06-25,8.475,0.00929513888888889
08NM242,2026-06-26,8.675,0.008
08NM242,2026-06-27,7.38333333333333,0.0405625
08NM242,2026-06-28,6.8125,0.0267152777777778
08NM242,2026-06-29,7.2875,0.0233402777777778
08NM242,2026-06-30,7.98260869565217,0.018554347826087
08NM242,2026-07-01,7.425,0.0151701388888889
08NM242,2026-07-02,7.0125,0.0126875
08NM242,2026-07-03,7.92916666666667,0.0141354166666667
08NM242,2026-07-04,8.55416666666667,0.0109930555555556
08NM242,2026-07-05,8.10833333333333,0.00875347222222222
08NM242,2026-07-06,8.09166666666667,0.00763541666666667
08NM242,2026-07-07,9.35416666666667,0.00650347222222222
08NM242,2026-07-08,10.0875,0.00574652777777778
08NM242,2026-07-09,9.63333333333333,0.005
08NM242,2026-07-10,9.55416666666667,0.00435069444444444
08NM242,2026-07-11,9.59166666666667,0.004
08NM242,2026-07-12,9.05416666666667,0.004
08NM242,2026-07-13,8.825,0.00304513888888889
08NM242,2026-07-14,9.5375,0.003
08NM242,2026-07-15,11.125,0.00258680555555556
08NM242,2026-07-16,12.1083333333333,0.00200694444444444
08NM242,2026-07-17,12.6375,0.002
08NM242,2026-07-18,12.0916666666667,0.002
08NM242,2026-07-19,10.1083333333333,0.002
08NM242,2026-07-20,10.575,0.00199652777777778
08NM242,2026-07-21,11.3125,0.00141666666666667
08NM242,2026-07-22,11.6833333333333,0.001
08NM242,2026-07-23,12.65,0.001
08NM242,2026-07-24,12.3625,0.001
08NM242,2026-07-25,12.258333333333301,0.001
08NM242,2026-07-26,10.758333333333301,0.001
08NM242,2026-07-27,11.0458333333333,0.001
08NM242,2026-07-28,10.8041666666667,0.001
08NM242,2026-07-29,9.88333333333333,0.001
08NM242,2026-07-30,9.51666666666667,9.93055555555556e-4
08NM242,2026-07-31,9.8625,2.04861111111111e-4
08NM242,2026-08-01,10.7833333333333,0
08NM242,2026-08-02,9.14166666666667,0
08NM242,2026-08-03,7.93333333333333,0
08NM242,2026-08-04,8.05833333333333,0
08NM242,2026-08-05,8.67083333333333,0
08NM242,2026-08-06,8.83333333333333,0
08NM242,2026-08-07,9.19583333333333,0
08NM242,2026-08-08,9.87083333333333,0
08NM242,2026-08-09,9.175,0
08NM242,2026-08-10,9.27826086956522,0
08NM242,2026-08-11,9.52916666666667,0
08NM242,2026-08-12,10.3291666666667,0
08NM242,2026-08-13,10.5916666666667,0
08NM242,2026-08-14,9.92916666666667,0
08NM242,2026-08-15,9.1,0
08NM242,2026-08-16,9.70833333333333,0
08NM242,2026-08-17,10.0041666666667,0
08NM242,2026-08-18,10.6125,0
08NM242,2026-08-19,11.5,0
08NM242,2026-08-20,11.7166666666667,0
08NM242,2026-08-21,11.8666666666667,0
08NM242,2026-08-22,12.7333333333333,0
08NM242,2026-08-23,12.2083333333333,NA
08NM242,2026-08-24,9.8125,NA
08NM242,2026-08-25,10.3291666666667,NA
08NM242,2026-08-26,10.9,NA
08NM242,2026-08-27,11.0142857142857,NA
08NM247,2024-10-19,12.2125,8.77113402061856
08NM247,2024-10-20,12.7,8.7448
08NM247,2024-10-21,12.5,9.13
08NM247,2024-10-22,12.25,9.10708333333333
08NM247,2024-10-23,11.95,9.0524
08NM247,2024-10-24,11.65,8.9444
08NM247,2024-10-25,11.3,8.8756
08NM247,2024-10-26,11.15,8.8024
08NM247,2024-10-27,11.3,8.9856
08NM247,2024-10-28,11,9.1584
08NM247,2024-10-29,10.85,9.362
08NM247,2024-10-30,10.3666666666667,9.42081081081081
08NM247,2024-10-31,10.3666666666667,9.53432432432432
08NM247,2024-11-01,10,9.67166666666667
08NM247,2024-11-02,10.1,9.65150684931507
08NM247,2024-11-03,9.9,9.62846153846154
08NM247,2024-11-04,9.32857142857143,9.372
08NM247,2024-11-05,9.15,7.78916666666667
08NM247,2024-11-06,8.95,7.55
08NM247,2024-11-07,8.8,7.4904
08NM247,2024-11-08,8.6,7.26166666666667
08NM247,2024-11-09,8.5,7.2264
08NM247,2024-11-10,8.4,7.2325
08NM247,2024-11-11,8.3,7.3528
08NM247,2024-11-12,8.25714285714286,7.14847058823529
08NM247,2024-11-13,8.075,7.28423728813559
08NM247,2024-11-14,8.2,7.1732
08NM247,2024-11-15,8.01428571428571,7.25623529411765
08NM247,2024-11-16,7.45,6.8492
08NM247,2024-11-17,6.9,6.9732
08NM247,2024-11-18,NA,6.91
08NM247,2024-11-19,NA,6.85
08NM247,2024-11-20,NA,6.77041666666667
08NM247,2024-11-21,6.6,6.76458333333333
08NM247,2024-11-22,6.5,6.76333333333333
08NM247,2024-11-23,6.55,6.73958333333333
08NM247,2024-11-24,6.5,6.64666666666667
08NM247,2024-11-25,6.37083333333333,6.71923611111111
08NM247,2024-11-26,6.09166666666667,6.78111111111111
08NM247,2024-11-27,5.95,6.66145833333333
08NM247,2024-11-28,5.70416666666667,6.609375
08NM247,2024-11-29,5.59583333333333,6.58361111111111
08NM247,2024-11-30,5.35,6.3925
08NM247,2024-12-01,5.25,6.5808
08NM247,2024-12-02,4.9,6.5608
08NM247,2024-12-03,4.9,6.4992
08NM247,2024-12-04,4.6,6.50054054054054
08NM247,2024-12-05,4.3,6.46333333333333
08NM247,2024-12-06,4,6.09708333333333
08NM247,2024-12-07,3.9,6.24666666666667
08NM247,2024-12-08,3.9,6.0364
08NM247,2024-12-09,3.6,6.0588
08NM247,2024-12-10,3.5,5.92378378378378
08NM247,2024-12-11,3.46666666666667,5.91351351351351
08NM247,2024-12-12,3.33333333333333,5.91567567567568
08NM247,2024-12-13,3.4,5.85891891891892
08NM247,2024-12-14,3.43333333333333,5.76361111111111
08NM247,2024-12-15,3.3,6.07
08NM247,2024-12-16,3.15,5.9864
08NM247,2024-12-17,3.16666666666667,5.98486486486487
08NM247,2024-12-18,3.33333333333333,6.10459459459459
08NM247,2024-12-19,3.1,6.16675675675676
08NM247,2024-12-20,3.2,6.03
08NM247,2024-12-21,3.13333333333333,6.01405405405405
08NM247,2024-12-22,3.2,6.0272
08NM247,2024-12-23,3.38,6.07606557377049
08NM247,2024-12-24,3.5,6.0884
08NM247,2024-12-25,3.3,5.89194444444444
08NM247,2024-12-26,3.36,6.08333333333333
08NM247,2024-12-27,3.4,6.09125
08NM247,2024-12-28,3.3,6.11888888888889
08NM247,2024-12-29,3.4,6.19527777777778
08NM247,2024-12-30,3.35,6.10291666666667
08NM247,2024-12-31,3.2,6.1179166666666696
08NM247,2025-01-01,3.1,6.1075
08NM247,2025-01-02,3.03333333333333,6.12583333333333
08NM247,2025-01-03,3,6.19333333333333
08NM247,2025-01-04,3.1,6.15458333333333
08NM247,2025-01-05,3.1,6.2025
08NM247,2025-01-06,3.15,6.33166666666667
08NM247,2025-01-07,3,6.11805555555556
08NM247,2025-01-08,2.96666666666667,6.21444444444444
08NM247,2025-01-09,2.8,6.05861111111111
08NM247,2025-01-10,2.73333333333333,6.15166666666667
08NM247,2025-01-11,2.8,6.20833333333333
08NM247,2025-01-12,2.73333333333333,6.28027777777778
08NM247,2025-01-13,2.4,6.18305555555556
08NM247,2025-01-14,2.43333333333333,6.16833333333333
08NM247,2025-01-15,2.46666666666667,6.2258333333333304
08NM247,2025-01-16,2.46666666666667,6.25555555555556
08NM247,2025-01-17,2.4,6.29611111111111
08NM247,2025-01-18,2.03333333333333,6.19972222222222
08NM247,2025-01-19,1.95,6.36611111111111
08NM247,2025-01-20,1.7,6.10138888888889
08NM247,2025-01-21,2,6.09666666666667
08NM247,2025-01-22,2.1,6.14527777777778
08NM247,2025-01-23,2.16666666666667,6.12305555555556
08NM247,2025-01-24,2.3,6.23861111111111
08NM247,2025-01-25,2.26666666666667,6.17972222222222
08NM247,2025-01-26,2.25,6.12576271186441
08NM247,2025-01-27,2.2,6.10611111111111
08NM247,2025-01-28,2.10416666666667,6.08236111111111
08NM247,2025-01-29,1.85833333333333,6.07270833333333
08NM247,2025-01-30,1.8125,6.06111111111111
08NM247,2025-01-31,2.05416666666667,6.08621527777778
08NM247,2025-02-01,2.15,6.12361111111111
08NM247,2025-02-02,2,6.16274305555556
08NM247,2025-02-03,1.84166666666667,6.25482638888889
08NM247,2025-02-04,1.50416666666667,6.18892361111111
08NM247,2025-02-05,1.525,6.12802083333333
08NM247,2025-02-06,1.97083333333333,7.16486111111111
08NM247,2025-02-07,1.94166666666667,7.73878472222222
08NM247,2025-02-08,2.09166666666667,8.0065625
08NM247,2025-02-09,1.79583333333333,8.22024305555555
08NM247,2025-02-10,1.54166666666667,8.32940972222222
08NM247,2025-02-11,1.36666666666667,8.40753472222222
08NM247,2025-02-12,1.43333333333333,8.61625
08NM247,2025-02-13,1.61666666666667,9.19802083333333
08NM247,2025-02-14,1.95833333333333,8.99788194444444
08NM247,2025-02-15,1.77916666666667,8.83090277777778
08NM247,2025-02-16,1.56666666666667,8.7946875
08NM247,2025-02-17,1.4125,8.83142361111111
08NM247,2025-02-18,1.23333333333333,8.76868055555556
08NM247,2025-02-19,1.125,8.70225694444444
08NM247,2025-02-20,1.22916666666667,8.69097222222222
08NM247,2025-02-21,1.34583333333333,8.67857638888889
08NM247,2025-02-22,1.54583333333333,8.63236111111111
08NM247,2025-02-23,1.76666666666667,8.77361111111111
08NM247,2025-02-24,1.875,8.82336805555556
08NM247,2025-02-25,2.09166666666667,8.80701388888889
08NM247,2025-02-26,2.24166666666667,8.79680555555556
08NM247,2025-02-27,2.60833333333333,8.74277777777778
08NM247,2025-02-28,3.04583333333333,8.77555555555556
08NM247,2025-03-01,3.375,8.75215277777778
08NM247,2025-03-02,3.66666666666667,8.78534722222222
08NM247,2025-03-03,3.89166666666667,8.74444444444445
08NM247,2025-03-04,3.95833333333333,8.68645833333333
08NM247,2025-03-05,4.34166666666667,8.69232638888889
08NM247,2025-03-06,4.5125,8.72305555555556
08NM247,2025-03-07,4.68333333333333,8.650625
08NM247,2025-03-08,4.99583333333333,8.58003472222222
08NM247,2025-03-09,4.74583333333333,8.44993055555556
08NM247,2025-03-10,4.49166666666667,8.66315972222222
08NM247,2025-03-11,4.225,8.64809027777778
08NM247,2025-03-12,4.21666666666667,8.59864583333333
08NM247,2025-03-13,4.30416666666667,8.84510416666667
08NM247,2025-03-14,4.275,8.90326388888889
08NM247,2025-03-15,4.38333333333333,8.85583333333333
08NM247,2025-03-16,4.4125,8.83555555555556
08NM247,2025-03-17,4.49583333333333,8.8096875
08NM247,2025-03-18,4.65,8.77711805555556
08NM247,2025-03-19,4.84166666666667,8.6375
08NM247,2025-03-20,4.8,8.58809027777778
08NM247,2025-03-21,5.1125,8.5359375
08NM247,2025-03-22,5.30416666666667,8.69034722222222
08NM247,2025-03-23,5.69166666666667,8.49347222222222
08NM247,2025-03-24,5.77916666666667,8.57315972222222
08NM247,2025-03-25,6.19166666666667,8.58552083333333
08NM247,2025-03-26,6.87916666666667,8.601875
08NM247,2025-03-27,7.12916666666667,8.58475694444444
08NM247,2025-03-28,7.175,8.64895833333333
08NM247,2025-03-29,7.25416666666667,8.82083333333333
08NM247,2025-03-30,7.51666666666667,8.84107638888889
08NM247,2025-03-31,8.14166666666667,8.84364583333333
08NM247,2025-04-01,8.04166666666667,8.99621527777778
08NM247,2025-04-02,8.52083333333333,8.97472222222222
08NM247,2025-04-03,8.57916666666667,8.9534375
08NM247,2025-04-04,8.7125,8.82399305555556
08NM247,2025-04-05,8.94166666666667,8.71440972222222
08NM247,2025-04-06,8.92916666666667,8.72902777777778
08NM247,2025-04-07,9.03333333333333,8.84010416666667
08NM247,2025-04-08,8.9625,8.86798611111111
08NM247,2025-04-09,9.0125,8.82690972222222
08NM247,2025-04-10,9.13333333333333,8.70791666666667
08NM247,2025-04-11,9.3125,8.74184027777778
08NM247,2025-04-12,9.76666666666667,8.84267361111111
08NM247,2025-04-13,9.67083333333333,8.73135416666667
08NM247,2025-04-14,10.7416666666667,8.58493055555556
08NM247,2025-04-15,10.320833333333301,8.5790625
08NM247,2025-04-16,10.6166666666667,8.94649305555556
08NM247,2025-04-17,10.4833333333333,8.92836805555556
08NM247,2025-04-18,10.820833333333301,8.77166666666667
08NM247,2025-04-19,10.9708333333333,8.83694444444444
08NM247,2025-04-20,11.2833333333333,9.03284722222222
08NM247,2025-04-21,11.3125,9.16076388888889
08NM247,2025-04-22,11.3083333333333,9.04503472222222
08NM247,2025-04-23,11.6041666666667,9.46197916666667
08NM247,2025-04-24,11.9916666666667,10.6725694444444
08NM247,2025-04-25,12.5208333333333,10.5538194444444
08NM247,2025-04-26,12.8416666666667,10.5923611111111
08NM247,2025-04-27,13.5041666666667,10.6868055555556
08NM247,2025-04-28,13.5458333333333,10.6989583333333
08NM247,2025-04-29,13.4333333333333,10.7975694444444
08NM247,2025-04-30,13.695833333333301,10.8065972222222
08NM247,2025-05-01,14.2083333333333,11.9670138888889
08NM247,2025-05-02,14.0666666666667,11.6760416666667
08NM247,2025-05-03,14.3666666666667,11.6315972222222
08NM247,2025-05-04,14.35,11.8829861111111
08NM247,2025-05-05,14.445833333333301,11.9663194444444
08NM247,2025-05-06,14.8375,11.6861111111111
08NM247,2025-05-07,14.4833333333333,11.4857638888889
08NM247,2025-05-08,14.3916666666667,11.8798611111111
08NM247,2025-05-09,14.8,15.2503472222222
08NM247,2025-05-10,14.3791666666667,17.9586805555556
08NM247,2025-05-11,14.2125,17.5350694444444
08NM247,2025-05-12,14.1083333333333,17.4770833333333
08NM247,2025-05-13,14.7333333333333,17.6256944444444
08NM247,2025-05-14,15.1708333333333,17.6086805555556
08NM247,2025-05-15,15.2333333333333,17.4729166666667
08NM247,2025-05-16,15.508333333333301,17.3607638888889
08NM247,2025-05-17,15.2875,17.2166666666667
08NM247,2025-05-18,15.2833333333333,17.5232638888889
08NM247,2025-05-19,15.45,17.4170138888889
08NM247,2025-05-20,14.8375,18.6923611111111
08NM247,2025-05-21,14.9208333333333,25.5677083333333
08NM247,2025-05-22,15.25,26.209375
08NM247,2025-05-23,15.820833333333301,26.2402777777778
08NM247,2025-05-24,15.75,26.0711805555556
08NM247,2025-05-25,16.1166666666667,26.0086805555556
08NM247,2025-05-26,16.5875,26.1670138888889
08NM247,2025-05-27,16.95,28.2430555555556
08NM247,2025-05-28,17.225,34.7434027777778
08NM247,2025-05-29,17.2875,36.8381944444444
08NM247,2025-05-30,17.7958333333333,42.1875
08NM247,2025-05-31,16.75,42.9809027777778
08NM247,2025-06-01,16.5916666666667,43.1753472222222
08NM247,2025-06-02,16.4875,42.9767361111111
08NM247,2025-06-03,16.4208333333333,42.965625
08NM247,2025-06-04,17.2125,42.9194444444444
08NM247,2025-06-05,17.8083333333333,42.7486111111111
08NM247,2025-06-06,19.1375,42.5055555555556
08NM247,2025-06-07,20.15,42.5333333333333
08NM247,2025-06-08,19.8625,42.2961805555556
08NM247,2025-06-09,20.6083333333333,41.4930555555556
08NM247,2025-06-10,21.8416666666667,36.7496527777778
08NM247,2025-06-11,21.6916666666667,35.021875
08NM247,2025-06-12,22.0208333333333,34.7434027777778
08NM247,2025-06-13,21.875,34.7934027777778
08NM247,2025-06-14,21.7041666666667,34.7086805555556
08NM247,2025-06-15,21.2791666666667,34.7392361111111
08NM247,2025-06-16,21.6041666666667,32.6319444444444
08NM247,2025-06-17,21.8041666666667,25.6493055555556
08NM247,2025-06-18,21.6375,24.5513888888889
08NM247,2025-06-19,21.15,22.4506944444444
08NM247,2025-06-20,21.2833333333333,15.6864583333333
08NM247,2025-06-21,20.3833333333333,15.24375
08NM247,2025-06-22,19.9666666666667,15.1170138888889
08NM247,2025-06-23,19.8458333333333,15.2597222222222
08NM247,2025-06-24,20.0916666666667,16.2833333333333
08NM247,2025-06-25,20.2125,17.0493055555556
08NM247,2025-06-26,20.4916666666667,17.1927083333333
08NM247,2025-06-27,20.6583333333333,17.234375
08NM247,2025-06-28,20.7416666666667,17.0885416666667
08NM247,2025-06-29,21.1583333333333,16.8677083333333
08NM247,2025-06-30,21.7083333333333,16.575
08NM247,2025-07-01,22.5833333333333,16.3979166666667
08NM247,2025-07-02,23.225,16.2902777777778
08NM247,2025-07-03,23.1625,16.0881944444444
08NM247,2025-07-04,22.6416666666667,15.9690972222222
08NM247,2025-07-05,22.45,15.7315972222222
08NM247,2025-07-06,22.25,15.7236111111111
08NM247,2025-07-07,22.4875,15.5055555555556
08NM247,2025-07-08,22.8583333333333,15.3368055555556
08NM247,2025-07-09,23.1708333333333,15.3340277777778
08NM247,2025-07-10,22.75,15.0447916666667
08NM247,2025-07-11,22.6333333333333,14.8895833333333
08NM247,2025-07-12,23.1083333333333,14.8725694444444
08NM247,2025-07-13,23.7875,14.8961805555556
08NM247,2025-07-14,24.0791666666667,15.055208333333301
08NM247,2025-07-15,23.1,14.9534722222222
08NM247,2025-07-16,23.0333333333333,14.7284722222222
08NM247,2025-07-17,22.6333333333333,14.1559027777778
08NM247,2025-07-18,22.5458333333333,13.0430555555556
08NM247,2025-07-19,22.5625,13.0173611111111
08NM247,2025-07-20,22.4833333333333,12.9590277777778
08NM247,2025-07-21,22.4708333333333,12.9298611111111
08NM247,2025-07-22,22.4958333333333,13.1520833333333
08NM247,2025-07-23,22.9916666666667,13.1427083333333
08NM247,2025-07-24,23.1333333333333,13.2211805555556
08NM247,2025-07-25,23.7583333333333,13.2538194444444
08NM247,2025-07-26,23.5791666666667,13.1649305555556
08NM247,2025-07-27,23.3708333333333,13.1583333333333
08NM247,2025-07-28,23.0125,13.0954861111111
08NM247,2025-07-29,23.3833333333333,13.1350694444444
08NM247,2025-07-30,23.975,13.128125
08NM247,2025-07-31,24.2708333333333,13.1420138888889
08NM247,2025-08-01,24.3291666666667,13.1190972222222
08NM247,2025-08-02,24.1625,13.164583333333301
08NM247,2025-08-03,24.9333333333333,13.2083333333333
08NM247,2025-08-04,24.5041666666667,13.1427083333333
08NM247,2025-08-05,24.3583333333333,13.1194444444444
08NM247,2025-08-06,23.8541666666667,13.203125
08NM247,2025-08-07,23.3333333333333,13.3013888888889
08NM247,2025-08-08,23.375,13.3128472222222
08NM247,2025-08-09,23.75,13.3440972222222
08NM247,2025-08-10,23.9833333333333,13.2829861111111
08NM247,2025-08-11,24.5416666666667,13.38125
08NM247,2025-08-12,24.075,13.1902777777778
08NM247,2025-08-13,24.5458333333333,13.125
08NM247,2025-08-14,24.075,13.1461805555556
08NM247,2025-08-15,23.7708333333333,13.1513888888889
08NM247,2025-08-16,23.1458333333333,13.3670138888889
08NM247,2025-08-17,23.125,13.5541666666667
08NM247,2025-08-18,22.9125,13.4229166666667
08NM247,2025-08-19,22.8,13.2253472222222
08NM247,2025-08-20,22.8125,13.1378472222222
08NM247,2025-08-21,22.6833333333333,13.0472222222222
08NM247,2025-08-22,22.3083333333333,12.7590277777778
08NM247,2025-08-23,22.2333333333333,12.5111111111111
08NM247,2025-08-24,22.2875,12.3881944444444
08NM247,2025-08-25,22.4625,12.3975694444444
08NM247,2025-08-26,22.625,12.3416666666667
08NM247,2025-08-27,22.6791666666667,12.4527777777778
08NM247,2025-08-28,22.2333333333333,11.9336805555556
08NM247,2025-08-29,22.25,11.7340277777778
08NM247,2025-08-30,22.5208333333333,11.8402777777778
08NM247,2025-08-31,22.5458333333333,11.9215277777778
08NM247,2025-09-01,22.5208333333333,11.8840277777778
08NM247,2025-09-02,22.6208333333333,11.8420138888889
08NM247,2025-09-03,22.7875,12.0378472222222
08NM247,2025-09-04,22.7791666666667,11.4638888888889
08NM247,2025-09-05,22.2875,10.1858333333333
08NM247,2025-09-06,22.1125,9.89086805555556
08NM247,2025-09-07,22.0208333333333,9.81513888888889
08NM247,2025-09-08,21.9125,9.67736111111111
08NM247,2025-09-09,21.9916666666667,9.7471875
08NM247,2025-09-10,21.8208333333333,10.1878125
08NM247,2025-09-11,21.8833333333333,17.9246527777778
08NM247,2025-09-12,21.9875,21.6302083333333
08NM247,2025-09-13,21.8791666666667,11.6131944444444
08NM247,2025-09-14,21.5541666666667,10.1874652777778
08NM247,2025-09-15,21.2791666666667,9.58236111111111
08NM247,2025-09-16,21.5125,9.14545138888889
08NM247,2025-09-17,21.3291666666667,9.01302083333333
08NM247,2025-09-18,21.15,9.13409722222222
08NM247,2025-09-19,20.9458333333333,9.10777777777778
08NM247,2025-09-20,20.7833333333333,8.87027777777778
08NM247,2025-09-21,20.5833333333333,9.02149305555556
08NM247,2025-09-22,20.1625,9.08430555555556
08NM247,2025-09-23,19.7458333333333,9.03319444444444
08NM247,2025-09-24,19.4958333333333,9.09680555555556
08NM247,2025-09-25,19.5083333333333,9.24048611111111
08NM247,2025-09-26,19.1875,9.17041666666667
08NM247,2025-09-27,18.8666666666667,9.16795138888889
08NM247,2025-09-28,18.525,9.25614583333333
08NM247,2025-09-29,18.4291666666667,9.2496875
08NM247,2025-09-30,18.175,9.30350694444444
08NM247,2025-10-01,17.7,9.20697916666667
08NM247,2025-10-02,17.2708333333333,9.27125
08NM247,2025-10-03,16.9583333333333,9.36284722222222
08NM247,2025-10-04,16.9208333333333,9.42329861111111
08NM247,2025-10-05,16.4041666666667,9.44493055555555
08NM247,2025-10-06,16.1458333333333,9.39972222222222
08NM247,2025-10-07,16.0291666666667,9.34829861111111
08NM247,2025-10-08,15.725,9.48944444444444
08NM247,2025-10-09,15.5625,9.21753472222222
08NM247,2025-10-10,15.2083333333333,8.30010416666667
08NM247,2025-10-11,15.1083333333333,8.47451388888889
08NM247,2025-10-12,14.7125,8.74052083333333
08NM247,2025-10-13,13.9791666666667,8.77635416666667
08NM247,2025-10-14,13.4708333333333,8.72559027777778
08NM247,2025-10-15,13.025,8.80493055555556
08NM247,2025-10-16,12.7416666666667,8.85489583333333
08NM247,2025-10-17,12.4916666666667,9.09284722222222
08NM247,2025-10-18,11.9916666666667,9.17357638888889
08NM247,2025-10-19,11.6166666666667,9.32
08NM247,2025-10-20,11.475,9.50267361111111
08NM247,2025-10-21,11.4333333333333,9.46152777777778
08NM247,2025-10-22,11.275,9.45430555555556
08NM247,2025-10-23,11.2,9.44930555555556
08NM247,2025-10-24,11.0875,9.33434027777778
08NM247,2025-10-25,10.9125,9.76701388888889
08NM247,2025-10-26,10.6541666666667,9.63604166666667
08NM247,2025-10-27,10.4416666666667,9.78961805555556
08NM247,2025-10-28,10.0208333333333,9.75868055555556
08NM247,2025-10-29,9.7,10.094270833333301
08NM247,2025-10-30,9.56666666666667,8.9325
08NM247,2025-10-31,9.32083333333333,5.41434027777778
08NM247,2025-11-01,9.0375,5.45284722222222
08NM247,2025-11-02,8.85833333333333,5.66461805555556
08NM247,2025-11-03,8.7125,5.81381944444444
08NM247,2025-11-04,8.5875,5.84232638888889
08NM247,2025-11-05,8.66666666666667,5.83097222222222
08NM247,2025-11-06,8.675,5.84940972222222
08NM247,2025-11-07,8.75833333333333,5.90638888888889
08NM247,2025-11-08,8.45416666666667,5.88777777777778
08NM247,2025-11-09,8.33333333333333,5.8675
08NM247,2025-11-10,8.275,5.81541666666667
08NM247,2025-11-11,8.16666666666667,5.8471875
08NM247,2025-11-12,8.15833333333333,5.87753472222222
08NM247,2025-11-13,8.15,5.83392361111111
08NM247,2025-11-14,8.225,6.00392361111111
08NM247,2025-11-15,8.16666666666667,6.07225694444444
08NM247,2025-11-16,8.22916666666667,6.0203125
08NM247,2025-11-17,8.23333333333333,5.80434027777778
08NM247,2025-11-18,8.225,6.21899305555556
08NM247,2025-11-19,8.05833333333333,6.38013888888889
08NM247,2025-11-20,7.975,6.30215277777778
08NM247,2025-11-21,7.80416666666667,6.17322916666667
08NM247,2025-11-22,7.64166666666667,6.11090277777778
08NM247,2025-11-23,7.525,6.0928125
08NM247,2025-11-24,7.42916666666667,6.13510416666667
08NM247,2025-11-25,7.1,6.02479166666667
08NM247,2025-11-26,6.95,6.00107638888889
08NM247,2025-11-27,6.8875,6.03868055555556
08NM247,2025-11-28,6.4625,6.22246527777778
08NM247,2025-11-29,6.14583333333333,6.03388888888889
08NM247,2025-11-30,5.80833333333333,5.98621527777778
08NM247,2025-12-01,5.69583333333333,5.88253472222222
08NM247,2025-12-02,5.6157894736842104,5.9290625
08NM247,2025-12-03,5.43333333333333,5.88444444444444
08NM247,2025-12-04,5.29166666666667,5.82513888888889
08NM247,2025-12-05,5.14166666666667,5.82788194444444
08NM247,2025-12-06,5.01666666666667,5.86677083333333
08NM247,2025-12-07,4.89583333333333,5.84590277777778
08NM247,2025-12-08,4.99166666666667,5.80805555555556
08NM247,2025-12-09,5.1875,5.84104166666667
08NM247,2025-12-10,5.15833333333333,5.76881944444444
08NM247,2025-12-11,5.20833333333333,5.87350694444444
08NM247,2025-12-12,5.25416666666667,5.85652777777778
08NM247,2025-12-13,5.32083333333333,5.84579861111111
08NM247,2025-12-14,5.31666666666667,5.77944444444444
08NM247,2025-12-15,5.55,5.65336805555556
08NM247,2025-12-16,5.5125,5.83722222222222
08NM247,2025-12-17,5.55416666666667,5.86184027777778
08NM247,2025-12-18,5.225,5.74496527777778
08NM247,2025-12-19,4.95416666666667,5.84600694444444
08NM247,2025-12-20,4.65416666666667,5.80243055555556
08NM247,2025-12-21,4.5125,5.71565972222222
08NM247,2025-12-22,4.425,5.70298611111111
08NM247,2025-12-23,4.3375,5.65065972222222
08NM247,2025-12-24,4.225,5.62555555555556
08NM247,2025-12-25,4.1625,5.72847222222222
08NM247,2025-12-26,4.2,5.63395833333333
08NM247,2025-12-27,3.52083333333333,5.81416666666667
08NM247,2025-12-28,2.525,5.52385416666667
08NM247,2025-12-29,2.50416666666667,5.42517361111111
08NM247,2025-12-30,2.44583333333333,5.41520833333333
08NM247,2025-12-31,2.48333333333333,5.40840277777778
08NM247,2026-01-01,2.55833333333333,5.42229166666667
08NM247,2026-01-02,2.68333333333333,5.44461805555556
08NM247,2026-01-03,2.90833333333333,5.47055555555556
08NM247,2026-01-04,3,5.5271875
08NM247,2026-01-05,3.05416666666667,5.52607638888889
08NM247,2026-01-06,2.98333333333333,5.38524305555555
08NM247,2026-01-07,2.92916666666667,5.43881944444444
08NM247,2026-01-08,2.88333333333333,5.4321875
08NM247,2026-01-09,2.80833333333333,5.38947916666667
08NM247,2026-01-10,2.76666666666667,5.358125
08NM247,2026-01-11,2.86666666666667,5.37642361111111
08NM247,2026-01-12,3.04166666666667,5.33972222222222
08NM247,2026-01-13,3.175,5.36722222222222
08NM247,2026-01-14,3.05833333333333,5.37326388888889
08NM247,2026-01-15,3.16666666666667,5.40618055555556
08NM247,2026-01-16,3.04166666666667,5.41975694444444
08NM247,2026-01-17,2.85416666666667,5.39743055555556
08NM247,2026-01-18,2.7375,5.46996527777778
08NM247,2026-01-19,2.6375,5.368125
08NM247,2026-01-20,2.43333333333333,5.38888888888889
08NM247,2026-01-21,2.30416666666667,5.35694444444444
08NM247,2026-01-22,2.25416666666667,5.3084375
08NM247,2026-01-23,2.09583333333333,5.42722222222222
08NM247,2026-01-24,1.425,5.39326388888889
08NM247,2026-01-25,1.13333333333333,5.23645833333333
08NM247,2026-01-26,1.34583333333333,5.23944444444444
08NM247,2026-01-27,1.57916666666667,5.26375
08NM247,2026-01-28,1.82083333333333,5.28857638888889
08NM247,2026-01-29,2.05416666666667,5.32149305555556
08NM247,2026-01-30,2.19166666666667,5.34684027777778
08NM247,2026-01-31,2.28333333333333,5.40538194444444
08NM247,2026-02-01,2.32916666666667,5.41447916666667
08NM247,2026-02-02,2.46666666666667,5.42600694444444
08NM247,2026-02-03,2.65833333333333,5.42541666666667
08NM247,2026-02-04,2.825,5.42729166666667
08NM247,2026-02-05,2.93333333333333,5.44065972222222
08NM247,2026-02-06,3.15,5.41052083333333
08NM247,2026-02-07,3.12916666666667,5.34479166666667
08NM247,2026-02-08,3.2875,5.39663194444444
08NM247,2026-02-09,3.15833333333333,5.46333333333333
08NM247,2026-02-10,3.29166666666667,5.44184027777778
08NM247,2026-02-11,3.18333333333333,5.43892361111111
08NM247,2026-02-12,3.10416666666667,5.37333333333333
08NM247,2026-02-13,3.44166666666667,5.39145833333333
08NM247,2026-02-14,3.58333333333333,5.37458333333333
08NM247,2026-02-15,3.35416666666667,5.40145833333333
08NM247,2026-02-16,3.375,5.36260416666667
08NM247,2026-02-17,3.3,5.57340277777778
08NM247,2026-02-18,3.125,5.64885416666667
08NM247,2026-02-19,2.425,5.61246527777778
08NM247,2026-02-20,1.62916666666667,5.36017361111111
08NM247,2026-02-21,1.80416666666667,5.28760416666667
08NM247,2026-02-22,1.87083333333333,5.28826388888889
08NM247,2026-02-23,2.32916666666667,5.36260416666667
08NM247,2026-02-24,2.4375,5.45628472222222
08NM247,2026-02-25,2.64583333333333,5.38173611111111
08NM247,2026-02-26,2.95833333333333,5.27357638888889
08NM247,2026-02-27,3.15,5.28479166666667
08NM247,2026-02-28,3.34583333333333,5.30486111111111
08NM247,2026-03-01,3.52916666666667,5.24
08NM247,2026-03-02,3.51666666666667,5.18131944444444
08NM247,2026-03-03,3.67083333333333,5.1553125
08NM247,2026-03-04,3.83333333333333,5.22902777777778
08NM247,2026-03-05,3.95,5.3178125
08NM247,2026-03-06,4.38333333333333,5.24204861111111
08NM247,2026-03-07,4.525,5.22628472222222
08NM247,2026-03-08,4.725,5.34020833333333
08NM247,2026-03-09,4.80833333333333,5.25208333333333
08NM247,2026-03-10,4.60833333333333,5.21402777777778
08NM247,2026-03-11,4.68333333333333,5.13680555555556
08NM247,2026-03-12,4.81666666666667,5.29482638888889
08NM247,2026-03-13,4.8375,5.31885416666667
08NM247,2026-03-14,4.90833333333333,5.37277777777778
08NM247,2026-03-15,4.72083333333333,5.23090277777778
08NM247,2026-03-16,4.62916666666667,5.14201388888889
08NM247,2026-03-17,4.97916666666667,5.24909722222222
08NM247,2026-03-18,5.775,5.29909722222222
08NM247,2026-03-19,6.58333333333333,5.33854166666667
08NM247,2026-03-20,7.03333333333333,5.57614583333333
08NM247,2026-03-21,7.45,6.06118055555556
08NM247,2026-03-22,7.5875,6.230625
08NM247,2026-03-23,7.3875,6.31114583333333
08NM247,2026-03-24,7.40416666666667,6.31440972222222
08NM247,2026-03-25,7.29583333333333,6.51069444444444
08NM247,2026-03-26,7.2375,7.66861111111111
08NM247,2026-03-27,7.34166666666667,7.58836805555556
08NM247,2026-03-28,7.425,7.62899305555556
08NM247,2026-03-29,7.7875,7.62732638888889
08NM247,2026-03-30,7.5625,7.51375
08NM247,2026-03-31,7.90833333333333,7.403125
08NM247,2026-04-01,7.63333333333333,7.3475
08NM247,2026-04-02,7.5875,7.46940972222222
08NM247,2026-04-03,7.79583333333333,7.44208333333333
08NM247,2026-04-04,8.14583333333333,7.39638888888889
08NM247,2026-04-05,8.5375,7.464375
08NM247,2026-04-06,9.3375,7.45541666666667
08NM247,2026-04-07,9.36666666666667,7.45354166666667
08NM247,2026-04-08,9.475,7.20625
08NM247,2026-04-09,9.675,7.17381944444444
08NM247,2026-04-10,10.0666666666667,7.12461805555556
08NM247,2026-04-11,10.4666666666667,7.07902777777778
08NM247,2026-04-12,10.55,7.23288194444444
08NM247,2026-04-13,11.3083333333333,7.40784722222222
08NM247,2026-04-14,11.325,7.63888888888889
08NM247,2026-04-15,10.3083333333333,7.82628472222222
08NM247,2026-04-16,9.875,7.75638888888889
08NM247,2026-04-17,10.1041666666667,7.64034722222222
08NM247,2026-04-18,10.7208333333333,7.40413194444444
08NM247,2026-04-19,10.65,7.24854166666667
08NM247,2026-04-20,11.1291666666667,6.86600694444444
08NM247,2026-04-21,11.6166666666667,6.13416666666667
08NM247,2026-04-22,12.4083333333333,6.15493055555556
08NM247,2026-04-23,12.0791666666667,5.62538194444444
08NM247,2026-04-24,11.5166666666667,4.44347222222222
08NM247,2026-04-25,11.6208333333333,4.40291666666667
08NM247,2026-04-26,11.7791666666667,4.42944444444444
08NM247,2026-04-27,11.9541666666667,4.3475
08NM247,2026-04-28,12.2208333333333,4.37361111111111
08NM247,2026-04-29,13.05,4.37583333333333
08NM247,2026-04-30,14.0333333333333,4.33149305555556
08NM247,2026-05-01,14.2041666666667,4.22402777777778
08NM247,2026-05-02,14.4416666666667,4.27395833333333
08NM247,2026-05-03,15.5333333333333,4.22795138888889
08NM247,2026-05-04,16.4125,3.64427083333333
08NM247,2026-05-05,17.0166666666667,2.6815625
08NM247,2026-05-06,17.4833333333333,2.96753472222222
08NM247,2026-05-07,17.3416666666667,3.21805555555556
08NM247,2026-05-08,17.8208333333333,3.34697916666667
08NM247,2026-05-09,17.4958333333333,3.47569444444444
08NM247,2026-05-10,17.3833333333333,3.51202090592334
08NM247,2026-05-11,17.1041666666667,3.71774305555556
08NM247,2026-05-12,17.8833333333333,3.68637010676157
08NM247,2026-05-13,17.7583333333333,3.68201388888889
08NM247,2026-05-14,17.1791666666667,3.97861111111111
08NM247,2026-05-15,16.975,4.2275
08NM247,2026-05-16,16.2833333333333,4.39423611111111
08NM247,2026-05-17,16.2791666666667,4.53822916666667
08NM247,2026-05-18,16.5333333333333,4.40958333333333
08NM247,2026-05-19,16.5875,4.45038194444444
08NM247,2026-05-20,17.0291666666667,4.5825
08NM247,2026-05-21,17.1708333333333,4.82034722222222
08NM247,2026-05-22,17.6833333333333,5.95291666666667
08NM247,2026-05-23,18.4958333333333,5.81611111111111
08NM247,2026-05-24,18.7666666666667,5.78010416666667
08NM247,2026-05-25,18.6166666666667,5.62875
08NM247,2026-05-26,17.9333333333333,5.64538194444444
08NM247,2026-05-27,18.0166666666667,5.64059027777778
08NM247,2026-05-28,19.0375,5.56236111111111
08NM247,2026-05-29,20.0708333333333,5.69291666666667
08NM247,2026-05-30,18.9875,6.33763888888889
08NM247,2026-05-31,19.3833333333333,6.57590277777778
08NM247,2026-06-01,19.0416666666667,6.64767361111111
08NM247,2026-06-02,18.575,6.47902777777778
08NM247,2026-06-03,19.2041666666667,6.34840277777778
08NM247,2026-06-04,18.9041666666667,6.27229166666667
08NM247,2026-06-05,19.7083333333333,6.10857638888889
08NM247,2026-06-06,19.0208333333333,5.88802083333333
08NM247,2026-06-07,18.5291666666667,5.688125
08NM247,2026-06-08,18.2375,5.60291666666667
08NM247,2026-06-09,17.9333333333333,5.50253472222222
08NM247,2026-06-10,18.0375,5.61184027777778
08NM247,2026-06-11,18.1666666666667,5.55413194444444
08NM247,2026-06-12,18.5458333333333,5.56972222222222
08NM247,2026-06-13,19,5.40628472222222
08NM247,2026-06-14,19.7916666666667,5.28486111111111
08NM247,2026-06-15,20.5833333333333,5.1203125
08NM247,2026-06-16,20.8875,5.1528125
08NM247,2026-06-17,21.2166666666667,5.08201388888889
08NM247,2026-06-18,21.4833333333333,5.09315972222222
08NM247,2026-06-19,21.5666666666667,5.43555555555556
08NM247,2026-06-20,21.5041666666667,6.25336805555556
08NM247,2026-06-21,21.4208333333333,6.16298611111111
08NM247,2026-06-22,21.5666666666667,6.09038194444444
08NM247,2026-06-23,21.7958333333333,6.04899305555556
08NM247,2026-06-24,22.1583333333333,5.98350694444444
08NM247,2026-06-25,22.725,5.92013888888889
08NM247,2026-06-26,21.7833333333333,5.81315972222222
08NM247,2026-06-27,21.6041666666667,6.06402777777778
08NM247,2026-06-28,21.7291666666667,6.15524305555556
08NM247,2026-06-29,21.25,6.24142361111111
08NM247,2026-06-30,21.6333333333333,6.22256944444444
08NM247,2026-07-01,21.625,6.14295138888889
08NM247,2026-07-02,21.65,5.99055555555556
08NM247,2026-07-03,21.5041666666667,5.94850694444444
08NM247,2026-07-04,22.2291666666667,5.88253472222222
08NM247,2026-07-05,22.4791666666667,5.94121527777778
08NM247,2026-07-06,22.3583333333333,5.81045138888889
08NM247,2026-07-07,22.8541666666667,5.84673611111111
08NM247,2026-07-08,22.65,6.03579861111111
08NM247,2026-07-09,23.1166666666667,5.95743055555556
08NM247,2026-07-10,23.5291666666667,5.98670138888889
08NM247,2026-07-11,23.7916666666667,5.95635416666667
08NM247,2026-07-12,22.875,5.89114583333333
08NM247,2026-07-13,22.8416666666667,5.91069444444444
08NM247,2026-07-14,23.025,5.75100694444444
08NM247,2026-07-15,23.0166666666667,5.55756944444444
08NM247,2026-07-16,23.125,5.7471875
08NM247,2026-07-17,24.1125,5.79666666666667
08NM247,2026-07-18,23.3875,5.92802083333333
08NM247,2026-07-19,23.1791666666667,6.01965277777778
08NM247,2026-07-20,23.4458333333333,6.22215277777778
08NM247,2026-07-21,23.6,6.67121527777778
08NM247,2026-07-22,24.4666666666667,6.6909375
08NM247,2026-07-23,24.725,7.035
08NM247,2026-07-24,24.4541666666667,7.83361111111111
08NM247,2026-07-25,24.4041666666667,7.85350694444444
08NM247,2026-07-26,23.5208333333333,7.72979166666667
08NM247,2026-07-27,23.2875,7.70697916666667
08NM247,2026-07-28,23.3608695652174,7.58301754385965
08NM247,2026-07-29,23.2416666666667,7.50423611111111
08NM247,2026-07-30,23.4958333333333,7.3875
08NM247,2026-07-31,23.3458333333333,7.35885416666667
08NM247,2026-08-01,23.2208333333333,7.3671875
08NM247,2026-08-02,22.6583333333333,7.43111111111111
08NM247,2026-08-03,22.425,7.43381944444444
08NM247,2026-08-04,22.2833333333333,7.49190972222222
08NM247,2026-08-05,22.5666666666667,7.34090277777778
08NM247,2026-08-06,22.2791666666667,7.37465277777778
08NM247,2026-08-07,22.4125,7.39121527777778
08NM247,2026-08-08,22.0708333333333,7.43034722222222
08NM247,2026-08-09,21.9875,7.45902777777778
08NM247,2026-08-10,21.9458333333333,7.4625
08NM247,2026-08-11,22.2125,7.4289583333333304
08NM247,2026-08-12,21.9708333333333,7.32319444444444
08NM247,2026-08-13,21.8,7.20194444444444
08NM247,2026-08-14,22.075,7.15850694444444
08NM247,2026-08-15,22.0958333333333,7.10329861111111
08NM247,2026-08-16,22.1083333333333,7.15777777777778
08NM247,2026-08-17,22.4041666666667,7.19166666666667
08NM247,2026-08-18,22.6708333333333,7.19972222222222
08NM247,2026-08-19,22.775,6.96444444444444
08NM247,2026-08-20,23.0416666666667,6.83822916666667
08NM247,2026-08-21,23.3458333333333,6.87232638888889
08NM247,2026-08-22,23.4,6.736875
08NM247,2026-08-23,22.8791666666667,6.99375
08NM247,2026-08-24,22.5916666666667,6.83888888888889
08NM247,2026-08-25,22.8916666666667,6.93010416666667
08NM247,2026-08-26,23.0875,6.96878472222222
08NM247,2026-08-27,22.8619047619048,6.60988
08NM248,2024-10-19,8.35714285714286,0.149957446808511
08NM248,2024-10-20,9.7,0.152727272727273
08NM248,2024-10-21,9.8,0.152545454545455
08NM248,2024-10-22,8.9,0.147954545454545
08NM248,2024-10-23,8.6,0.148117647058824
08NM248,2024-10-24,8.6,0.142818181818182
08NM248,2024-10-25,7.7,0.142705882352941
08NM248,2024-10-26,8.8,0.143090909090909
08NM248,2024-10-27,9.4,0.169272727272727
08NM248,2024-10-28,9.2,0.15847619047619
08NM248,2024-10-29,8.5,0.171863636363636
08NM248,2024-10-30,7.95,0.158941176470588
08NM248,2024-10-31,8.25,0.158617647058824
08NM248,2024-11-01,8,0.155318181818182
08NM248,2024-11-02,8.16,0.162057142857143
08NM248,2024-11-03,7.8,0.154090909090909
08NM248,2024-11-04,7.26666666666667,0.154719512195122
08NM248,2024-11-05,7.8,0.155428571428571
08NM248,2024-11-06,7.3,0.152151515151515
08NM248,2024-11-07,7.65,0.149176470588235
08NM248,2024-11-08,7.5,0.147454545454545
08NM248,2024-11-09,8,0.148090909090909
08NM248,2024-11-10,8.4,0.145318181818182
08NM248,2024-11-11,8.4,0.147181818181818
08NM248,2024-11-12,7.96666666666667,0.143707317073171
08NM248,2024-11-13,8.05,0.152051724137931
08NM248,2024-11-14,8.15,0.150117647058824
08NM248,2024-11-15,6.48571428571429,0.143531914893617
08NM248,2024-11-16,5.9,0.142909090909091
08NM248,2024-11-17,6.2,0.158
08NM248,2024-11-18,6.5,0.152909090909091
08NM248,2024-11-19,5.35,0.147272727272727
08NM248,2024-11-20,6.05,0.146151515151515
08NM248,2024-11-21,6.7,0.146242424242424
08NM248,2024-11-22,6.6,0.148714285714286
08NM248,2024-11-23,7,0.146484848484848
08NM248,2024-11-24,6.9,0.139636363636364
08NM248,2024-11-25,6.18,0.140913194444444
08NM248,2024-11-26,5.20666666666667,0.137208333333333
08NM248,2024-11-27,4.87391304347826,0.1291875
08NM248,2024-11-28,5.23333333333333,0.128256944444444
08NM248,2024-11-29,5.05652173913044,0.127173611111111
08NM248,2024-11-30,5.5,0.127242424242424
08NM248,2024-12-01,5.9,0.126545454545455
08NM248,2024-12-02,4.95,0.1256875
08NM248,2024-12-03,5.25,0.125382352941176
08NM248,2024-12-04,5.3,0.125823529411765
08NM248,2024-12-05,5.2,0.125764705882353
08NM248,2024-12-06,5.35,0.125636363636364
08NM248,2024-12-07,5.6,0.126939393939394
08NM248,2024-12-08,5.65,0.126878787878788
08NM248,2024-12-09,6,0.125190476190476
08NM248,2024-12-10,5.2,0.124153846153846
08NM248,2024-12-11,5.3,0.126
08NM248,2024-12-12,4.65,0.124588235294118
08NM248,2024-12-13,5.45,0.124970588235294
08NM248,2024-12-14,6.25,0.124636363636364
08NM248,2024-12-15,5.7,0.121764705882353
08NM248,2024-12-16,4.75,0.123588235294118
08NM248,2024-12-17,5.45,0.126411764705882
08NM248,2024-12-18,5.15,0.151823529411765
08NM248,2024-12-19,4.95,0.145529411764706
08NM248,2024-12-20,5.2,0.14569696969697
08NM248,2024-12-21,5.6,0.155235294117647
08NM248,2024-12-22,5.15,0.178735294117647
08NM248,2024-12-23,5.16,0.16559375
08NM248,2024-12-24,6,0.164852941176471
08NM248,2024-12-25,4.95,0.15971875
08NM248,2024-12-26,5.7,0.158058823529412
08NM248,2024-12-27,5.35,0.155875
08NM248,2024-12-28,5.45,0.1601875
08NM248,2024-12-29,5.5,0.15534375
08NM248,2024-12-30,5.95,0.1554375
08NM248,2024-12-31,6,0.156235294117647
08NM248,2025-01-01,5.45,0.153176470588235
08NM248,2025-01-02,5,0.150411764705882
08NM248,2025-01-03,5.05,0.149529411764706
08NM248,2025-01-04,5.45,0.150235294117647
08NM248,2025-01-05,5.95,0.149705882352941
08NM248,2025-01-06,6.2,0.149
08NM248,2025-01-07,5.9,0.149470588235294
08NM248,2025-01-08,5.65,0.151
08NM248,2025-01-09,5.65,0.149176470588235
08NM248,2025-01-10,5.25,0.15240625
08NM248,2025-01-11,6.35,0.1494375
08NM248,2025-01-12,6.15,0.1501875
08NM248,2025-01-13,4.85,0.149
08NM248,2025-01-14,4.9,0.144744186046512
08NM248,2025-01-15,5,0.144363636363636
08NM248,2025-01-16,4.46666666666667,0.142840909090909
08NM248,2025-01-17,4.75,0.13925
08NM248,2025-01-18,3.76666666666667,0.136954545454545
08NM248,2025-01-19,3.7,0.127731343283582
08NM248,2025-01-20,3.53333333333333,0.122860465116279
08NM248,2025-01-21,4.06666666666667,0.127325581395349
08NM248,2025-01-22,3.9,0.12209375
08NM248,2025-01-23,3.9,0.114863636363636
08NM248,2025-01-24,4.35,0.11734375
08NM248,2025-01-25,4.1,0.116636363636364
08NM248,2025-01-26,3.3,0.120309090909091
08NM248,2025-01-27,3.3,0.11534375
08NM248,2025-01-28,3.23333333333333,0.114659722222222
08NM248,2025-01-29,2.96666666666667,0.112388888888889
08NM248,2025-01-30,3.47083333333333,0.114225694444444
08NM248,2025-01-31,4.29583333333333,0.115121527777778
08NM248,2025-02-01,4.54166666666667,0.118965277777778
08NM248,2025-02-02,3.52083333333333,0.121465277777778
08NM248,2025-02-03,1.75416666666667,0.111204861111111
08NM248,2025-02-04,1.14583333333333,0.118083333333333
08NM248,2025-02-05,1.05416666666667,0.112
08NM248,2025-02-06,1.4,0.111524305555556
08NM248,2025-02-07,0.9375,0.109913194444444
08NM248,2025-02-08,1.37916666666667,0.106690972222222
08NM248,2025-02-09,1.09583333333333,0.108256944444444
08NM248,2025-02-10,1.75833333333333,0.108902777777778
08NM248,2025-02-11,0.895833333333333,0.105614583333333
08NM248,2025-02-12,0.729166666666667,0.101427083333333
08NM248,2025-02-13,0.891304347826087,0.0987013888888889
08NM248,2025-02-14,2.40416666666667,0.102881944444444
08NM248,2025-02-15,2.80416666666667,0.105340277777778
08NM248,2025-02-16,3.75,0.108253472222222
08NM248,2025-02-17,4.24166666666667,0.109600694444444
08NM248,2025-02-18,4.22083333333333,0.110017361111111
08NM248,2025-02-19,4.58636363636364,0.112524305555556
08NM248,2025-02-20,5.0875,0.115333333333333
08NM248,2025-02-21,5.09583333333333,0.117552083333333
08NM248,2025-02-22,5.0047619047619,0.120958333333333
08NM248,2025-02-23,5.0875,0.131444444444444
08NM248,2025-02-24,4.22727272727273,0.188677083333333
08NM248,2025-02-25,4.39130434782609,0.161604166666667
08NM248,2025-02-26,4.56666666666667,0.154013888888889
08NM248,2025-02-27,3.8,0.161777777777778
08NM248,2025-02-28,5.33636363636364,0.152548611111111
08NM248,2025-03-01,5.42608695652174,0.160451388888889
08NM248,2025-03-02,5.6625,0.153625
08NM248,2025-03-03,5.92608695652174,0.148569444444444
08NM248,2025-03-04,5.49130434782609,0.14271875
08NM248,2025-03-05,6.09583333333333,0.140927083333333
08NM248,2025-03-06,6.3875,0.141732638888889
08NM248,2025-03-07,5.925,0.141083333333333
08NM248,2025-03-08,6.39166666666667,0.139361111111111
08NM248,2025-03-09,6.43333333333333,0.138868055555556
08NM248,2025-03-10,7.00833333333333,0.140024305555556
08NM248,2025-03-11,6.15833333333333,0.136861111111111
08NM248,2025-03-12,6.0375,0.136684027777778
08NM248,2025-03-13,6.00416666666667,0.167322916666667
08NM248,2025-03-14,4.97083333333333,0.205215277777778
08NM248,2025-03-15,5.29583333333333,0.180958333333333
08NM248,2025-03-16,5.16666666666667,0.178642361111111
08NM248,2025-03-17,5.54583333333333,0.175381944444444
08NM248,2025-03-18,6.0125,0.169378472222222
08NM248,2025-03-19,5.72916666666667,0.165611111111111
08NM248,2025-03-20,6.25833333333333,0.165732638888889
08NM248,2025-03-21,7.05416666666667,0.164805555555556
08NM248,2025-03-22,6.8,0.1639375
08NM248,2025-03-23,6.475,0.169128472222222
08NM248,2025-03-24,5.66666666666667,0.195256944444444
08NM248,2025-03-25,7.35416666666667,0.188993055555556
08NM248,2025-03-26,8.14347826086957,0.204663194444444
08NM248,2025-03-27,8.37083333333333,0.226850694444444
08NM248,2025-03-28,7.70416666666667,0.268854166666667
08NM248,2025-03-29,6.7875,0.331317073170732
08NM248,2025-03-30,6.07916666666667,0.363590277777778
08NM248,2025-03-31,6.22916666666667,0.386114583333333
08NM248,2025-04-01,5.74583333333333,0.454111111111111
08NM248,2025-04-02,6.66086956521739,0.480715277777778
08NM248,2025-04-03,5.9375,0.506243055555556
08NM248,2025-04-04,5.47916666666667,0.487121527777778
08NM248,2025-04-05,5.7875,0.485045138888889
08NM248,2025-04-06,6.54166666666667,0.5301875
08NM248,2025-04-07,7.2,0.771628472222222
08NM248,2025-04-08,4.875,1.96128472222222
08NM248,2025-04-09,4.9125,2.11284722222222
08NM248,2025-04-10,5.19583333333333,1.839375
08NM248,2025-04-11,5.3304347826087,1.85475694444444
08NM248,2025-04-12,5.02916666666667,2.05357638888889
08NM248,2025-04-13,4.14166666666667,1.81736111111111
08NM248,2025-04-14,4.62083333333333,1.58572916666667
08NM248,2025-04-15,5.6375,1.48420138888889
08NM248,2025-04-16,6.3625,1.54020833333333
08NM248,2025-04-17,5.0875,1.45642361111111
08NM248,2025-04-18,5.50416666666667,1.33368055555556
08NM248,2025-04-19,7.1875,1.33756944444444
08NM248,2025-04-20,6.64583333333333,1.47708333333333
08NM248,2025-04-21,6.17916666666667,1.44375
08NM248,2025-04-22,5.3625,1.31430555555556
08NM248,2025-04-23,5.65,1.18743055555556
08NM248,2025-04-24,6.78260869565217,1.11277777777778
08NM248,2025-04-25,7.40833333333333,1.08131944444444
08NM248,2025-04-26,8.02173913043478,1.10333333333333
08NM248,2025-04-27,8.5375,1.10798611111111
08NM248,2025-04-28,7.98333333333333,1.13454861111111
08NM248,2025-04-29,7.23333333333333,1.25600694444444
08NM248,2025-04-30,7.4625,1.28836805555556
08NM248,2025-05-01,8.075,1.24149305555556
08NM248,2025-05-02,8.95833333333333,1.18607638888889
08NM248,2025-05-03,9.83333333333333,1.16159722222222
08NM248,2025-05-04,8.21666666666667,1.19222222222222
08NM248,2025-05-05,7.39166666666667,1.10871527777778
08NM248,2025-05-06,8.15,1.04286111111111
08NM248,2025-05-07,9.22916666666667,0.992225694444444
08NM248,2025-05-08,9.29166666666667,0.969524305555556
08NM248,2025-05-09,8.88333333333333,0.896225694444444
08NM248,2025-05-10,8.95,0.867277777777778
08NM248,2025-05-11,8.55833333333333,0.805006944444444
08NM248,2025-05-12,8.9125,0.817909722222222
08NM248,2025-05-13,9.14583333333333,0.951857638888889
08NM248,2025-05-14,9.75833333333333,0.881677083333333
08NM248,2025-05-15,9.05,0.861822916666667
08NM248,2025-05-16,9.4625,0.812315972222222
08NM248,2025-05-17,9.3625,0.796222222222222
08NM248,2025-05-18,8.8875,0.9378125
08NM248,2025-05-19,8.5875,0.959597222222222
08NM248,2025-05-20,8.43333333333333,0.938972222222222
08NM248,2025-05-21,9.11666666666667,0.874989583333333
08NM248,2025-05-22,9.56666666666667,0.827861111111111
08NM248,2025-05-23,10.0833333333333,0.735961805555556
08NM248,2025-05-24,10.570833333333301,0.684319444444444
08NM248,2025-05-25,11.3708333333333,0.643822916666667
08NM248,2025-05-26,12.1666666666667,0.628371527777778
08NM248,2025-05-27,10.7875,0.697302816901408
08NM248,2025-05-28,11.1791666666667,0.631638888888889
08NM248,2025-05-29,12.5333333333333,0.604492700729927
08NM248,2025-05-30,11.275,0.628989583333333
08NM248,2025-05-31,11.925,0.568802083333333
08NM248,2025-06-01,11.195833333333301,0.539520833333333
08NM248,2025-06-02,10.2875,0.516849816849817
08NM248,2025-06-03,10.7958333333333,0.477381944444444
08NM248,2025-06-04,11.4625,0.459760416666667
08NM248,2025-06-05,11.7833333333333,0.422822916666667
08NM248,2025-06-06,12.5666666666667,0.403791666666667
08NM248,2025-06-07,12.4375,0.383697916666667
08NM248,2025-06-08,12.6208333333333,0.365173611111111
08NM248,2025-06-09,13.1583333333333,0.371486111111111
08NM248,2025-06-10,13.3666666666667,0.344493055555556
08NM248,2025-06-11,13.4130434782609,0.330211805555556
08NM248,2025-06-12,13.7458333333333,0.320777777777778
08NM248,2025-06-13,13.2291666666667,0.322645833333333
08NM248,2025-06-14,12.4916666666667,0.322086805555556
08NM248,2025-06-15,12.2833333333333,0.325128472222222
08NM248,2025-06-16,12.6173913043478,0.31290625
08NM248,2025-06-17,12.404347826087,0.286097222222222
08NM248,2025-06-18,12.6083333333333,0.273708333333333
08NM248,2025-06-19,11.7708333333333,0.28984375
08NM248,2025-06-20,11.9,0.287163194444444
08NM248,2025-06-21,10.9916666666667,0.329517361111111
08NM248,2025-06-22,10.9478260869565,0.342697916666667
08NM248,2025-06-23,11.2708333333333,0.332628472222222
08NM248,2025-06-24,11.2708333333333,0.332357638888889
08NM248,2025-06-25,12.1916666666667,0.3201875
08NM248,2025-06-26,12.2869565217391,0.298940972222222
08NM248,2025-06-27,12.320833333333301,0.284225694444444
08NM248,2025-06-28,12.075,0.277850694444444
08NM248,2025-06-29,12.5333333333333,0.265260416666667
08NM248,2025-06-30,13.0416666666667,0.25621527777777803
08NM248,2025-07-01,13.570833333333301,0.241340277777778
08NM248,2025-07-02,13.9041666666667,0.209791666666667
08NM248,2025-07-03,13.3416666666667,0.196833333333333
08NM248,2025-07-04,12.6125,0.192958333333333
08NM248,2025-07-05,13.0833333333333,0.185381944444444
08NM248,2025-07-06,13.3541666666667,0.181190972222222
08NM248,2025-07-07,12.9625,0.196114583333333
08NM248,2025-07-08,13.4041666666667,0.189923611111111
08NM248,2025-07-09,13.6791666666667,0.189041666666667
08NM248,2025-07-10,12.7708333333333,0.273791666666667
08NM248,2025-07-11,12.5208333333333,0.229684027777778
08NM248,2025-07-12,13.55,0.186638888888889
08NM248,2025-07-13,14.3708333333333,0.161274305555556
08NM248,2025-07-14,14.2083333333333,0.167121527777778
08NM248,2025-07-15,13.1291666666667,0.175951219512195
08NM248,2025-07-16,13.75,0.162225694444444
08NM248,2025-07-17,13.9,0.149131944444444
08NM248,2025-07-18,13.6083333333333,0.15381597222222201
08NM248,2025-07-19,12.8916666666667,0.1734375
08NM248,2025-07-20,12.775,0.188871527777778
08NM248,2025-07-21,13.2458333333333,0.197059027777778
08NM248,2025-07-22,14.0958333333333,0.325586805555556
08NM248,2025-07-23,13.9041666666667,0.279739583333333
08NM248,2025-07-24,13.975,0.213416666666667
08NM248,2025-07-25,14.2166666666667,0.165486111111111
08NM248,2025-07-26,13.2625,0.15971875
08NM248,2025-07-27,13.6625,0.155746527777778
08NM248,2025-07-28,13.4625,0.165701388888889
08NM248,2025-07-29,14.1666666666667,0.142670138888889
08NM248,2025-07-30,14.633333333333301,0.128496527777778
08NM248,2025-07-31,14.7416666666667,0.122753472222222
08NM248,2025-08-01,15.1125,0.121229166666667
08NM248,2025-08-02,14.5208333333333,0.124725694444444
08NM248,2025-08-03,14.3416666666667,0.132239583333333
08NM248,2025-08-04,14.2208333333333,0.167965277777778
08NM248,2025-08-05,13.570833333333301,0.122607638888889
08NM248,2025-08-06,13.9333333333333,0.116944444444444
08NM248,2025-08-07,13.0041666666667,0.147225694444444
08NM248,2025-08-08,13.1666666666667,0.141510416666667
08NM248,2025-08-09,13.275,0.157427083333333
08NM248,2025-08-10,13.5666666666667,0.158083333333333
08NM248,2025-08-11,14.2125,0.182239583333333
08NM248,2025-08-12,13.875,0.122239583333333
08NM248,2025-08-13,14.3458333333333,0.118270833333333
08NM248,2025-08-14,13.504347826087,0.123805555555556
08NM248,2025-08-15,13.404347826087,0.125177083333333
08NM248,2025-08-16,13.125,0.148288194444444
08NM248,2025-08-17,12.9166666666667,0.163197916666667
08NM248,2025-08-18,12.5958333333333,0.151496527777778
08NM248,2025-08-19,12.9083333333333,0.125114583333333
08NM248,2025-08-20,12.6166666666667,0.122930555555556
08NM248,2025-08-21,12.5291666666667,0.118875
08NM248,2025-08-22,12.4291666666667,0.122722222222222
08NM248,2025-08-23,12.4125,0.1341875
08NM248,2025-08-24,12.6875,0.135763888888889
08NM248,2025-08-25,13.0666666666667,0.1473125
08NM248,2025-08-26,13.5916666666667,0.122305555555556
08NM248,2025-08-27,13.5583333333333,0.113954861111111
08NM248,2025-08-28,13.3291666666667,0.118659722222222
08NM248,2025-08-29,13.7708333333333,0.115246527777778
08NM248,2025-08-30,13.775,0.116934027777778
08NM248,2025-08-31,13.445833333333301,0.115194444444444
08NM248,2025-09-01,13.25,0.153725694444444
08NM248,2025-09-02,13.2625,0.138725694444444
08NM248,2025-09-03,13.8333333333333,0.100090277777778
08NM248,2025-09-04,13.6909090909091,0.102517361111111
08NM248,2025-09-05,12.6041666666667,0.106982638888889
08NM248,2025-09-06,13.0347826086957,0.117940972222222
08NM248,2025-09-07,13.0695652173913,0.122277777777778
08NM248,2025-09-08,13.1291666666667,0.156489583333333
08NM248,2025-09-09,12.6541666666667,0.139517361111111
08NM248,2025-09-10,12.6583333333333,0.111791666666667
08NM248,2025-09-11,12.9666666666667,0.107766550522648
08NM248,2025-09-12,12.9583333333333,0.110697916666667
08NM248,2025-09-13,13.0541666666667,0.113520833333333
08NM248,2025-09-14,13.2875,0.115517361111111
08NM248,2025-09-15,12.6583333333333,0.135729166666667
08NM248,2025-09-16,12.7652173913043,0.112607638888889
08NM248,2025-09-17,13.1291666666667,0.105
08NM248,2025-09-18,12.8583333333333,0.100288194444444
08NM248,2025-09-19,12.1375,0.0998263888888889
08NM248,2025-09-20,11.7,0.129663194444444
08NM248,2025-09-21,12.1666666666667,0.136704861111111
08NM248,2025-09-22,11.0208333333333,0.136836805555556
08NM248,2025-09-23,11.1695652173913,0.135236111111111
08NM248,2025-09-24,11.1916666666667,0.134472222222222
08NM248,2025-09-25,11.2208333333333,0.133076388888889
08NM248,2025-09-26,10.325,0.135288194444444
08NM248,2025-09-27,10.825,0.135729166666667
08NM248,2025-09-28,11.0869565217391,0.136805555555556
08NM248,2025-09-29,11.0958333333333,0.137288194444444
08NM248,2025-09-30,11.2916666666667,0.142614583333333
08NM248,2025-10-01,11.0304347826087,0.140076388888889
08NM248,2025-10-02,10.704347826087,0.134399305555556
08NM248,2025-10-03,10.1041666666667,0.134590277777778
08NM248,2025-10-04,10.2083333333333,0.133489583333333
08NM248,2025-10-05,9.2625,0.131288194444444
08NM248,2025-10-06,9.64347826086957,0.134239583333333
08NM248,2025-10-07,9.5695652173913,0.135524305555556
08NM248,2025-10-08,10.0583333333333,0.132097222222222
08NM248,2025-10-09,9.79166666666667,0.130381944444444
08NM248,2025-10-10,9.49166666666667,0.131159722222222
08NM248,2025-10-11,9.59583333333333,0.130013888888889
08NM248,2025-10-12,8.7,0.129552083333333
08NM248,2025-10-13,7.92916666666667,0.128076388888889
08NM248,2025-10-14,7.075,0.127131944444444
08NM248,2025-10-15,6.9375,0.129791666666667
08NM248,2025-10-16,7.08260869565217,0.130975694444444
08NM248,2025-10-17,7.90416666666667,0.128704861111111
08NM248,2025-10-18,7.67916666666667,0.129232638888889
08NM248,2025-10-19,8.11666666666667,0.1335625
08NM248,2025-10-20,8.49583333333333,0.132003472222222
08NM248,2025-10-21,8.69166666666667,0.127482638888889
08NM248,2025-10-22,8.37083333333333,0.126659722222222
08NM248,2025-10-23,8.4375,0.126940972222222
08NM248,2025-10-24,9,0.12446875
08NM248,2025-10-25,8.8625,0.1323125
08NM248,2025-10-26,8.54583333333333,0.133180555555556
08NM248,2025-10-27,8,0.128878472222222
08NM248,2025-10-28,7.34583333333333,0.128461805555556
08NM248,2025-10-29,7.8,0.133847222222222
08NM248,2025-10-30,7.675,0.134923611111111
08NM248,2025-10-31,7.14583333333333,0.136125
08NM248,2025-11-01,7.8375,0.138010416666667
08NM248,2025-11-02,7.77083333333333,0.142197916666667
08NM248,2025-11-03,7.40416666666667,0.142291666666667
08NM248,2025-11-04,6.5,0.145052083333333
08NM248,2025-11-05,6.6125,0.157989583333333
08NM248,2025-11-06,7.34166666666667,0.160274305555556
08NM248,2025-11-07,8.09583333333333,0.166145833333333
08NM248,2025-11-08,7.075,0.164
08NM248,2025-11-09,7.61666666666667,0.159375
08NM248,2025-11-10,7.69166666666667,0.158013888888889
08NM248,2025-11-11,7.8875,0.155954861111111
08NM248,2025-11-12,7.24583333333333,0.152711805555556
08NM248,2025-11-13,7.87916666666667,0.1515
08NM248,2025-11-14,8.1125,0.153590277777778
08NM248,2025-11-15,7.8,0.155965277777778
08NM248,2025-11-16,8.06666666666667,0.156725694444444
08NM248,2025-11-17,8.52916666666667,0.154204861111111
08NM248,2025-11-18,8.68333333333333,0.165083333333333
08NM248,2025-11-19,7.57083333333333,0.163829861111111
08NM248,2025-11-20,7.2875,0.156649305555556
08NM248,2025-11-21,6.725,0.1545
08NM248,2025-11-22,6.95416666666667,0.154243055555556
08NM248,2025-11-23,7.60416666666667,0.154375
08NM248,2025-11-24,7.475,0.154517361111111
08NM248,2025-11-25,6.22916666666667,0.156899305555556
08NM248,2025-11-26,6.3125,0.1530625
08NM248,2025-11-27,6.4375,0.152989583333333
08NM248,2025-11-28,5.75217391304348,0.1595
08NM248,2025-11-29,5.23333333333333,0.153930555555556
08NM248,2025-11-30,4.95416666666667,0.146756944444444
08NM248,2025-12-01,5.17083333333333,0.144684027777778
08NM248,2025-12-02,5.03333333333333,0.147913194444444
08NM248,2025-12-03,5.675,0.144857638888889
08NM248,2025-12-04,5.78333333333333,0.149420138888889
08NM248,2025-12-05,5.87083333333333,0.151777777777778
08NM248,2025-12-06,5.6125,0.152552083333333
08NM248,2025-12-07,5.36666666666667,0.147795138888889
08NM248,2025-12-08,5.81666666666667,0.141243055555556
08NM248,2025-12-09,6.49583333333333,0.144465277777778
08NM248,2025-12-10,6.6,0.150881944444444
08NM248,2025-12-11,6.64347826086957,0.181472222222222
08NM248,2025-12-12,6.51666666666667,0.170489583333333
08NM248,2025-12-13,6.0875,0.184184027777778
08NM248,2025-12-14,5.73333333333333,0.1719375
08NM248,2025-12-15,6.80833333333333,0.155041666666667
08NM248,2025-12-16,6.89583333333333,0.15203125
08NM248,2025-12-17,6.7047619047619,0.174798611111111
08NM248,2025-12-18,5.875,0.223729166666667
08NM248,2025-12-19,5.3875,0.181850694444444
08NM248,2025-12-20,5.31666666666667,0.163034722222222
08NM248,2025-12-21,5.25416666666667,0.153430555555556
08NM248,2025-12-22,4.97083333333333,0.147038194444444
08NM248,2025-12-23,4.925,0.142954861111111
08NM248,2025-12-24,5.13478260869565,0.140104166666667
08NM248,2025-12-25,5.1695652173913,0.138409722222222
08NM248,2025-12-26,4.93636363636364,0.138579861111111
08NM248,2025-12-27,3.30416666666667,0.129815972222222
08NM248,2025-12-28,1.67083333333333,0.116791666666667
08NM248,2025-12-29,2.97083333333333,0.119048611111111
08NM248,2025-12-30,3.09166666666667,0.121184027777778
08NM248,2025-12-31,3.975,0.122399305555556
08NM248,2026-01-01,3.65416666666667,0.125409722222222
08NM248,2026-01-02,4.00833333333333,0.122569444444444
08NM248,2026-01-03,4.65,0.12615625
08NM248,2026-01-04,4.94583333333333,0.128618055555556
08NM248,2026-01-05,4.76666666666667,0.126836805555556
08NM248,2026-01-06,4.8125,0.124194444444444
08NM248,2026-01-07,4.62916666666667,0.125284722222222
08NM248,2026-01-08,4.49166666666667,0.123614583333333
08NM248,2026-01-09,4.71666666666667,0.1235
08NM248,2026-01-10,5.05833333333333,0.122694444444444
08NM248,2026-01-11,4.94347826086956,0.129555555555556
08NM248,2026-01-12,5.29583333333333,0.131763888888889
08NM248,2026-01-13,5.74347826086957,0.144291666666667
08NM248,2026-01-14,5.82083333333333,0.152854166666667
08NM248,2026-01-15,5.89166666666667,0.157291666666667
08NM248,2026-01-16,4.8875,0.14559375
08NM248,2026-01-17,4.56666666666667,0.138552083333333
08NM248,2026-01-18,4.44583333333333,0.135118055555556
08NM248,2026-01-19,4.24583333333333,0.132965277777778
08NM248,2026-01-20,4.2,0.132753472222222
08NM248,2026-01-21,4.42608695652174,0.131638888888889
08NM248,2026-01-22,4.225,0.131722222222222
08NM248,2026-01-23,3.94583333333333,0.130197916666667
08NM248,2026-01-24,2.60833333333333,0.115934027777778
08NM248,2026-01-25,2.2375,0.11225
08NM248,2026-01-26,2.54166666666667,0.115215277777778
08NM248,2026-01-27,3.72083333333333,0.119434027777778
08NM248,2026-01-28,4.30416666666667,0.121600694444444
08NM248,2026-01-29,5.11666666666667,0.126569444444444
08NM248,2026-01-30,5.225,0.132961805555556
08NM248,2026-01-31,5.13333333333333,0.132597222222222
08NM248,2026-02-01,5.75416666666667,0.140715277777778
08NM248,2026-02-02,5.225,0.139621527777778
08NM248,2026-02-03,5.95416666666667,0.137895833333333
08NM248,2026-02-04,6.19583333333333,0.139628472222222
08NM248,2026-02-05,5.46666666666667,0.139538194444444
08NM248,2026-02-06,6.05833333333333,0.14021875
08NM248,2026-02-07,6.20833333333333,0.140822916666667
08NM248,2026-02-08,5.74583333333333,0.142
08NM248,2026-02-09,5.17083333333333,0.141180555555556
08NM248,2026-02-10,5.3375,0.140256944444444
08NM248,2026-02-11,5.4375,0.140517361111111
08NM248,2026-02-12,5.075,0.14065625
08NM248,2026-02-13,5.56666666666667,0.140427083333333
08NM248,2026-02-14,5.99166666666667,0.147138888888889
08NM248,2026-02-15,5.10833333333333,0.147024305555556
08NM248,2026-02-16,5.11304347826087,0.148795138888889
08NM248,2026-02-17,5.01666666666667,0.152340277777778
08NM248,2026-02-18,4.37916666666667,0.15153125
08NM248,2026-02-19,2.74583333333333,0.138395833333333
08NM248,2026-02-20,1.59583333333333,0.138486111111111
08NM248,2026-02-21,3.11666666666667,0.14346875
08NM248,2026-02-22,4.30416666666667,0.1455
08NM248,2026-02-23,4.88333333333333,0.150402777777778
08NM248,2026-02-24,4.81739130434783,0.152680555555556
08NM248,2026-02-25,4.80833333333333,0.150961805555556
08NM248,2026-02-26,5.9,0.152201388888889
08NM248,2026-02-27,6.7,0.155555555555556
08NM248,2026-02-28,6.725,0.157055555555556
08NM248,2026-03-01,5.60833333333333,0.158798611111111
08NM248,2026-03-02,5.47826086956522,0.157475694444444
08NM248,2026-03-03,5.86666666666667,0.158107638888889
08NM248,2026-03-04,6.49166666666667,0.160555555555556
08NM248,2026-03-05,6.73333333333333,0.166423611111111
08NM248,2026-03-06,7.07916666666667,0.163326388888889
08NM248,2026-03-07,7.8125,0.164125
08NM248,2026-03-08,8.22916666666667,0.171399305555556
08NM248,2026-03-09,6.225,0.198510416666667
08NM248,2026-03-10,5.30833333333333,0.190461805555556
08NM248,2026-03-11,5.5,0.182708333333333
08NM248,2026-03-12,5.26190476190476,0.193548611111111
08NM248,2026-03-13,5.10416666666667,0.190059027777778
08NM248,2026-03-14,5.3625,0.188180555555556
08NM248,2026-03-15,4.3125,0.183847222222222
08NM248,2026-03-16,4.20416666666667,0.188100694444444
08NM248,2026-03-17,5.2875,0.194618055555556
08NM248,2026-03-18,6.9125,0.244951388888889
08NM248,2026-03-19,8.17916666666667,0.243225694444444
08NM248,2026-03-20,8.42083333333333,0.311
08NM248,2026-03-21,7.12083333333333,0.484107638888889
08NM248,2026-03-22,5.24166666666667,0.496024305555556
08NM248,2026-03-23,4.92608695652174,0.424517361111111
08NM248,2026-03-24,5.575,0.379336805555556
08NM248,2026-03-25,5.92916666666667,0.370517361111111
08NM248,2026-03-26,5.9375,0.351083333333333
08NM248,2026-03-27,5.47083333333333,0.322503472222222
08NM248,2026-03-28,5.9125,0.307503472222222
08NM248,2026-03-29,6.10833333333333,0.295715277777778
08NM248,2026-03-30,5.3,0.284038194444444
08NM248,2026-03-31,5.15416666666667,0.273152777777778
08NM248,2026-04-01,5.475,0.282982638888889
08NM248,2026-04-02,6.13913043478261,0.278940972222222
08NM248,2026-04-03,7.0125,0.270645833333333
08NM248,2026-04-04,7.64166666666667,0.277642361111111
08NM248,2026-04-05,8.04583333333333,0.302381944444444
08NM248,2026-04-06,8.225,0.354024305555556
08NM248,2026-04-07,7.55,0.40734375
08NM248,2026-04-08,6.42916666666667,0.439211805555556
08NM248,2026-04-09,6.67083333333333,0.428899305555556
08NM248,2026-04-10,7.25833333333333,0.433965277777778
08NM248,2026-04-11,8.10833333333333,0.457611111111111
08NM248,2026-04-12,8.15833333333333,0.538920138888889
08NM248,2026-04-13,7.97916666666667,0.691166666666667
08NM248,2026-04-14,7.4,0.7480625
08NM248,2026-04-15,6.2,0.742815602836879
08NM248,2026-04-16,5.75652173913043,0.670861111111111
08NM248,2026-04-17,6.3625,0.595260416666667
08NM248,2026-04-18,6.55,0.554399305555556
08NM248,2026-04-19,7.6875,0.513739583333333
08NM248,2026-04-20,8.95416666666667,0.517576388888889
08NM248,2026-04-21,9.90416666666667,0.519725694444444
08NM248,2026-04-22,10.5541666666667,0.533975694444444
08NM248,2026-04-23,8.975,0.528409722222222
08NM248,2026-04-24,7.13478260869565,0.518034722222222
08NM248,2026-04-25,6.72083333333333,0.500145833333333
08NM248,2026-04-26,6.77916666666667,0.487923611111111
08NM248,2026-04-27,7.25416666666667,0.458538194444444
08NM248,2026-04-28,8.05416666666667,0.434815972222222
08NM248,2026-04-29,8.69583333333333,0.416902777777778
08NM248,2026-04-30,9.5,0.405034722222222
08NM248,2026-05-01,10.3,0.3956875
08NM248,2026-05-02,10.5958333333333,0.383659722222222
08NM248,2026-05-03,10.9583333333333,0.373
08NM248,2026-05-04,11.25,0.363649305555556
08NM248,2026-05-05,11.320833333333301,0.352690972222222
08NM248,2026-05-06,11.35,0.342194444444444
08NM248,2026-05-07,11.5166666666667,0.333072916666667
08NM248,2026-05-08,11.3166666666667,0.327815972222222
08NM248,2026-05-09,10.2416666666667,0.317444444444444
08NM248,2026-05-10,10.9916666666667,0.30640625
08NM248,2026-05-11,10.9,0.298329861111111
08NM248,2026-05-12,10.945833333333301,0.289211805555556
08NM248,2026-05-13,11.2333333333333,0.289854166666667
08NM248,2026-05-14,10.225,0.472645833333333
08NM248,2026-05-15,9.67083333333333,0.558777777777778
08NM248,2026-05-16,8.7625,0.474930555555556
08NM248,2026-05-17,9.25833333333333,0.441690972222222
08NM248,2026-05-18,9.68333333333333,0.415427083333333
08NM248,2026-05-19,10.075,0.394392361111111
08NM248,2026-05-20,10.3875,0.383177083333333
08NM248,2026-05-21,10.3375,0.352006944444444
08NM248,2026-05-22,10.4833333333333,0.338670138888889
08NM248,2026-05-23,11.5666666666667,0.334697916666667
08NM248,2026-05-24,11.75,0.322243055555556
08NM248,2026-05-25,12.1583333333333,0.302826388888889
08NM248,2026-05-26,11.8541666666667,0.305006944444444
08NM248,2026-05-27,11.8916666666667,0.293159722222222
08NM248,2026-05-28,12.945833333333301,0.269961805555556
08NM248,2026-05-29,14.3041666666667,0.287559027777778
08NM248,2026-05-30,12.1416666666667,0.339295138888889
08NM248,2026-05-31,11.7666666666667,0.288381944444444
08NM248,2026-06-01,11.65,0.267885416666667
08NM248,2026-06-02,11.133333333333301,0.258440972222222
08NM248,2026-06-03,12.8826086956522,0.242388888888889
08NM248,2026-06-04,12.6166666666667,0.265072916666667
08NM248,2026-06-05,12.1608695652174,0.263291666666667
08NM248,2026-06-06,11.4541666666667,0.234524305555556
08NM248,2026-06-07,10.6416666666667,0.23303125
08NM248,2026-06-08,10.6,0.221625
08NM248,2026-06-09,11.2166666666667,0.216479166666667
08NM248,2026-06-10,10.9958333333333,0.23359375
08NM248,2026-06-11,11.0695652173913,0.23203125
08NM248,2026-06-12,12.2875,0.20853125
08NM248,2026-06-13,12.4291666666667,0.195291666666667
08NM248,2026-06-14,13.133333333333301,0.179128472222222
08NM248,2026-06-15,13.8583333333333,0.165489583333333
08NM248,2026-06-16,13.633333333333301,0.162736111111111
08NM248,2026-06-17,13.2208333333333,0.161413194444444
08NM248,2026-06-18,12.9166666666667,0.173694444444444
08NM248,2026-06-19,13.45,0.16675
08NM248,2026-06-20,14.1916666666667,0.159583333333333
08NM248,2026-06-21,13.2416666666667,0.148225694444444
08NM248,2026-06-22,12.9958333333333,0.168576388888889
08NM248,2026-06-23,13.195833333333301,0.170246527777778
08NM248,2026-06-24,13.7625,0.138590277777778
08NM248,2026-06-25,14.5375,0.12353125
08NM248,2026-06-26,13.9833333333333,0.135857638888889
08NM248,2026-06-27,12.995652173913,0.171395833333333
08NM248,2026-06-28,12.3608695652174,0.185173611111111
08NM248,2026-06-29,12.7416666666667,0.186038194444444
08NM248,2026-06-30,13.4565217391304,0.169392361111111
08NM248,2026-07-01,12.9166666666667,0.159802083333333
08NM248,2026-07-02,12.5458333333333,0.154555555555556
08NM248,2026-07-03,12.85,0.149079861111111
08NM248,2026-07-04,13.75,0.101684027777778
08NM248,2026-07-05,13.7333333333333,0.09034375
08NM248,2026-07-06,13.5625,0.0905381944444444
08NM248,2026-07-07,14.3333333333333,0.0820486111111111
08NM248,2026-07-08,15.0625,0.0963229166666667
08NM248,2026-07-09,14.0041666666667,0.110607638888889
08NM248,2026-07-10,13.8416666666667,0.111982638888889
08NM248,2026-07-11,13.6782608695652,0.113594202898551
08NM248,2026-07-12,13.4565217391304,0.112271739130435
08NM248,2026-07-13,12.9791666666667,0.107868055555556
08NM248,2026-07-14,13.9590909090909,0.0777575757575758
08NM248,2026-07-15,14.9695652173913,0.0980905797101449
08NM248,2026-07-16,14.7166666666667,0.102815972222222
08NM248,2026-07-17,14.775,0.10271875
08NM248,2026-07-18,14.725,0.0770104166666667
08NM248,2026-07-19,14.4875,0.0749652777777778
08NM248,2026-07-20,14.4625,0.0757743055555556
08NM248,2026-07-21,15.15,0.0616423611111111
08NM248,2026-07-22,15.9541666666667,0.0585625
08NM248,2026-07-23,16.0208333333333,0.0586701388888889
08NM248,2026-07-24,15.5791666666667,0.057375
08NM248,2026-07-25,16.0458333333333,0.0529340277777778
08NM248,2026-07-26,15.1083333333333,0.0553923611111111
08NM248,2026-07-27,15.325,0.05534375
08NM248,2026-07-28,15.2916666666667,0.0530833333333333
08NM248,2026-07-29,14.820833333333301,0.0513229166666667
08NM248,2026-07-30,14.4166666666667,0.0513472222222222
08NM248,2026-07-31,14.4916666666667,0.0508263888888889
08NM248,2026-08-01,14.9041666666667,0.0484756944444444
08NM248,2026-08-02,14.2416666666667,0.0474756944444444
08NM248,2026-08-03,13.3916666666667,0.0546701388888889
08NM248,2026-08-04,13.425,0.0608090277777778
08NM248,2026-08-05,13.9083333333333,0.0516319444444444
08NM248,2026-08-06,13.8739130434783,0.0479673913043478
08NM248,2026-08-07,13.9791666666667,0.0504375
08NM248,2026-08-08,14.4375,0.0462604166666667
08NM248,2026-08-09,14.0041666666667,0.0454548611111111
08NM248,2026-08-10,14.195833333333301,0.0484756944444444
08NM248,2026-08-11,14.7173913043478,0.0452509090909091
08NM248,2026-08-12,15.070833333333301,0.0425555555555556
08NM248,2026-08-13,15.3041666666667,0.0427361111111111
08NM248,2026-08-14,14.9565217391304,0.0463840579710145
08NM248,2026-08-15,14.7375,0.0436076388888889
08NM248,2026-08-16,14.7708333333333,0.0466319444444444
08NM248,2026-08-17,14.5458333333333,0.0491006944444444
08NM248,2026-08-18,14.4333333333333,0.0688020833333333
08NM248,2026-08-19,14.525,0.0488784722222222
08NM248,2026-08-20,15.3541666666667,0.0388125
08NM248,2026-08-21,15.3708333333333,0.0387986111111111
08NM248,2026-08-22,15.8458333333333,0.0380902777777778
08NM248,2026-08-23,15.1875,0.0481145833333333
08NM248,2026-08-24,13.9541666666667,0.0539131944444444
08NM248,2026-08-25,14.6625,0.0504270833333333
08NM248,2026-08-26,15.2083333333333,0.0470972222222222
08NM248,2026-08-27,15.0954545454545,0.0405177865612648
08NM249,2024-10-19,7.8875,NA
08NM249,2024-10-20,9.2,NA
08NM249,2024-10-21,9.55,NA
08NM249,2024-10-22,8.4,NA
08NM249,2024-10-23,7.8,NA
08NM249,2024-10-24,7.6,NA
08NM249,2024-10-25,6.35,NA
08NM249,2024-10-26,7.25,NA
08NM249,2024-10-27,8.4,NA
08NM249,2024-10-28,8.1,NA
08NM249,2024-10-29,7.4,NA
08NM249,2024-10-30,6.7,NA
08NM249,2024-10-31,7.25,NA
08NM249,2024-11-01,6.7,NA
08NM249,2024-11-02,6.84,NA
08NM249,2024-11-03,6.6,NA
08NM249,2024-11-04,5.93333333333333,NA
08NM249,2024-11-05,6.3,NA
08NM249,2024-11-06,5.5,NA
08NM249,2024-11-07,5.55,NA
08NM249,2024-11-08,5.5,NA
08NM249,2024-11-09,6.15,NA
08NM249,2024-11-10,6.7,NA
08NM249,2024-11-11,6.8,NA
08NM249,2024-11-12,6.2,NA
08NM249,2024-11-13,6.54,NA
08NM249,2024-11-14,6.6,NA
08NM249,2024-11-15,5.44285714285714,NA
08NM249,2024-11-16,4,NA
08NM249,2024-11-17,3.7,NA
08NM249,2024-11-18,4.1,NA
08NM249,2024-11-19,3.2,NA
08NM249,2024-11-20,3.6,NA
08NM249,2024-11-21,4.3,NA
08NM249,2024-11-22,4.1,NA
08NM249,2024-11-23,4.3,NA
08NM249,2024-11-24,4.6,NA
08NM249,2024-11-25,4.2125,NA
08NM249,2024-11-26,3.34583333333333,NA
08NM249,2024-11-27,2.97916666666667,NA
08NM249,2024-11-28,3.05416666666667,NA
08NM249,2024-11-29,3.05,NA
08NM249,2024-11-30,3,NA
08NM249,2024-12-01,3.2,NA
08NM249,2024-12-02,2.8,NA
08NM249,2024-12-03,2.65,NA
08NM249,2024-12-04,2.9,NA
08NM249,2024-12-05,2.8,NA
08NM249,2024-12-06,2.65,NA
08NM249,2024-12-07,2.7,NA
08NM249,2024-12-08,2.8,NA
08NM249,2024-12-09,2.8,NA
08NM249,2024-12-10,2.8,NA
08NM249,2024-12-11,2.7,NA
08NM249,2024-12-12,2.3,NA
08NM249,2024-12-13,2.4,NA
08NM249,2024-12-14,2.95,NA
08NM249,2024-12-15,2.75,NA
08NM249,2024-12-16,2.1,NA
08NM249,2024-12-17,2.3,NA
08NM249,2024-12-18,2,NA
08NM249,2024-12-19,2,NA
08NM249,2024-12-20,2.25,NA
08NM249,2024-12-21,2.5,NA
08NM249,2024-12-22,2.55,NA
08NM249,2024-12-23,2.84,NA
08NM249,2024-12-24,3.05,NA
08NM249,2024-12-25,2.25,NA
08NM249,2024-12-26,2.65,NA
08NM249,2024-12-27,2.45,NA
08NM249,2024-12-28,2.3,NA
08NM249,2024-12-29,2.4,NA
08NM249,2024-12-30,2.95,NA
08NM249,2024-12-31,3.1,NA
08NM249,2025-01-01,2.55,NA
08NM249,2025-01-02,2.1,NA
08NM249,2025-01-03,1.95,NA
08NM249,2025-01-04,2.2,NA
08NM249,2025-01-05,2.7,NA
08NM249,2025-01-06,3.1,NA
08NM249,2025-01-07,2.9,NA
08NM249,2025-01-08,2.73333333333333,NA
08NM249,2025-01-09,2.5,NA
08NM249,2025-01-10,2.4,NA
08NM249,2025-01-11,2.75,NA
08NM249,2025-01-12,2.95,NA
08NM249,2025-01-13,2.3,NA
08NM249,2025-01-14,1.73333333333333,NA
08NM249,2025-01-15,1.9,NA
08NM249,2025-01-16,1.4,NA
08NM249,2025-01-17,1.43333333333333,NA
08NM249,2025-01-18,1.53333333333333,NA
08NM249,2025-01-19,0.96,NA
08NM249,2025-01-20,0.9,NA
08NM249,2025-01-21,0.5,NA
08NM249,2025-01-22,0.3,NA
08NM249,2025-01-23,0.4,NA
08NM249,2025-01-24,0.6,NA
08NM249,2025-01-25,0.466666666666667,NA
08NM249,2025-01-26,0.375,NA
08NM249,2025-01-27,0.2,NA
08NM249,2025-01-28,0.1375,NA
08NM249,2025-01-29,0.291666666666667,NA
08NM249,2025-01-30,0.333333333333333,NA
08NM249,2025-01-31,0.583333333333333,NA
08NM249,2025-02-01,0.8875,NA
08NM249,2025-02-02,0.7875,NA
08NM249,2025-02-03,0.233333333333333,NA
08NM249,2025-02-04,0.0291666666666667,NA
08NM249,2025-02-05,0.0333333333333333,NA
08NM249,2025-02-06,0.0458333333333333,NA
08NM249,2025-02-07,0.0583333333333333,NA
08NM249,2025-02-08,0.0541666666666667,NA
08NM249,2025-02-09,0.025,NA
08NM249,2025-02-10,0.0333333333333333,NA
08NM249,2025-02-11,0.0625,NA
08NM249,2025-02-12,0.0916666666666667,NA
08NM249,2025-02-13,0.121739130434783,NA
08NM249,2025-02-14,0.108333333333333,NA
08NM249,2025-02-15,0.0875,NA
08NM249,2025-02-16,0.0416666666666667,NA
08NM249,2025-02-17,0.0291666666666667,NA
08NM249,2025-02-18,0.2,NA
08NM249,2025-02-19,0.295833333333333,NA
08NM249,2025-02-20,0.470833333333333,NA
08NM249,2025-02-21,0.504166666666667,NA
08NM249,2025-02-22,0.641666666666667,NA
08NM249,2025-02-23,0.583333333333333,NA
08NM249,2025-02-24,0.704166666666667,NA
08NM249,2025-02-25,1.14583333333333,NA
08NM249,2025-02-26,1.31666666666667,NA
08NM249,2025-02-27,1.5375,NA
08NM249,2025-02-28,1.77916666666667,NA
08NM249,2025-03-01,1.85833333333333,NA
08NM249,2025-03-02,1.6875,NA
08NM249,2025-03-03,1.65833333333333,NA
08NM249,2025-03-04,1.64782608695652,NA
08NM249,2025-03-05,1.89166666666667,NA
08NM249,2025-03-06,2.30416666666667,NA
08NM249,2025-03-07,2.15833333333333,NA
08NM249,2025-03-08,2.19166666666667,NA
08NM249,2025-03-09,2.3125,NA
08NM249,2025-03-10,2.75833333333333,NA
08NM249,2025-03-11,2.28333333333333,NA
08NM249,2025-03-12,2.03333333333333,NA
08NM249,2025-03-13,1.92380952380952,NA
08NM249,2025-03-14,1.50416666666667,NA
08NM249,2025-03-15,2.0125,NA
08NM249,2025-03-16,1.8875,NA
08NM249,2025-03-17,2.32608695652174,NA
08NM249,2025-03-18,2.69166666666667,NA
08NM249,2025-03-19,2.3625,NA
08NM249,2025-03-20,2.56666666666667,NA
08NM249,2025-03-21,3.42916666666667,NA
08NM249,2025-03-22,3.18333333333333,NA
08NM249,2025-03-23,2.83181818181818,NA
08NM249,2025-03-24,1.77916666666667,NA
08NM249,2025-03-25,2.6375,NA
08NM249,2025-03-26,1.99166666666667,NA
08NM249,2025-03-27,2.42083333333333,NA
08NM249,2025-03-28,2.875,NA
08NM249,2025-03-29,3.24166666666667,NA
08NM249,2025-03-30,3.20833333333333,NA
08NM249,2025-03-31,3.675,NA
08NM249,2025-04-01,3.85416666666667,NA
08NM249,2025-04-02,4.2,NA
08NM249,2025-04-03,3.775,NA
08NM249,2025-04-04,3.34583333333333,NA
08NM249,2025-04-05,3.7,NA
08NM249,2025-04-06,4.35416666666667,NA
08NM249,2025-04-07,5,NA
08NM249,2025-04-08,4.44166666666667,NA
08NM249,2025-04-09,4.6375,NA
08NM249,2025-04-10,4.77083333333333,NA
08NM249,2025-04-11,5.05,NA
08NM249,2025-04-12,4.7,NA
08NM249,2025-04-13,3.80416666666667,NA
08NM249,2025-04-14,4.17083333333333,NA
08NM249,2025-04-15,5.11666666666667,NA
08NM249,2025-04-16,5.40833333333333,NA
08NM249,2025-04-17,4.21666666666667,NA
08NM249,2025-04-18,4.61666666666667,NA
08NM249,2025-04-19,6.125,NA
08NM249,2025-04-20,5.69166666666667,NA
08NM249,2025-04-21,5.09166666666667,NA
08NM249,2025-04-22,4.325,NA
08NM249,2025-04-23,4.62083333333333,NA
08NM249,2025-04-24,5.3,NA
08NM249,2025-04-25,5.93333333333333,NA
08NM249,2025-04-26,6.5625,NA
08NM249,2025-04-27,6.82916666666667,NA
08NM249,2025-04-28,6.15652173913043,NA
08NM249,2025-04-29,6.00833333333333,NA
08NM249,2025-04-30,6.07916666666667,NA
08NM249,2025-05-01,6.35,NA
08NM249,2025-05-02,7.1375,NA
08NM249,2025-05-03,7.54166666666667,NA
08NM249,2025-05-04,6.20833333333333,NA
08NM249,2025-05-05,5.39130434782609,NA
08NM249,2025-05-06,6.30833333333333,NA
08NM249,2025-05-07,7.46666666666667,NA
08NM249,2025-05-08,7.325,NA
08NM249,2025-05-09,6.5875,NA
08NM249,2025-05-10,7.15416666666667,NA
08NM249,2025-05-11,6.79166666666667,NA
08NM249,2025-05-12,7.2875,NA
08NM249,2025-05-13,7.3375,NA
08NM249,2025-05-14,7.89583333333333,NA
08NM249,2025-05-15,6.9375,NA
08NM249,2025-05-16,7.575,NA
08NM249,2025-05-17,7.6875,NA
08NM249,2025-05-18,7.6375,NA
08NM249,2025-05-19,6.78333333333333,NA
08NM249,2025-05-20,6.84166666666667,NA
08NM249,2025-05-21,7.67916666666667,NA
08NM249,2025-05-22,7.7625,NA
08NM249,2025-05-23,8.56666666666667,NA
08NM249,2025-05-24,9.22916666666667,NA
08NM249,2025-05-25,9.91666666666667,NA
08NM249,2025-05-26,10.7833333333333,NA
08NM249,2025-05-27,8.9625,NA
08NM249,2025-05-28,9.66666666666667,NA
08NM249,2025-05-29,10.9875,NA
08NM249,2025-05-30,9.575,NA
08NM249,2025-05-31,10.445833333333301,NA
08NM249,2025-06-01,9.52916666666667,NA
08NM249,2025-06-02,8.45,NA
08NM249,2025-06-03,9.44782608695652,NA
08NM249,2025-06-04,10.1833333333333,NA
08NM249,2025-06-05,10.7208333333333,NA
08NM249,2025-06-06,11.633333333333301,NA
08NM249,2025-06-07,11.725,NA
08NM249,2025-06-08,11.8791666666667,NA
08NM249,2025-06-09,12.9708333333333,NA
08NM249,2025-06-10,13.2541666666667,NA
08NM249,2025-06-11,13.445833333333301,NA
08NM249,2025-06-12,13.9833333333333,NA
08NM249,2025-06-13,13.6916666666667,NA
08NM249,2025-06-14,12.8125,NA
08NM249,2025-06-15,12.725,NA
08NM249,2025-06-16,13.1208333333333,NA
08NM249,2025-06-17,12.95,NA
08NM249,2025-06-18,13.195833333333301,NA
08NM249,2025-06-19,12.35,NA
08NM249,2025-06-20,12.7083333333333,NA
08NM249,2025-06-21,11.5416666666667,NA
08NM249,2025-06-22,11.1041666666667,NA
08NM249,2025-06-23,11.6833333333333,NA
08NM249,2025-06-24,11.5583333333333,NA
08NM249,2025-06-25,13.225,NA
08NM249,2025-06-26,13.4083333333333,NA
08NM249,2025-06-27,13.5916666666667,NA
08NM249,2025-06-28,13.3625,NA
08NM249,2025-06-29,13.7833333333333,NA
08NM249,2025-06-30,14.6125,NA
08NM249,2025-07-01,15.6166666666667,NA
08NM249,2025-07-02,16.125,NA
08NM249,2025-07-03,15.3583333333333,NA
08NM249,2025-07-04,14.2958333333333,NA
08NM249,2025-07-05,15.0041666666667,NA
08NM249,2025-07-06,15.5,NA
08NM249,2025-07-07,15.633333333333301,NA
08NM249,2025-07-08,16.2625,NA
08NM249,2025-07-09,16.7041666666667,NA
08NM249,2025-07-10,14.7458333333333,NA
08NM249,2025-07-11,14.4208333333333,NA
08NM249,2025-07-12,15.95,NA
08NM249,2025-07-13,17.1791666666667,NA
08NM249,2025-07-14,17.6875,NA
08NM249,2025-07-15,15.6083333333333,NA
08NM249,2025-07-16,16.0916666666667,NA
08NM249,2025-07-17,16.6166666666667,NA
08NM249,2025-07-18,16.2833333333333,NA
08NM249,2025-07-19,15.4083333333333,NA
08NM249,2025-07-20,15.5041666666667,NA
08NM249,2025-07-21,15.8291666666667,NA
08NM249,2025-07-22,15.6791666666667,NA
08NM249,2025-07-23,15.4083333333333,NA
08NM249,2025-07-24,16.0458333333333,NA
08NM249,2025-07-25,16.3083333333333,NA
08NM249,2025-07-26,15.2291666666667,NA
08NM249,2025-07-27,15.7416666666667,NA
08NM249,2025-07-28,15.575,NA
08NM249,2025-07-29,16.7125,NA
08NM249,2025-07-30,17.3416666666667,NA
08NM249,2025-07-31,17.6291666666667,NA
08NM249,2025-08-01,18.2291666666667,NA
08NM249,2025-08-02,17.9416666666667,NA
08NM249,2025-08-03,18.1166666666667,NA
08NM249,2025-08-04,18.2083333333333,NA
08NM249,2025-08-05,17.5208333333333,NA
08NM249,2025-08-06,17.2083333333333,NA
08NM249,2025-08-07,15.9208333333333,NA
08NM249,2025-08-08,15.7666666666667,NA
08NM249,2025-08-09,16.6583333333333,NA
08NM249,2025-08-10,17.475,NA
08NM249,2025-08-11,18.5041666666667,NA
08NM249,2025-08-12,18.4708333333333,NA
08NM249,2025-08-13,18.5125,NA
08NM249,2025-08-14,17.4833333333333,NA
08NM249,2025-08-15,17.1291666666667,NA
08NM249,2025-08-16,16.1791666666667,NA
08NM249,2025-08-17,16.3166666666667,NA
08NM249,2025-08-18,16.2,NA
08NM249,2025-08-19,16.3333333333333,NA
08NM249,2025-08-20,15.8125,NA
08NM249,2025-08-21,16.0875,NA
08NM249,2025-08-22,15.6875,NA
08NM249,2025-08-23,15.7916666666667,NA
08NM249,2025-08-24,16.1333333333333,NA
08NM249,2025-08-25,16.6625,NA
08NM249,2025-08-26,17.0875,NA
08NM249,2025-08-27,17.025,NA
08NM249,2025-08-28,16.9291666666667,NA
08NM249,2025-08-29,17.1833333333333,NA
08NM249,2025-08-30,17.4833333333333,NA
08NM249,2025-08-31,17.4541666666667,NA
08NM249,2025-09-01,17.0708333333333,NA
08NM249,2025-09-02,17.4125,NA
08NM249,2025-09-03,17.8583333333333,NA
08NM249,2025-09-04,17.7041666666667,NA
08NM249,2025-09-05,16.2416666666667,NA
08NM249,2025-09-06,16.3375,NA
08NM249,2025-09-07,16.1875,NA
08NM249,2025-09-08,16.3125,NA
08NM249,2025-09-09,16.6958333333333,NA
08NM249,2025-09-10,15.8958333333333,NA
08NM249,2025-09-11,16.0458333333333,NA
08NM249,2025-09-12,16.1666666666667,NA
08NM249,2025-09-13,16.1958333333333,NA
08NM249,2025-09-14,16.3333333333333,NA
08NM249,2025-09-15,16.0208333333333,NA
08NM249,2025-09-16,16.3875,NA
08NM249,2025-09-17,16.2625,NA
08NM249,2025-09-18,16.2375,NA
08NM249,2025-09-19,15.7375,NA
08NM249,2025-09-20,15.1375,NA
08NM249,2025-09-21,15.2416666666667,NA
08NM249,2025-09-22,14.695833333333301,NA
08NM249,2025-09-23,14.2666666666667,NA
08NM249,2025-09-24,14.2541666666667,NA
08NM249,2025-09-25,14.383333333333301,NA
08NM249,2025-09-26,13.6166666666667,NA
08NM249,2025-09-27,13.125,NA
08NM249,2025-09-28,13.2875,NA
08NM249,2025-09-29,13.4791666666667,NA
08NM249,2025-09-30,13.383333333333301,NA
08NM249,2025-10-01,13.425,NA
08NM249,2025-10-02,13.125,NA
08NM249,2025-10-03,12.7666666666667,NA
08NM249,2025-10-04,12.3875,NA
08NM249,2025-10-05,11.6166666666667,NA
08NM249,2025-10-06,11.1416666666667,NA
08NM249,2025-10-07,11.0583333333333,NA
08NM249,2025-10-08,11.2083333333333,NA
08NM249,2025-10-09,11.6125,NA
08NM249,2025-10-10,11.275,NA
08NM249,2025-10-11,10.8416666666667,NA
08NM249,2025-10-12,9.775,NA
08NM249,2025-10-13,8.9,NA
08NM249,2025-10-14,8.01666666666667,NA
08NM249,2025-10-15,7.1625,NA
08NM249,2025-10-16,6.60833333333333,NA
08NM249,2025-10-17,6.85,NA
08NM249,2025-10-18,7.25833333333333,NA
08NM249,2025-10-19,7.4625,NA
08NM249,2025-10-20,8.19583333333333,NA
08NM249,2025-10-21,8.60416666666667,NA
08NM249,2025-10-22,8.375,NA
08NM249,2025-10-23,7.9,NA
08NM249,2025-10-24,8.225,NA
08NM249,2025-10-25,8.36666666666667,NA
08NM249,2025-10-26,8.07083333333333,NA
08NM249,2025-10-27,7.6875,NA
08NM249,2025-10-28,6.74166666666667,NA
08NM249,2025-10-29,6.4125,NA
08NM249,2025-10-30,6.97083333333333,NA
08NM249,2025-10-31,6.09166666666667,NA
08NM249,2025-11-01,6.3125,NA
08NM249,2025-11-02,6.87916666666667,NA
08NM249,2025-11-03,6.3125,NA
08NM249,2025-11-04,5.4625,NA
08NM249,2025-11-05,4.88333333333333,NA
08NM249,2025-11-06,5.54583333333333,NA
08NM249,2025-11-07,6.6625,NA
08NM249,2025-11-08,6.28333333333333,NA
08NM249,2025-11-09,5.9375,NA
08NM249,2025-11-10,6.175,NA
08NM249,2025-11-11,6.53333333333333,NA
08NM249,2025-11-12,6.2625,NA
08NM249,2025-11-13,6.3875,NA
08NM249,2025-11-14,6.85416666666667,NA
08NM249,2025-11-15,6.5375,NA
08NM249,2025-11-16,6.57083333333333,NA
08NM249,2025-11-17,7.10833333333333,NA
08NM249,2025-11-18,7.46666666666667,NA
08NM249,2025-11-19,6.3875,NA
08NM249,2025-11-20,5.92916666666667,NA
08NM249,2025-11-21,5.15,NA
08NM249,2025-11-22,5.09166666666667,NA
08NM249,2025-11-23,5.82083333333333,NA
08NM249,2025-11-24,6.07083333333333,NA
08NM249,2025-11-25,4.83333333333333,NA
08NM249,2025-11-26,4.29583333333333,NA
08NM249,2025-11-27,4.47,NA
08NM249,2025-11-28,3.72105263157895,NA
08NM249,2025-11-29,3.425,NA
08NM249,2025-11-30,2.92916666666667,NA
08NM249,2025-12-01,2.92916666666667,NA
08NM249,2025-12-02,2.74166666666667,NA
08NM249,2025-12-03,3.17083333333333,NA
08NM249,2025-12-04,3.40526315789474,NA
08NM249,2025-12-05,3.46818181818182,NA
08NM249,2025-12-06,3.325,NA
08NM249,2025-12-07,3.35,NA
08NM249,2025-12-08,3.45416666666667,NA
08NM249,2025-12-09,4.05416666666667,NA
08NM249,2025-12-10,4.29166666666667,NA
08NM249,2025-12-11,4.45833333333333,NA
08NM249,2025-12-12,3.89583333333333,NA
08NM249,2025-12-13,3.73333333333333,NA
08NM249,2025-12-14,3.50416666666667,NA
08NM249,2025-12-15,4.20833333333333,NA
08NM249,2025-12-16,4.49583333333333,NA
08NM249,2025-12-17,4.12916666666667,NA
08NM249,2025-12-18,3.75,NA
08NM249,2025-12-19,3.37083333333333,NA
08NM249,2025-12-20,3.08333333333333,NA
08NM249,2025-12-21,3.09166666666667,NA
08NM249,2025-12-22,2.90416666666667,NA
08NM249,2025-12-23,2.48333333333333,NA
08NM249,2025-12-24,2.45,NA
08NM249,2025-12-25,2.5875,NA
08NM249,2025-12-26,2.3875,NA
08NM249,2025-12-27,1.9625,NA
08NM249,2025-12-28,1.2,NA
08NM249,2025-12-29,0.425,NA
08NM249,2025-12-30,0.279166666666667,NA
08NM249,2025-12-31,0.545833333333333,NA
08NM249,2026-01-01,0.708333333333333,NA
08NM249,2026-01-02,0.966666666666667,NA
08NM249,2026-01-03,1.44583333333333,NA
08NM249,2026-01-04,1.73333333333333,NA
08NM249,2026-01-05,1.96666666666667,NA
08NM249,2026-01-06,2.1125,NA
08NM249,2026-01-07,1.98333333333333,NA
08NM249,2026-01-08,1.9625,NA
08NM249,2026-01-09,1.89583333333333,NA
08NM249,2026-01-10,2.0625,NA
08NM249,2026-01-11,2.09166666666667,NA
08NM249,2026-01-12,2.29583333333333,NA
08NM249,2026-01-13,2.78333333333333,NA
08NM249,2026-01-14,2.69166666666667,NA
08NM249,2026-01-15,2.72916666666667,NA
08NM249,2026-01-16,2.05833333333333,NA
08NM249,2026-01-17,1.4875,NA
08NM249,2026-01-18,1.25416666666667,NA
08NM249,2026-01-19,1.0875,NA
08NM249,2026-01-20,1.03333333333333,NA
08NM249,2026-01-21,1.1625,NA
08NM249,2026-01-22,1.00833333333333,NA
08NM249,2026-01-23,0.695833333333333,NA
08NM249,2026-01-24,0.533333333333333,NA
08NM249,2026-01-25,0.420833333333333,NA
08NM249,2026-01-26,0.3125,NA
08NM249,2026-01-27,0.220833333333333,NA
08NM249,2026-01-28,0.479166666666667,NA
08NM249,2026-01-29,0.95,NA
08NM249,2026-01-30,1.3125,NA
08NM249,2026-01-31,1.47916666666667,NA
08NM249,2026-02-01,1.7625,NA
08NM249,2026-02-02,1.76666666666667,NA
08NM249,2026-02-03,2.15416666666667,NA
08NM249,2026-02-04,2.40416666666667,NA
08NM249,2026-02-05,2.07916666666667,NA
08NM249,2026-02-06,2.425,NA
08NM249,2026-02-07,2.6625,NA
08NM249,2026-02-08,2.72083333333333,NA
08NM249,2026-02-09,2.19583333333333,NA
08NM249,2026-02-10,1.9625,NA
08NM249,2026-02-11,2.2875,NA
08NM249,2026-02-12,2.01666666666667,NA
08NM249,2026-02-13,2.23333333333333,NA
08NM249,2026-02-14,2.79583333333333,NA
08NM249,2026-02-15,2.44583333333333,NA
08NM249,2026-02-16,1.95833333333333,NA
08NM249,2026-02-17,1.65833333333333,NA
08NM249,2026-02-18,1.5125,NA
08NM249,2026-02-19,0.620833333333333,NA
08NM249,2026-02-20,0.408333333333333,NA
08NM249,2026-02-21,0.2,NA
08NM249,2026-02-22,0.2625,NA
08NM249,2026-02-23,0.758333333333333,NA
08NM249,2026-02-24,1.4125,NA
08NM249,2026-02-25,1.45,NA
08NM249,2026-02-26,1.87916666666667,NA
08NM249,2026-02-27,2.6125,NA
08NM249,2026-02-28,3.07083333333333,NA
08NM249,2026-03-01,2.54166666666667,NA
08NM249,2026-03-02,2.07916666666667,NA
08NM249,2026-03-03,2.1625,NA
08NM249,2026-03-04,2.9125,NA
08NM249,2026-03-05,3.25,NA
08NM249,2026-03-06,3.4875,NA
08NM249,2026-03-07,3.9875,NA
08NM249,2026-03-08,4.375,NA
08NM249,2026-03-09,2.5625,NA
08NM249,2026-03-10,1.74583333333333,NA
08NM249,2026-03-11,1.72083333333333,NA
08NM249,2026-03-12,1.82916666666667,NA
08NM249,2026-03-13,1.88333333333333,NA
08NM249,2026-03-14,2.17083333333333,NA
08NM249,2026-03-15,1.57083333333333,NA
08NM249,2026-03-16,0.575,NA
08NM249,2026-03-17,1.4375,NA
08NM249,2026-03-18,2.95,NA
08NM249,2026-03-19,3.4625,NA
08NM249,2026-03-20,3.8,NA
08NM249,2026-03-21,4,NA
08NM249,2026-03-22,3.00833333333333,NA
08NM249,2026-03-23,2.95416666666667,NA
08NM249,2026-03-24,3.45416666666667,NA
08NM249,2026-03-25,3.70833333333333,NA
08NM249,2026-03-26,3.50833333333333,NA
08NM249,2026-03-27,2.88333333333333,NA
08NM249,2026-03-28,3.45833333333333,NA
08NM249,2026-03-29,3.69583333333333,NA
08NM249,2026-03-30,2.70833333333333,NA
08NM249,2026-03-31,1.87916666666667,NA
08NM249,2026-04-01,2.5125,NA
08NM249,2026-04-02,3.53333333333333,NA
08NM249,2026-04-03,4.4125,NA
08NM249,2026-04-04,5.00833333333333,NA
08NM249,2026-04-05,5.05416666666667,NA
08NM249,2026-04-06,5.35833333333333,NA
08NM249,2026-04-07,5.3625,NA
08NM249,2026-04-08,4.03333333333333,NA
08NM249,2026-04-09,4.20833333333333,NA
08NM249,2026-04-10,4.69166666666667,NA
08NM249,2026-04-11,5.68333333333333,NA
08NM249,2026-04-12,6.19583333333333,NA
08NM249,2026-04-13,6.19583333333333,NA
08NM249,2026-04-14,5.825,NA
08NM249,2026-04-15,4.87916666666667,NA
08NM249,2026-04-16,3.90416666666667,NA
08NM249,2026-04-17,4.47083333333333,NA
08NM249,2026-04-18,4.3,NA
08NM249,2026-04-19,5.5125,NA
08NM249,2026-04-20,6.73333333333333,NA
08NM249,2026-04-21,7.36666666666667,NA
08NM249,2026-04-22,7.81666666666667,NA
08NM249,2026-04-23,5.77083333333333,NA
08NM249,2026-04-24,4.2375,NA
08NM249,2026-04-25,3.9375,NA
08NM249,2026-04-26,4.1125,NA
08NM249,2026-04-27,4.5,NA
08NM249,2026-04-28,5.48333333333333,NA
08NM249,2026-04-29,6.22916666666667,NA
08NM249,2026-04-30,6.89583333333333,NA
08NM249,2026-05-01,7.76666666666667,NA
08NM249,2026-05-02,8.0875,NA
08NM249,2026-05-03,8.25416666666667,NA
08NM249,2026-05-04,8.63333333333333,NA
08NM249,2026-05-05,8.65833333333333,NA
08NM249,2026-05-06,8.73333333333333,NA
08NM249,2026-05-07,9.25833333333333,NA
08NM249,2026-05-08,8.85833333333333,NA
08NM249,2026-05-09,8.175,NA
08NM249,2026-05-10,8.95,NA
08NM249,2026-05-11,9.02916666666667,NA
08NM249,2026-05-12,8.69166666666667,NA
08NM249,2026-05-13,9.44583333333333,NA
08NM249,2026-05-14,8.41666666666667,NA
08NM249,2026-05-15,7.6375,NA
08NM249,2026-05-16,6.675,NA
08NM249,2026-05-17,7.23333333333333,NA
08NM249,2026-05-18,7.70416666666667,NA
08NM249,2026-05-19,8.53333333333333,NA
08NM249,2026-05-20,8.70416666666667,NA
08NM249,2026-05-21,8.50416666666667,NA
08NM249,2026-05-22,9,NA
08NM249,2026-05-23,10.1666666666667,NA
08NM249,2026-05-24,10.7041666666667,NA
08NM249,2026-05-25,10.9833333333333,NA
08NM249,2026-05-26,11.133333333333301,NA
08NM249,2026-05-27,10.8375,NA
08NM249,2026-05-28,12.3166666666667,NA
08NM249,2026-05-29,13.6875,NA
08NM249,2026-05-30,11.1416666666667,NA
08NM249,2026-05-31,10.6416666666667,NA
08NM249,2026-06-01,10.7125,NA
08NM249,2026-06-02,10.4125,NA
08NM249,2026-06-03,12.3916666666667,NA
08NM249,2026-06-04,12.3166666666667,NA
08NM249,2026-06-05,12.0416666666667,NA
08NM249,2026-06-06,10.7125,NA
08NM249,2026-06-07,9.89583333333333,NA
08NM249,2026-06-08,9.64583333333333,NA
08NM249,2026-06-09,10.3916666666667,NA
08NM249,2026-06-10,10.2291666666667,NA
08NM249,2026-06-11,10.1375,NA
08NM249,2026-06-12,11.4541666666667,NA
08NM249,2026-06-13,11.8458333333333,NA
08NM249,2026-06-14,12.5666666666667,NA
08NM249,2026-06-15,13.5625,NA
08NM249,2026-06-16,13.3666666666667,NA
08NM249,2026-06-17,13.4291666666667,NA
08NM249,2026-06-18,12.9416666666667,NA
08NM249,2026-06-19,13.2541666666667,NA
08NM249,2026-06-20,14.0791666666667,NA
08NM249,2026-06-21,13.875,NA
08NM249,2026-06-22,13.55,NA
08NM249,2026-06-23,13.9666666666667,NA
08NM249,2026-06-24,14.5291666666667,NA
08NM249,2026-06-25,15.4875,NA
08NM249,2026-06-26,15.7208333333333,NA
08NM249,2026-06-27,15.0916666666667,NA
08NM249,2026-06-28,14.0375,NA
08NM249,2026-06-29,13.8791666666667,NA
08NM249,2026-06-30,15.1086956521739,NA
08NM249,2026-07-01,15.2875,NA
08NM249,2026-07-02,14.7958333333333,NA
08NM249,2026-07-03,14.7166666666667,NA
08NM249,2026-07-04,15.4541666666667,NA
08NM249,2026-07-05,15.4583333333333,NA
08NM249,2026-07-06,15.2208333333333,NA
08NM249,2026-07-07,15.7,NA
08NM249,2026-07-08,16.6416666666667,NA
08NM249,2026-07-09,16.9833333333333,NA
08NM249,2026-07-10,16.8666666666667,NA
08NM249,2026-07-11,16.9458333333333,NA
08NM249,2026-07-12,16.9916666666667,NA
08NM249,2026-07-13,16.6166666666667,NA
08NM249,2026-07-14,16.5916666666667,NA
08NM249,2026-07-15,17.5208333333333,NA
08NM249,2026-07-16,18.0291666666667,NA
08NM249,2026-07-17,18.5291666666667,NA
08NM249,2026-07-18,18.7916666666667,NA
08NM249,2026-07-19,18.3291666666667,NA
08NM249,2026-07-20,18.2375,NA
08NM249,2026-07-21,18.5916666666667,NA
08NM249,2026-07-22,18.9416666666667,NA
08NM249,2026-07-23,19.3666666666667,NA
08NM249,2026-07-24,18.6208333333333,NA
08NM249,2026-07-25,19.2916666666667,NA
08NM249,2026-07-26,19.0583333333333,NA
08NM249,2026-07-27,19.2041666666667,NA
08NM249,2026-07-28,19.7416666666667,NA
08NM249,2026-07-29,19.3125,NA
08NM249,2026-07-30,19.2,NA
08NM249,2026-07-31,19.2125,NA
08NM249,2026-08-01,19.4583333333333,NA
08NM249,2026-08-02,19.2791666666667,NA
08NM249,2026-08-03,18.3208333333333,NA
08NM249,2026-08-04,18.6166666666667,NA
08NM249,2026-08-05,18.95,NA
08NM249,2026-08-06,18.8291666666667,NA
08NM249,2026-08-07,18.6125,NA
08NM249,2026-08-08,19.0708333333333,NA
08NM249,2026-08-09,19.0958333333333,NA
08NM249,2026-08-10,19.1458333333333,NA
08NM249,2026-08-11,19.9125,NA
08NM249,2026-08-12,20.6666666666667,NA
08NM249,2026-08-13,21.7416666666667,NA
08NM249,2026-08-14,21.6416666666667,NA
08NM249,2026-08-15,21.7791666666667,NA
08NM249,2026-08-16,21.8208333333333,NA
08NM249,2026-08-17,21.6291666666667,NA
08NM249,2026-08-18,21.9833333333333,NA
08NM249,2026-08-19,22.5583333333333,NA
08NM249,2026-08-20,23.0083333333333,NA
08NM249,2026-08-21,22.9333333333333,NA
08NM249,2026-08-22,23.2,NA
08NM249,2026-08-23,20.9333333333333,NA
08NM249,2026-08-24,18.2083333333333,NA
08NM249,2026-08-25,18.4625,NA
08NM249,2026-08-26,18.9541666666667,NA
08NM249,2026-08-27,19.4285714285714,NA
08NM250,2024-10-19,9.65,0.173061855670103
08NM250,2024-10-20,11.05,0.16808
08NM250,2024-10-21,11,0.16444
08NM250,2024-10-22,9.45,0.16052
08NM250,2024-10-23,8.6,0.146
08NM250,2024-10-24,8.3,0.13128
08NM250,2024-10-25,7.25,0.10884
08NM250,2024-10-26,8.35,0.0676
08NM250,2024-10-27,9.45,0.0498
08NM250,2024-10-28,9.25,0.0324
08NM250,2024-10-29,8.4,0.014880000000000001
08NM250,2024-10-30,7.83333333333333,0.133351351351351
08NM250,2024-10-31,8.06666666666667,0.137081081081081
08NM250,2024-11-01,7.7,0.134
08NM250,2024-11-02,8.03333333333333,0.109452054794521
08NM250,2024-11-03,7.2,0.0418461538461538
08NM250,2024-11-04,6.94285714285714,0.0318470588235294
08NM250,2024-11-05,7.1,0.0164
08NM250,2024-11-06,6.15,0.01036
08NM250,2024-11-07,6.35,0.01436
08NM250,2024-11-08,6.35,0.01096
08NM250,2024-11-09,7.25,0.006
08NM250,2024-11-10,7.6,0.00592857142857143
08NM250,2024-11-11,7.8,0.00836
08NM250,2024-11-12,7.12857142857143,0.00892941176470588
08NM250,2024-11-13,7.78,0.0263666666666667
08NM250,2024-11-14,7.85,0.02212
08NM250,2024-11-15,6,0.0169529411764706
08NM250,2024-11-16,4.5,0.01704
08NM250,2024-11-17,4.85,0.01844
08NM250,2024-11-18,5,0.0129230769230769
08NM250,2024-11-19,3.9,0.008
08NM250,2024-11-20,4.35,0.007
08NM250,2024-11-21,5.15,0.00604
08NM250,2024-11-22,5.1,0.01156
08NM250,2024-11-23,5.6,0.01016
08NM250,2024-11-24,6,0.00828
08NM250,2024-11-25,5.38333333333333,0.0107430555555556
08NM250,2024-11-26,4.1875,0.00846527777777778
08NM250,2024-11-27,3.70833333333333,0.00941319444444444
08NM250,2024-11-28,3.75833333333333,0.00692708333333333
08NM250,2024-11-29,3.78333333333333,0.00632638888888889
08NM250,2024-11-30,3.85,0.0112
08NM250,2024-12-01,4.1,0.00924
08NM250,2024-12-02,3.15,0.02648
08NM250,2024-12-03,3.4,0.02664
08NM250,2024-12-04,3.36666666666667,0.0312432432432432
08NM250,2024-12-05,3.06666666666667,0.0242222222222222
08NM250,2024-12-06,2.6,0.0252916666666667
08NM250,2024-12-07,2.4,0.03188
08NM250,2024-12-08,2.85,0.01768
08NM250,2024-12-09,2.6,0.01792
08NM250,2024-12-10,2.56666666666667,0.0120540540540541
08NM250,2024-12-11,2.5,0
08NM250,2024-12-12,2.3,3.33333333333333e-5
08NM250,2024-12-13,2.9,0
08NM250,2024-12-14,3.6,2.85714285714286e-4
08NM250,2024-12-15,3.45,0.05128
08NM250,2024-12-16,2.1,0.06008
08NM250,2024-12-17,2.56666666666667,0.0697297297297297
08NM250,2024-12-18,1.73333333333333,0.189702702702703
08NM250,2024-12-19,1.8,0.260026315789474
08NM250,2024-12-20,1.9,0.23116
08NM250,2024-12-21,2.25,0.13864
08NM250,2024-12-22,2.35,0.142846153846154
08NM250,2024-12-23,2.22,0.165741935483871
08NM250,2024-12-24,2.9,0.118
08NM250,2024-12-25,1.7,0.113027027027027
08NM250,2024-12-26,2.23333333333333,0.108638888888889
08NM250,2024-12-27,1.65,0.11
08NM250,2024-12-28,1.8,0.121666666666667
08NM250,2024-12-29,2.06666666666667,0.116
08NM250,2024-12-30,2.4,0.25375
08NM250,2024-12-31,1.95,0.288416666666667
08NM250,2025-01-01,1.96666666666667,0.19675
08NM250,2025-01-02,1.8,0.318472222222222
08NM250,2025-01-03,2.05,0.102541666666667
08NM250,2025-01-04,2.25,0.161583333333333
08NM250,2025-01-05,2.7,0.167916666666667
08NM250,2025-01-06,2.75,0.224166666666667
08NM250,2025-01-07,2.5,0.190583333333333
08NM250,2025-01-08,2.06666666666667,0.203833333333333
08NM250,2025-01-09,1.83333333333333,0.113166666666667
08NM250,2025-01-10,2.13333333333333,0.0781388888888889
08NM250,2025-01-11,2.4,0.1275
08NM250,2025-01-12,2.36666666666667,0.134444444444444
08NM250,2025-01-13,1.5,0.164555555555556
08NM250,2025-01-14,2.03333333333333,0.140388888888889
08NM250,2025-01-15,2.1,0.0862222222222222
08NM250,2025-01-16,2.2,0.0257222222222222
08NM250,2025-01-17,1.5,0.0902
08NM250,2025-01-18,0.633333333333333,0.09275
08NM250,2025-01-19,0.95,0.0999305555555556
08NM250,2025-01-20,0.3,0.0755277777777778
08NM250,2025-01-21,1.26666666666667,0.0580277777777778
08NM250,2025-01-22,0.966666666666667,0.0718611111111111
08NM250,2025-01-23,1.46666666666667,0.0508611111111111
08NM250,2025-01-24,1.76666666666667,0.0538333333333333
08NM250,2025-01-25,1.46666666666667,0.0529444444444444
08NM250,2025-01-26,0.375,0.0487457627118644
08NM250,2025-01-27,0.4,0.0571944444444444
08NM250,2025-01-28,0.5375,0.0468333333333333
08NM250,2025-01-29,0.525,0.0355486111111111
08NM250,2025-01-30,0.745833333333333,0.0280173611111111
08NM250,2025-01-31,1.5375,0.0267534722222222
08NM250,2025-02-01,1.95,0.0377430555555556
08NM250,2025-02-02,1.3375,0.0530486111111111
08NM250,2025-02-03,0.470833333333333,0.0608993055555556
08NM250,2025-02-04,0.533333333333333,0.0593784722222222
08NM250,2025-02-05,0.575,0.058
08NM250,2025-02-06,0.6,0.0586423611111111
08NM250,2025-02-07,0.6,0.0624236111111111
08NM250,2025-02-08,0.6,0.0905520833333333
08NM250,2025-02-09,0.608333333333333,0.109184027777778
08NM250,2025-02-10,0.6125,0.1360625
08NM250,2025-02-11,0.6125,0.166013888888889
08NM250,2025-02-12,0.645833333333333,0.195364583333333
08NM250,2025-02-13,0.704166666666667,0.2061875
08NM250,2025-02-14,0.7,0.194059027777778
08NM250,2025-02-15,0.7,0.117423611111111
08NM250,2025-02-16,0.7,0.102319444444444
08NM250,2025-02-17,0.7,0.111069444444444
08NM250,2025-02-18,0.904166666666667,0.113927083333333
08NM250,2025-02-19,1.55416666666667,0.0786284722222222
08NM250,2025-02-20,2.14166666666667,0.0886388888888889
08NM250,2025-02-21,2.6375,0.0831493055555556
08NM250,2025-02-22,2.62083333333333,0.0599305555555556
08NM250,2025-02-23,3.1125,0.0522465277777778
08NM250,2025-02-24,3.37083333333333,0.0705034722222222
08NM250,2025-02-25,3.56666666666667,0.0538854166666667
08NM250,2025-02-26,3.65,0.0956180555555556
08NM250,2025-02-27,4.375,0.0649791666666667
08NM250,2025-02-28,4.77083333333333,0.0579583333333333
08NM250,2025-03-01,5.225,0.0535555555555556
08NM250,2025-03-02,5.45416666666667,0.0450590277777778
08NM250,2025-03-03,5.575,0.0495763888888889
08NM250,2025-03-04,5.24166666666667,0.0613263888888889
08NM250,2025-03-05,5.94583333333333,0.0554131944444444
08NM250,2025-03-06,6.24583333333333,0.0584930555555556
08NM250,2025-03-07,5.79583333333333,0.0733541666666667
08NM250,2025-03-08,6.44583333333333,0.0686388888888889
08NM250,2025-03-09,6.54583333333333,0.0739409722222222
08NM250,2025-03-10,6.87083333333333,0.0860138888888889
08NM250,2025-03-11,6.01666666666667,0.0816319444444444
08NM250,2025-03-12,5.21666666666667,0.07703125
08NM250,2025-03-13,5.39583333333333,0.125152777777778
08NM250,2025-03-14,5.06666666666667,0.113083333333333
08NM250,2025-03-15,6.1125,0.103510416666667
08NM250,2025-03-16,5.79583333333333,0.0986736111111111
08NM250,2025-03-17,6.20833333333333,0.0984375
08NM250,2025-03-18,6.25833333333333,0.0937777777777778
08NM250,2025-03-19,6.1875,0.0824097222222222
08NM250,2025-03-20,6.94583333333333,0.0545416666666667
08NM250,2025-03-21,8.03333333333333,0.0911666666666667
08NM250,2025-03-22,8.23333333333333,0.0953055555555556
08NM250,2025-03-23,7.3125,0.0999826388888889
08NM250,2025-03-24,6.34166666666667,0.0957256944444444
08NM250,2025-03-25,7.78333333333333,0.101131944444444
08NM250,2025-03-26,8.92916666666667,0.112805555555556
08NM250,2025-03-27,9.425,0.11484375
08NM250,2025-03-28,10.1458333333333,0.138875
08NM250,2025-03-29,10.5833333333333,0.140625
08NM250,2025-03-30,10.4125,0.132472222222222
08NM250,2025-03-31,11.1083333333333,0.0960277777777778
08NM250,2025-04-01,10.5791666666667,0.0852673611111111
08NM250,2025-04-02,11.7291666666667,0.0876354166666667
08NM250,2025-04-03,11.4291666666667,0.0991944444444444
08NM250,2025-04-04,10.9125,0.113017361111111
08NM250,2025-04-05,10.975,0.0986736111111111
08NM250,2025-04-06,11.7875,0.0970694444444444
08NM250,2025-04-07,14.1833333333333,0.640086805555556
08NM250,2025-04-08,13.3791666666667,0.846628472222222
08NM250,2025-04-09,13.4625,0.943173611111111
08NM250,2025-04-10,14.2458333333333,0.947680555555556
08NM250,2025-04-11,13.9041666666667,0.911069444444444
08NM250,2025-04-12,14.1125,0.894954861111111
08NM250,2025-04-13,13.3708333333333,0.889604166666667
08NM250,2025-04-14,14.2458333333333,0.856375
08NM250,2025-04-15,15.3791666666667,0.838416666666667
08NM250,2025-04-16,14.4791666666667,0.889732638888889
08NM250,2025-04-17,12.8958333333333,0.953677083333333
08NM250,2025-04-18,12.820833333333301,0.934982638888889
08NM250,2025-04-19,15.3625,0.917392361111111
08NM250,2025-04-20,13.7541666666667,0.904638888888889
08NM250,2025-04-21,13.8666666666667,0.851836805555556
08NM250,2025-04-22,12.9916666666667,0.840416666666667
08NM250,2025-04-23,12.570833333333301,0.803215277777778
08NM250,2025-04-24,12.8041666666667,0.72996875
08NM250,2025-04-25,13.625,0.706982638888889
08NM250,2025-04-26,16.9625,0.721673611111111
08NM250,2025-04-27,17.4642857142857,0.746149305555556
08NM250,2025-04-28,NA,0.754982638888889
08NM250,2025-04-29,NA,0.760614583333333
08NM250,2025-04-30,NA,0.70878125
08NM250,2025-05-01,NA,0.695565972222222
08NM250,2025-05-02,NA,0.695972222222222
08NM250,2025-05-03,NA,0.722694444444444
08NM250,2025-05-04,NA,0.737753472222222
08NM250,2025-05-05,NA,0.703822916666667
08NM250,2025-05-06,NA,0.68103472222222206
08NM250,2025-05-07,NA,0.633177083333333
08NM250,2025-05-08,NA,0.608611111111111
08NM250,2025-05-09,NA,0.570614583333333
08NM250,2025-05-10,NA,0.526065972222222
08NM250,2025-05-11,NA,0.51275
08NM250,2025-05-12,NA,0.522180555555556
08NM250,2025-05-13,NA,0.505854166666667
08NM250,2025-05-14,NA,0.509482638888889
08NM250,2025-05-15,16.125,0.511344202898551
08NM250,2025-05-16,17.525,0.507625
08NM250,2025-05-17,17.0125,0.520649305555556
08NM250,2025-05-18,16.6791666666667,0.553798611111111
08NM250,2025-05-19,15.375,0.586885416666667
08NM250,2025-05-20,15.570833333333301,0.622333333333333
08NM250,2025-05-21,15.5125,0.641836805555556
08NM250,2025-05-22,15.8041666666667,0.655690972222222
08NM250,2025-05-23,17.5541666666667,0.677131944444444
08NM250,2025-05-24,19.6083333333333,0.671034722222222
08NM250,2025-05-25,20.5333333333333,0.645354166666667
08NM250,2025-05-26,22.0791666666667,0.641819444444444
08NM250,2025-05-27,19.5,0.636694444444444
08NM250,2025-05-28,18.675,0.638090277777778
08NM250,2025-05-29,21.8625,0.639256944444444
08NM250,2025-05-30,19.8166666666667,0.629621527777778
08NM250,2025-05-31,21.7,0.619871527777778
08NM250,2025-06-01,19.9333333333333,0.590506944444444
08NM250,2025-06-02,17.7583333333333,0.577006944444444
08NM250,2025-06-03,18.3791666666667,0.563104166666667
08NM250,2025-06-04,18.9791666666667,0.5433125
08NM250,2025-06-05,19.55,0.51665625
08NM250,2025-06-06,21.4875,0.478083333333333
08NM250,2025-06-07,21.6625,0.448954861111111
08NM250,2025-06-08,21.0625,0.419100694444444
08NM250,2025-06-09,22.5833333333333,0.393277777777778
08NM250,2025-06-10,22.3,0.362857638888889
08NM250,2025-06-11,22.3833333333333,0.339506944444444
08NM250,2025-06-12,22.85,0.313770833333333
08NM250,2025-06-13,21.9791666666667,0.288725694444444
08NM250,2025-06-14,21.2416666666667,0.262822916666667
08NM250,2025-06-15,20.8291666666667,0.247694444444444
08NM250,2025-06-16,22.0625,0.230663194444444
08NM250,2025-06-17,21.9458333333333,0.211576388888889
08NM250,2025-06-18,21.7916666666667,0.192694444444444
08NM250,2025-06-19,20.2958333333333,0.174888888888889
08NM250,2025-06-20,20.4583333333333,0.147465277777778
08NM250,2025-06-21,17.6666666666667,0.147253472222222
08NM250,2025-06-22,16.6291666666667,0.107045138888889
08NM250,2025-06-23,17.35,0.0527569444444444
08NM250,2025-06-24,16.0791666666667,0.0111770833333333
08NM250,2025-06-25,17.1125,0.00698263888888889
08NM250,2025-06-26,16.7541666666667,0.00576736111111111
08NM250,2025-06-27,16.5708333333333,0.00526041666666667
08NM250,2025-06-28,15.9583333333333,0.00470138888888889
08NM250,2025-06-29,16.3708333333333,0.00389583333333333
08NM250,2025-06-30,17.4958333333333,0.0035
08NM250,2025-07-01,18.6458333333333,0.00306944444444444
08NM250,2025-07-02,19.4083333333333,0.00229166666666667
08NM250,2025-07-03,18.3875,0.00184027777777778
08NM250,2025-07-04,17.1333333333333,0.00193402777777778
08NM250,2025-07-05,17.7208333333333,0.00170833333333333
08NM250,2025-07-06,17.8125,0.00154166666666667
08NM250,2025-07-07,17.7833333333333,0.00140277777777778
08NM250,2025-07-08,18.8833333333333,9.75694444444445e-4
08NM250,2025-07-09,19.5333333333333,0.00240277777777778
08NM250,2025-07-10,17.7291666666667,0.00322222222222222
08NM250,2025-07-11,16.9416666666667,0.00139583333333333
08NM250,2025-07-12,18.5041666666667,7.53472222222222e-4
08NM250,2025-07-13,19.7,8.57638888888889e-4
08NM250,2025-07-14,20.0541666666667,0.00133333333333333
08NM250,2025-07-15,18.1125,0.00280902777777778
08NM250,2025-07-16,18.275,7.63888888888889e-4
08NM250,2025-07-17,18.625,9.02777777777778e-4
08NM250,2025-07-18,18.2416666666667,0.00108680555555556
08NM250,2025-07-19,17.7958333333333,0.00180555555555556
08NM250,2025-07-20,17.6125,0.00270138888888889
08NM250,2025-07-21,18.2375,0.0016875
08NM250,2025-07-22,18.4416666666667,0.0361944444444444
08NM250,2025-07-23,18.1541666666667,0.00466319444444444
08NM250,2025-07-24,19.05,0.00301388888888889
08NM250,2025-07-25,19.1291666666667,0.00258333333333333
08NM250,2025-07-26,17.6083333333333,0.00352777777777778
08NM250,2025-07-27,17.9875,0.00299652777777778
08NM250,2025-07-28,17.7375,0.00385069444444444
08NM250,2025-07-29,18.7,0.00277430555555556
08NM250,2025-07-30,19.475,0.00215972222222222
08NM250,2025-07-31,20.1625,0.00146527777777778
08NM250,2025-08-01,20.8416666666667,0.00115972222222222
08NM250,2025-08-02,20.1,0.00292013888888889
08NM250,2025-08-03,19.9041666666667,0.00166666666666667
08NM250,2025-08-04,19.925,7.22222222222222e-4
08NM250,2025-08-05,19.0375,8.61111111111111e-4
08NM250,2025-08-06,19.05,0.00152083333333333
08NM250,2025-08-07,17.7625,0.00473958333333333
08NM250,2025-08-08,17.7041666666667,0.00154513888888889
08NM250,2025-08-09,18.3583333333333,5.34722222222222e-4
08NM250,2025-08-10,19.5,0
08NM250,2025-08-11,20.6541666666667,0
08NM250,2025-08-12,19.6583333333333,0
08NM250,2025-08-13,20.2166666666667,0
08NM250,2025-08-14,18.6291666666667,0.00101041666666667
08NM250,2025-08-15,18.6458333333333,0.00466319444444444
08NM250,2025-08-16,18.5708333333333,0.00595833333333333
08NM250,2025-08-17,17.9916666666667,0.00124652777777778
08NM250,2025-08-18,17.7125,0.00101736111111111
08NM250,2025-08-19,17.9541666666667,8.15972222222222e-4
08NM250,2025-08-20,17.5541666666667,6.84027777777778e-4
08NM250,2025-08-21,16.8041666666667,1.73611111111111e-5
08NM250,2025-08-22,15.9083333333333,2.70833333333333e-4
08NM250,2025-08-23,16.3416666666667,0
08NM250,2025-08-24,17.0625,0
08NM250,2025-08-25,17.5541666666667,0
08NM250,2025-08-26,18.05,0
08NM250,2025-08-27,18.1291666666667,0
08NM250,2025-08-28,18.9208333333333,0.0572777777777778
08NM250,2025-08-29,20.7458333333333,0.0732152777777778
08NM250,2025-08-30,20.6,0.0622083333333333
08NM250,2025-08-31,19.5375,0.0301736111111111
08NM250,2025-09-01,18.9875,6.66666666666667e-4
08NM250,2025-09-02,19.0291666666667,1.73611111111111e-4
08NM250,2025-09-03,19.0541666666667,0
08NM250,2025-09-04,18.9166666666667,0.00236111111111111
08NM250,2025-09-05,18.5125,0.137041666666667
08NM250,2025-09-06,19.4875,0.133770833333333
08NM250,2025-09-07,19.8083333333333,0.0789236111111111
08NM250,2025-09-08,18.1041666666667,0.0181111111111111
08NM250,2025-09-09,17.7791666666667,0.00173263888888889
08NM250,2025-09-10,17.1416666666667,5.52083333333333e-4
08NM250,2025-09-11,16.8458333333333,2.77777777777778e-4
08NM250,2025-09-12,18.2541666666667,0.104069444444444
08NM250,2025-09-13,18.9875,0.101163194444444
08NM250,2025-09-14,19.6,0.0951388888888889
08NM250,2025-09-15,18.7833333333333,0.0888645833333333
08NM250,2025-09-16,18.6208333333333,0.0819895833333333
08NM250,2025-09-17,18.4833333333333,0.0786631944444444
08NM250,2025-09-18,18.7166666666667,0.0693159722222222
08NM250,2025-09-19,17.4666666666667,0.0512152777777778
08NM250,2025-09-20,16.1916666666667,0.03928125
08NM250,2025-09-21,17.0583333333333,0.0259756944444444
08NM250,2025-09-22,15.195833333333301,0.0104583333333333
08NM250,2025-09-23,14.4666666666667,0.00161458333333333
08NM250,2025-09-24,14.4166666666667,0.00726041666666667
08NM250,2025-09-25,15.1875,0.0650798611111111
08NM250,2025-09-26,14.525,0.0776944444444444
08NM250,2025-09-27,14.9833333333333,0.0772083333333333
08NM250,2025-09-28,15.2625,0.0773402777777778
08NM250,2025-09-29,15.1041666666667,0.0785972222222222
08NM250,2025-09-30,15.3458333333333,0.0798368055555556
08NM250,2025-10-01,15.2833333333333,0.0622569444444444
08NM250,2025-10-02,14.2708333333333,0.0213715277777778
08NM250,2025-10-03,13.0833333333333,0.00197916666666667
08NM250,2025-10-04,12.9,0.00105555555555556
08NM250,2025-10-05,11.55,3.81944444444444e-4
08NM250,2025-10-06,11.1916666666667,0.00200694444444444
08NM250,2025-10-07,11.7833333333333,0.0819479166666667
08NM250,2025-10-08,12.7833333333333,0.0899895833333333
08NM250,2025-10-09,12.975,0.0887013888888889
08NM250,2025-10-10,12.383333333333301,0.0887638888888889
08NM250,2025-10-11,12.1833333333333,0.0858402777777778
08NM250,2025-10-12,10.9583333333333,0.0885486111111111
08NM250,2025-10-13,9.6,0.0843055555555556
08NM250,2025-10-14,8.03333333333333,0.0825868055555556
08NM250,2025-10-15,7.17916666666667,0.0811180555555556
08NM250,2025-10-16,7.17083333333333,0.0802291666666667
08NM250,2025-10-17,8.62916666666667,0.0812673611111111
08NM250,2025-10-18,8.57916666666667,0.0811875
08NM250,2025-10-19,8.71666666666667,0.08390625
08NM250,2025-10-20,9,0.0753993055555556
08NM250,2025-10-21,9.225,0.058
08NM250,2025-10-22,8.47916666666667,0.0469930555555556
08NM250,2025-10-23,8.49166666666667,0.0338020833333333
08NM250,2025-10-24,8.825,0.0257777777777778
08NM250,2025-10-25,9.10416666666667,0.0346041666666667
08NM250,2025-10-26,8.58333333333333,0.0178402777777778
08NM250,2025-10-27,8.08333333333333,0.00763541666666667
08NM250,2025-10-28,6.79166666666667,0.00636458333333333
08NM250,2025-10-29,6.70416666666667,0.00725347222222222
08NM250,2025-10-30,6.65,0.00660416666666667
08NM250,2025-10-31,5.7625,0.0839305555555555
08NM250,2025-11-01,6.575,0.157666666666667
08NM250,2025-11-02,6.825,0.162569444444444
08NM250,2025-11-03,6.4375,0.159993055555556
08NM250,2025-11-04,5.325,0.15625
08NM250,2025-11-05,5.27083333333333,0.158548611111111
08NM250,2025-11-06,5.9125,0.141579861111111
08NM250,2025-11-07,7.0875,0.0906493055555556
08NM250,2025-11-08,6.2375,0.0218229166666667
08NM250,2025-11-09,6.02083333333333,0.0113541666666667
08NM250,2025-11-10,6.40416666666667,0.00628125
08NM250,2025-11-11,7.1875,0.00613541666666667
08NM250,2025-11-12,6.7375,0.00615972222222222
08NM250,2025-11-13,7.05416666666667,0.00605555555555556
08NM250,2025-11-14,7.56666666666667,0.00678125
08NM250,2025-11-15,7.25416666666667,0.00941666666666667
08NM250,2025-11-16,7.3625,0.00536111111111111
08NM250,2025-11-17,8.16666666666667,0.00549305555555556
08NM250,2025-11-18,8.67083333333333,0.0245208333333333
08NM250,2025-11-19,7.45,0.00663194444444444
08NM250,2025-11-20,6.80416666666667,0.00602083333333333
08NM250,2025-11-21,5.60416666666667,0.00627430555555556
08NM250,2025-11-22,5.8625,0.00720138888888889
08NM250,2025-11-23,6.7875,0.00752777777777778
08NM250,2025-11-24,6.6375,0.00681597222222222
08NM250,2025-11-25,5.25,0.00598263888888889
08NM250,2025-11-26,4.58333333333333,0.00601041666666667
08NM250,2025-11-27,5.10833333333333,0.0128819444444444
08NM250,2025-11-28,4.52916666666667,0.00975694444444444
08NM250,2025-11-29,3.6375,0.00604861111111111
08NM250,2025-11-30,2.77083333333333,0.00600347222222222
08NM250,2025-12-01,2.91666666666667,0.00618055555555556
08NM250,2025-12-02,3.32916666666667,0.00871527777777778
08NM250,2025-12-03,3.84166666666667,0.00628472222222222
08NM250,2025-12-04,3.87083333333333,0.007625
08NM250,2025-12-05,3.81666666666667,0.0105277777777778
08NM250,2025-12-06,3.66666666666667,0.0312534722222222
08NM250,2025-12-07,3.78333333333333,0.0442951388888889
08NM250,2025-12-08,3.19583333333333,0.292916666666667
08NM250,2025-12-09,3.7625,0.287864583333333
08NM250,2025-12-10,4.1375,0.284302083333333
08NM250,2025-12-11,4.4375,0.27975
08NM250,2025-12-12,4.36666666666667,0.271923611111111
08NM250,2025-12-13,4.0375,0.274284722222222
08NM250,2025-12-14,3.8625,0.255763888888889
08NM250,2025-12-15,4.45,0.247197916666667
08NM250,2025-12-16,4.70833333333333,0.251732638888889
08NM250,2025-12-17,4.3125,0.256628472222222
08NM250,2025-12-18,3.82916666666667,0.245659722222222
08NM250,2025-12-19,3.29583333333333,0.246190972222222
08NM250,2025-12-20,2.63333333333333,0.236951388888889
08NM250,2025-12-21,2.30833333333333,0.228590277777778
08NM250,2025-12-22,2,0.22109375
08NM250,2025-12-23,1.83333333333333,0.211822916666667
08NM250,2025-12-24,2.04166666666667,0.205572916666667
08NM250,2025-12-25,2.04583333333333,0.197944444444444
08NM250,2025-12-26,2.27916666666667,0.199256944444444
08NM250,2025-12-27,1.06666666666667,0.186378472222222
08NM250,2025-12-28,-0.1,0.174173611111111
08NM250,2025-12-29,-0.075,0.157541666666667
08NM250,2025-12-30,-0.0833333333333333,0.144055555555556
08NM250,2025-12-31,0.245833333333333,0.16684375
08NM250,2026-01-01,0.516666666666667,0.164222222222222
08NM250,2026-01-02,1.1375,0.162291666666667
08NM250,2026-01-03,1.575,0.162743055555556
08NM250,2026-01-04,1.78333333333333,0.164934027777778
08NM250,2026-01-05,1.82916666666667,0.1638125
08NM250,2026-01-06,1.64583333333333,0.161604166666667
08NM250,2026-01-07,1.67083333333333,0.158972222222222
08NM250,2026-01-08,1.52083333333333,0.155861111111111
08NM250,2026-01-09,1.85,0.150555555555556
08NM250,2026-01-10,2.21666666666667,0.14403125
08NM250,2026-01-11,2.25833333333333,0.142958333333333
08NM250,2026-01-12,2.62083333333333,0.142784722222222
08NM250,2026-01-13,2.9875,0.139409722222222
08NM250,2026-01-14,2.51666666666667,0.134878472222222
08NM250,2026-01-15,2.99166666666667,0.133885416666667
08NM250,2026-01-16,2.25,0.128506944444444
08NM250,2026-01-17,2.25833333333333,0.122736111111111
08NM250,2026-01-18,2.00416666666667,0.125003472222222
08NM250,2026-01-19,1.79166666666667,0.125704861111111
08NM250,2026-01-20,1.68333333333333,0.125100694444444
08NM250,2026-01-21,1.7125,0.12396875
08NM250,2026-01-22,1.59583333333333,0.122815972222222
08NM250,2026-01-23,1.2375,0.120798611111111
08NM250,2026-01-24,0.179166666666667,0.100586805555556
08NM250,2026-01-25,-0.1125,0.0958229166666667
08NM250,2026-01-26,0.0833333333333333,0.096
08NM250,2026-01-27,1.27083333333333,0.0978506944444444
08NM250,2026-01-28,1.96666666666667,0.1036875
08NM250,2026-01-29,3.11666666666667,0.11065625
08NM250,2026-01-30,3.69583333333333,0.112315972222222
08NM250,2026-01-31,3.225,0.111256944444444
08NM250,2026-02-01,3.48333333333333,0.115190972222222
08NM250,2026-02-02,3.2875,0.114934027777778
08NM250,2026-02-03,3.54583333333333,0.112850694444444
08NM250,2026-02-04,3.88333333333333,0.111440972222222
08NM250,2026-02-05,3.4125,0.110017361111111
08NM250,2026-02-06,3.95416666666667,0.109892361111111
08NM250,2026-02-07,3.89583333333333,0.108461805555556
08NM250,2026-02-08,3.64583333333333,0.107305555555556
08NM250,2026-02-09,2.93333333333333,0.106534722222222
08NM250,2026-02-10,3.2,0.100795138888889
08NM250,2026-02-11,3.65,0.0900590277777778
08NM250,2026-02-12,2.97083333333333,0.0847361111111111
08NM250,2026-02-13,3.95,0.0871805555555556
08NM250,2026-02-14,4.3875,0.0776944444444445
08NM250,2026-02-15,3.0875,0.0618125
08NM250,2026-02-16,2.80833333333333,0.0612777777777778
08NM250,2026-02-17,2.98333333333333,0.0651770833333333
08NM250,2026-02-18,2.45833333333333,0.0511805555555556
08NM250,2026-02-19,0.479166666666667,0.0321284722222222
08NM250,2026-02-20,-0.116666666666667,0.0290243055555556
08NM250,2026-02-21,-0.0375,0.0302916666666667
08NM250,2026-02-22,0.25,0.0286145833333333
08NM250,2026-02-23,1.46666666666667,0.0283159722222222
08NM250,2026-02-24,2.29166666666667,0.0295729166666667
08NM250,2026-02-25,2.12916666666667,0.02965625
08NM250,2026-02-26,3.46666666666667,0.0240694444444444
08NM250,2026-02-27,4.7125,0.0170833333333333
08NM250,2026-02-28,5.12916666666667,0.0133958333333333
08NM250,2026-03-01,3.80833333333333,0.00640277777777778
08NM250,2026-03-02,2.84583333333333,0.00597569444444444
08NM250,2026-03-03,3.58333333333333,0.00596180555555556
08NM250,2026-03-04,4.89166666666667,0.00620486111111111
08NM250,2026-03-05,5.21666666666667,0.0064375
08NM250,2026-03-06,5.70833333333333,0.00505208333333333
08NM250,2026-03-07,7.05833333333333,0.00501041666666667
08NM250,2026-03-08,7.64583333333333,0.00637152777777778
08NM250,2026-03-09,5.32083333333333,0.00577083333333333
08NM250,2026-03-10,3.9,0.0055625
08NM250,2026-03-11,3.95,0.00593402777777778
08NM250,2026-03-12,4.3125,0.00742361111111111
08NM250,2026-03-13,4.06666666666667,0.0051875
08NM250,2026-03-14,4.225,0.00595486111111111
08NM250,2026-03-15,3.11666666666667,0.00519791666666667
08NM250,2026-03-16,2.40416666666667,0.0122743055555556
08NM250,2026-03-17,3.94166666666667,0.00675347222222222
08NM250,2026-03-18,7.57083333333333,0.00530208333333333
08NM250,2026-03-19,9.89583333333333,0.00491666666666667
08NM250,2026-03-20,10.5625,0.0046875
08NM250,2026-03-21,9.25,0.00436805555555556
08NM250,2026-03-22,7.30833333333333,0.00421527777777778
08NM250,2026-03-23,6.79583333333333,0.00409722222222222
08NM250,2026-03-24,6.94166666666667,0.00739236111111111
08NM250,2026-03-25,7.00416666666667,0.00455902777777778
08NM250,2026-03-26,7.8125,0.134253472222222
08NM250,2026-03-27,7.6375,0.144430555555556
08NM250,2026-03-28,8.3375,0.144479166666667
08NM250,2026-03-29,8.13333333333333,0.139520833333333
08NM250,2026-03-30,6.87083333333333,0.131923611111111
08NM250,2026-03-31,6.59583333333333,0.125534722222222
08NM250,2026-04-01,7.62916666666667,0.119427083333333
08NM250,2026-04-02,8.27083333333333,0.115815972222222
08NM250,2026-04-03,8.80833333333333,0.113302083333333
08NM250,2026-04-04,9.81666666666667,0.1059375
08NM250,2026-04-05,10.7,0.0978993055555556
08NM250,2026-04-06,11.0375,0.0952222222222222
08NM250,2026-04-07,10.1416666666667,0.0909722222222222
08NM250,2026-04-08,9.72083333333333,0.0838993055555556
08NM250,2026-04-09,8.98333333333333,0.00893402777777778
08NM250,2026-04-10,9.29583333333333,0.00430902777777778
08NM250,2026-04-11,10.758333333333301,0.0040625
08NM250,2026-04-12,11.4916666666667,0.0120034722222222
08NM250,2026-04-13,11.85,0.0045
08NM250,2026-04-14,10.7791666666667,0.00392013888888889
08NM250,2026-04-15,9.30833333333333,0.00400694444444444
08NM250,2026-04-16,8.3625,0.00397569444444444
08NM250,2026-04-17,8.98333333333333,0.00398958333333333
08NM250,2026-04-18,8.675,0.00395833333333333
08NM250,2026-04-19,10.35,0.00377083333333333
08NM250,2026-04-20,11.6416666666667,0.00327083333333333
08NM250,2026-04-21,13.0583333333333,0.00310763888888889
08NM250,2026-04-22,13.6916666666667,0.00303472222222222
08NM250,2026-04-23,11.8041666666667,0.00383680555555556
08NM250,2026-04-24,9.42916666666667,0.00536805555555556
08NM250,2026-04-25,8.64166666666667,0.0075347222222222204
08NM250,2026-04-26,8.4125,0.00734722222222222
08NM250,2026-04-27,8.74166666666667,0.00716319444444444
08NM250,2026-04-28,10.1708333333333,0.006625
08NM250,2026-04-29,10.9833333333333,0.00676736111111111
08NM250,2026-04-30,11.6166666666667,0.00571180555555556
08NM250,2026-05-01,12.925,0.00557291666666667
08NM250,2026-05-02,13.5208333333333,0.00514930555555556
08NM250,2026-05-03,13.7208333333333,0.00378125
08NM250,2026-05-04,14.2083333333333,0.00274652777777778
08NM250,2026-05-05,14.3875,9.20138888888889e-4
08NM250,2026-05-06,14.5666666666667,3.47222222222222e-4
08NM250,2026-05-07,14.75,4.65277777777778e-4
08NM250,2026-05-08,14.5458333333333,6.00694444444444e-4
08NM250,2026-05-09,13.3583333333333,2.70833333333333e-4
08NM250,2026-05-10,14.2291666666667,0
08NM250,2026-05-11,14.1791666666667,0
08NM250,2026-05-12,13.875,0
08NM250,2026-05-13,14.508333333333301,0.00861111111111111
08NM250,2026-05-14,12.5833333333333,0.00353472222222222
08NM250,2026-05-15,12.2125,0.00125694444444444
08NM250,2026-05-16,10.975,0.00339236111111111
08NM250,2026-05-17,10.9916666666667,0.00161458333333333
08NM250,2026-05-18,12.1291666666667,4.0625e-4
08NM250,2026-05-19,12.6791666666667,0
08NM250,2026-05-20,12.6916666666667,9.72222222222222e-5
08NM250,2026-05-21,12.7708333333333,2.77777777777778e-5
08NM250,2026-05-22,13.3166666666667,0
08NM250,2026-05-23,14.5166666666667,0
08NM250,2026-05-24,15.1125,0
08NM250,2026-05-25,15.6291666666667,0
08NM250,2026-05-26,15.2083333333333,0
08NM250,2026-05-27,15.008333333333301,0
08NM250,2026-05-28,16.1666666666667,0
08NM250,2026-05-29,18.0166666666667,0.00768402777777778
08NM250,2026-05-30,15.1208333333333,5.59027777777778e-4
08NM250,2026-05-31,14.8625,0
08NM250,2026-06-01,14.6291666666667,0
08NM250,2026-06-02,13.6833333333333,0
08NM250,2026-06-03,15.6125,0
08NM250,2026-06-04,15.9666666666667,0.00130555555555556
08NM250,2026-06-05,15.3791666666667,0
08NM250,2026-06-06,14.2083333333333,0
08NM250,2026-06-07,12.8625,0
08NM250,2026-06-08,12.5208333333333,0
08NM250,2026-06-09,13.5041666666667,7.08333333333333e-4
08NM250,2026-06-10,13.3,0.00153472222222222
08NM250,2026-06-11,13.5458333333333,0
08NM250,2026-06-12,14.7875,0
08NM250,2026-06-13,14.7625,0
08NM250,2026-06-14,15.2291666666667,0
08NM250,2026-06-15,17.2458333333333,0
08NM250,2026-06-16,17.65,0
08NM250,2026-06-17,16.5208333333333,0
08NM250,2026-06-18,15.3125,0
08NM250,2026-06-19,15.570833333333301,0
08NM250,2026-06-20,16.9916666666667,0
08NM250,2026-06-21,15.9916666666667,0
08NM250,2026-06-22,15.5458333333333,0
08NM250,2026-06-23,17.0416666666667,0
08NM250,2026-06-24,18.6166666666667,0
08NM250,2026-06-25,19.595652173913,0
08NM250,2026-06-26,19.3083333333333,0
08NM250,2026-06-27,17.725,1.73611111111111e-4
08NM250,2026-06-28,16.075,0
08NM250,2026-06-29,16.8666666666667,0
08NM250,2026-06-30,17.9695652173913,0
08NM250,2026-07-01,17.8375,0
08NM250,2026-07-02,15.9625,0
08NM250,2026-07-03,16.9041666666667,0
08NM250,2026-07-04,17.575,0
08NM250,2026-07-05,16.7333333333333,0
08NM250,2026-07-06,16.5166666666667,0
08NM250,2026-07-07,17.9909090909091,0
08NM250,2026-07-08,21.0416666666667,0
08NM250,2026-07-09,19.1333333333333,0
08NM250,2026-07-10,19.9416666666667,0
08NM250,2026-07-11,21.4166666666667,0
08NM250,2026-07-12,17.8791666666667,0
08NM250,2026-07-13,17.2333333333333,0
08NM250,2026-07-14,18.4695652173913,0
08NM250,2026-07-15,21.4227272727273,0
08NM250,2026-07-16,20.9695652173913,0
08NM250,2026-07-17,22.0904761904762,0
08NM250,2026-07-18,20.5045454545455,0
08NM250,2026-07-19,19.0666666666667,0
08NM250,2026-07-20,20.1291666666667,0
08NM250,2026-07-21,20.9227272727273,0
08NM250,2026-07-22,20.69,0
08NM250,2026-07-23,21.7727272727273,0
08NM250,2026-07-24,21.8818181818182,0
08NM250,2026-07-25,21.8958333333333,0
08NM250,2026-07-26,20.0083333333333,0
08NM250,2026-07-27,21.1083333333333,0
08NM250,2026-07-28,19.7714285714286,0
08NM250,2026-07-29,18.4,0
08NM250,2026-07-30,18.7173913043478,0
08NM250,2026-07-31,19.4130434782609,0
08NM250,2026-08-01,19.9272727272727,0
08NM250,2026-08-02,18.0708333333333,0
08NM250,2026-08-03,17.5833333333333,0
08NM250,2026-08-04,17.1333333333333,0
08NM250,2026-08-05,18.5260869565217,0
08NM250,2026-08-06,19.5125,0
08NM250,2026-08-07,18.7909090909091,0
08NM250,2026-08-08,20.8727272727273,0
08NM250,2026-08-09,20.3,0
08NM250,2026-08-10,20.925,0
08NM250,2026-08-11,19.9772727272727,0
08NM250,2026-08-12,21.7375,0
08NM250,2026-08-13,20.5391304347826,0
08NM250,2026-08-14,19.1958333333333,0
08NM250,2026-08-15,19.9541666666667,0
08NM250,2026-08-16,20.8166666666667,0
08NM250,2026-08-17,20.1958333333333,0
08NM250,2026-08-18,21.7521739130435,0
08NM250,2026-08-19,20.0285714285714,0
08NM250,2026-08-20,20.605,0
08NM250,2026-08-21,20.4045454545455,0
08NM250,2026-08-22,22.6782608695652,0
08NM250,2026-08-23,19.1391304347826,6.42361111111111e-4
08NM250,2026-08-24,15.8166666666667,0
08NM250,2026-08-25,17.5083333333333,0
08NM250,2026-08-26,18.3166666666667,0
08NM250,2026-08-27,18.3619047619048,0
